Workbook

Sheet Sample Info
C3: ALCHEMY Laboratory & Services Sdn. Bhd. (Company No: 903112 K) | F3: SAMM NO. 554
C4: 326B, 1st Floor, Lot 2520, Jalan Hiliran, Mukim Losong,
C5: 20300, Kuala Terengganu, Terengganu, Malaysia.
C6: Tel: +609- 622 4166, Fax: +609- 622 4177
E8: Report No : | F8: TR/BP/14798/25 - TR/BP/14823/25
E10: Date : | F10: 45976
E11: Pages : | F11: 20
C13: CERTIFICATE OF ANALYSIS
B14: Phytoplankton: Sample Information
B16: Client Name: | C16: Chemsain Konsultant Sdn. Bhd.
B17: Client Address: | C17: Lot 2, Taman Perindustrian Suria,
C18: Lorong Buah Duku 1,
C19: 88450, Kolombong,
C20: Sabah
B22: Type of Sample: | C22: Marine
B23: Sample Marking: | C23: S#
B24: Number of samples: | C24: 26
B25: Date Received: | C25: 45960
B26: Gear used: | C26: Plankton net
B27: Net diameter: | C27: 50 | D27: cm | I27: Mouth surface area: | K27: =PI()*(C27/200)^2 -> 0.19634954 | L27: m2
B28: Net mesh: | C28: 69 | D28: mm
B29: Tow type: | C29: vertical
B30: Filtered volume: | C30: (see results table)
B31: Method of Analysis: | C31: SOP No.: ALC_B_003
B32: Comments: | C32: based on APHA 10200 F
B36: The details above are provided by the client. The reported results refer to sample(s) submitted by client only.
B38: Authorized by:
B42: ……………………………………………
B43: Muhammad Firdaus Bin Daud
B44: Marine Biologist
B45: BSc.(Marine Science)

Sheet Sample List
A1: ALCHEMY Laboratory & Services Sdn Bhd
B3: Client: | C3: Chemsain Konsultant Sdn. Bhd.
B4: Institution: | C4: Chemsain Konsultant Sdn. Bhd.
B5: Description: | C5: Marine water
B7: Date Received | C7: Sample Marking | D7: Date of Analysis | E7: Reference ID | F7: Report No.
A8: 1 | B8: 45960 | C8: S1 | D8: 45973 | E8: BP14798 | F8: TR/BP/14798/25
A9: 2 | B9: 45960 | C9: S2 | D9: 45973 | E9: BP14799 | F9: TR/BP/14799/25
A10: 3 | B10: 45960 | C10: S3 | D10: 45973 | E10: BP14800 | F10: TR/BP/14800/25
A11: 4 | B11: 45960 | C11: S4 | D11: 45973 | E11: BP14801 | F11: TR/BP/14801/25
A12: 5 | B12: 45960 | C12: S5 | D12: 45973 | E12: BP14802 | F12: TR/BP/14802/25
A13: 6 | B13: 45960 | C13: S6 | D13: 45973 | E13: BP14803 | F13: TR/BP/14803/25
A14: 7 | B14: 45960 | C14: S7 | D14: 45973 | E14: BP14804 | F14: TR/BP/14804/25
A15: 8 | B15: 45960 | C15: S8 | D15: 45973 | E15: BP14805 | F15: TR/BP/14805/25
A16: 9 | B16: 45960 | C16: S9 | D16: 45973 | E16: BP14806 | F16: TR/BP/14806/25
A17: 10 | B17: 45960 | C17: S10 | D17: 45973 | E17: BP14807 | F17: TR/BP/14807/25
A18: 11 | B18: 45960 | C18: S11 | D18: 45973 | E18: BP14808 | F18: TR/BP/14808/25
A19: 12 | B19: 45960 | C19: S12 | D19: 45973 | E19: BP14809 | F19: TR/BP/14809/25
... A33: 26 | B33: 45960 | C33: S26 | D33: 45976 | E33: BP14823 | F33: TR/BP/14823/25

Sheet Phytopl Count
A1: ALCHEMY Laboratory & Services Sdn Bhd
A2: Phytoplankton Data Sheet : Raw Count Data
F3: Reference ID: | G3: BP14798 | H3: BP14799 | I3: BP14800 | J3: BP14801 | K3: BP14802 | L3: BP14803 | M3: BP14804 | N3: BP14805 | O3: BP14806 | P3: BP14807 | Q3: BP14808 | R3: BP14809 | S3: BP14810 | T3: BP14811 | U3: BP14812 | V3: BP14813 | W3: BP14814 | X3: BP14815 | Y3: BP14816 | Z3: BP14817 | AA3: BP14818 | AB3: BP14819 | AC3: BP14820 | AD3: BP14821 | AE3: BP14822 | AF3: BP14823
F4: Sample Marking: | G4: S1 | H4: S2 | I4: S3 | J4: S4 | K4: S5 | L4: S6 | M4: S7 | N4: S8 | O4: S9 | P4: S10 | Q4: S11 | R4: S12 | S4: S13 | T4: S14 | U4: S15 | V4: S16 | W4: S17 | X4: S18 | Y4: S19 | Z4: S20 | AA4: S21 | AB4: S22 | AC4: S23 | AD4: S24 | AE4: S25 | AF4: S26
F5: Date: | G5: 42701 | H5: 42701 | I5: 42701 | J5: 42701
F6: Time:
F7: Tow distance(m): | G7: 10 | H7: 10 | I7: 10 | J7: 10 | K7: 10 | L7: 10 | M7: 10 | N7: 10 | O7: 10 | P7: 10 | Q7: 10 | R7: 10 | S7: 10 | T7: 10 | U7: 10 | V7: 10 | W7: 10 | X7: 10 | Y7: 10 | Z7: 10 | AA7: 10 | AB7: 10 | AC7: 10 | AD7: 10 | AE7: 10 | AF7: 10
F8: Volume Filtered (L): | G8: ='Sample Info'!$K$27*'Phytopl Count'!G7*1000 -> 1963.4954 | H8: ='Sample Info'!$K$27*'Phytopl Count'!H7*1000 -> 1963.4954 | I8: ='Sample Info'!$K$27*'Phytopl Count'!I7*1000 -> 1963.4954 | J8: ='Sample Info'!$K$27*'Phytopl Count'!J7*1000 -> 1963.4954 | K8: ='Sample Info'!$K$27*'Phytopl Count'!K7*1000 -> 1963.4954 | L8: ='Sample Info'!$K$27*'Phytopl Count'!L7*1000 -> 1963.4954 | M8: ='Sample Info'!$K$27*'Phytopl Count'!M7*1000 -> 1963.4954 | N8: ='Sample Info'!$K$27*'Phytopl Count'!N7*1000 -> 1963.4954 | ... AF8: ='Sample Info'!$K$27*'Phytopl Count'!AF7*1000 -> 1963.4954
F9: Volume of sample(ml): | G9: 20 | H9: 30 | I9: 35 | J9: 25 | K9: 20 | L9: 15 | M9: 25 | N9: 30 | O9: 20 | P9: 20 | Q9: 25 | R9: 20 | S9: 30 | T9: 30 | U9: 20 | V9: 25 | W9: 30 | X9: 20 | Y9: 15 | Z9: 65 | AA9: 20 | AB9: 25 | AC9: 20 | AD9: 20 | AE9: 15 | AF9: 40
F10: SR cell volume(ml): | G10: 0.159 | H10: 0.159 | I10: 0.159 | J10: 0.159 | K10: 0.159 | L10: 0.159 | M10: 0.159 | N10: 0.159 | O10: 0.159 | P10: 0.159 | Q10: 0.159 | R10: 0.159 | S10: 0.159 | T10: 0.159 | U10: 0.159 | V10: 0.159 | W10: 0.159 | X10: 0.159 | Y10: 0.159 | Z10: 0.159 | AA10: 0.159 | AB10: 0.159 | AC10: 0.159 | AD10: 0.159 | AE10: 0.159 | AF10: 0.159
F11: No. SR cells counted: | G11: 3 | H11: 2 | I11: 2 | J11: 2 | K11: 2 | L11: 2 | M11: 2 | N11: 2 | O11: 2 | P11: 2 | Q11: 2 | R11: 2 | S11: 2 | T11: 2 | U11: 2 | V11: 2 | W11: 2 | X11: 2 | Y11: 2 | Z11: 2 | AA11: 2 | AB11: 2 | AC11: 2 | AD11: 2 | AE11: 2 | AF11: 2
F12: Volume counted(ml): | G12: =G10*G11 -> 0.477 | H12: =H10*H11 -> 0.318 | I12: =I10*I11 -> 0.318 | J12: =J10*J11 -> 0.318 | K12: =K10*K11 -> 0.318 | L12: =L10*L11 -> 0.318 | M12: =M10*M11 -> 0.318 | N12: =N10*N11 -> 0.318 | ... AF12: =AF10*AF11 -> 0.318
F13: Dilution factor: | G13: =IF(G8=0,"",G9/G12) -> 41.928721 | H13: =IF(H8=0,"",H9/H12) -> 94.339623 | I13: =IF(I8=0,"",I9/I12) -> 110.06289 | J13: =IF(J8=0,"",J9/J12) -> 78.616352 | K13: =IF(K8=0,"",K9/K12) -> 62.893082 | L13: =IF(L8=0,"",L9/L12) -> 47.169811 | M13: =IF(M8=0,"",M9/M12) -> 78.616352 | N13: =IF(N8=0,"",N9/N12) -> 94.339623 | ... AF13: =IF(AF8=0,"",AF9/AF12) -> 125.78616
A14: Phylum: | B14: Heterokontophyta
B15: Class: | C15: Bacillariophyceae
C16: Order: | D16: Bacillariales
D17: Family: | E17: Bacillariaceae
F18: Bacillaria
E19: Genus: | F19: Cylindrotheca | O19: 1
F20: Pseudo-nitzschia
F21: Nitzschia | G21: 29 | H21: 48 | I21: 20 | J21: 13 | K21: 22 | L21: 32 | M21: 2 | N21: 32 | O21: 26 | P21: 56 | Q21: 22 | R21: 12 | S21: 7 | T21: 118 | U21: 20 | V21: 12 | W21: 26 | X21: 14 | Y21: 3 | Z21: 232 | AA21: 10 | AB21: 10 | AC21: 28 | AD21: 69 | AE21: 3 | AF21: 2
C22: Order: | D22: Achnanthales
D23: Family: | E23: Achnanthaceae
E24: Genus: | F24: Achnanthes | Z24: 3
D25: Family: | E25: Cocconeidaceae
E26: Genus: | F26: Cocconeis
C27: Order: | D27: Fragilariales
D28: Family: | E28: Fragilariaceae
E29: Genus: | F29: Fragilaria
D30: Family: | E30: Staurosiraceae
E31: Genus: | F31: Staurosira
C32: Order: | D32: Surirellales
D33: Family: | E33: Entomoneidaceae
E34: Genus: | F34: Entomoneis
D35: Family: | E35: Surirellaceae
E36: Genus: | F36: Surirella
C37: Order: | D37: Rhabdonematales
D38: Family: | E38: Grammatophoraceae
E39: Genus: | F39: Grammatophora | H39: 23 | I39: 6 | J39: 1 | K39: 7 | L39: 19 | M39: 1 | N39: 6 | O39: 4 | P39: 56 | Q39: 7 | R39: 20 | S39: 5 | T39: 52 | U39: 2 | V39: 8 | X39: 14 | AA39: 4 | AD39: 3
C40: Order: | D40: Rhaphoneidales
D41: Family: | E41: Asterionellopsidaceae
E42: Genus: | F42: Asterionellopsis
D43: Family: | E43: Tabellariaceae
E44: Genus: | F44: Asterionella
C45: Order: | D45: Licmophorales
D46: Family: | E46: Licmophoraceae
E47: Genus: | F47: Licmophora | J47: 3 | R47: 1 | T47: 2 | V47: 1 | W47: 2 | Z47: 22 | AA47: 1 | AC47: 13 | AD47: 12
D48: Family: | E48: Ulnariaceae
E49: Genus: | F49: Ulnaria
C50: Order: | D50: Thalassionematales
D51: Family: | E51: Thalassionemataceae
F52: Thalassionema
E53: Genus: | F53: Thalassiothrix | G53: 7 | H53: 10 | I53: 2 | J53: 1 | K53: 6 | L53: 3 | M53: 1 | N53: 5 | O53: 7 | P53: 6 | Q53: 2 | R53: 1 | S53: 2 | T53: 1 | V53: 1 | W53: 1 | Y53: 1 | Z53: 1 | AA53: 2 | AC53: 6 | AD53: 2 | AE53: 1 | AF53: 2
C54: Order: | D54: Thalassiophysales
D55: Family: | E55: Catenulaceae
E56: Genus: | F56: Amphora | U56: 1
C57: Order: | D57: Naviculales
D58: Family: | E58: Diadesmidaceae
E59: Genus: | F59: Diadesmis
D60: Family: | E60: Diploneidaceae
E61: Genus: | F61: Diploneis
D62: Family: | E62: Naviculaceae
F63: Gyrosigma
E64: Genus: | F64: Haslea | K64: 2 | M64: 1 | N64: 1 | O64: 2 | Q64: 2 | W64: 2 | AB64: 1 | AD64: 2 | AE64: 1
F65: Navicula
D66: Family: | E66: Pinnulariaceae
E67: Genus: | F67: Pinnularia
D68: Family: | E68: Plagiotropidaceae
E69: Genus: | F69: Meuniera
F70: Plagiolemma
D71: Family: | E71: Pleurosigmataceae
E72: Genus: | F72: Pleurosigma | K72: 2
B74: Class: | C74: Coscinodiscophyceae
C75: Order: | D75: Asterolamprales
D76: Family: | E76: Asterolampraceae
E77: Genus: | F77: Asterolampra | H77: 1 | K77: 1 | N77: 1 | O77: 2 | P77: 1 | R77: 1 | S77: 1 | U77: 2 | V77: 2 | Z77: 1 | AB77: 1 | AC77: 1 | AE77: 1 | AF77: 3
F78: Asteromphalus | V78: 1
C79: Order: | D79: Aulacoseirales
D80: Family: | E80: Aulacoseiraceae
E81: Genus: | F81: Aulacoseira
C82: Order: | D82: Melosirales
D83: Family: | E83: Melosiraceae
E84: Genus: | F84: Melosira
D85: Family: | E85: Paraliaceae
E86: Genus: | F86: Paralia | Q86: 1
C87: Order: | D87: Stephanopyxales
D88: Family: | E88: Stephanopyxidaceae
E89: Genus: | F89: Stephanopyxis
C90: Order: | D90: Corethrales
D91: Family: | E91: Corethraceae
E92: Genus: | F92: Corethron | R92: 1 | AC92: 1 | AF92: 1
C93: Order: | D93: Coscinodiscales
D94: Family: | E94: Coscinodiscaceae
E95: Genus: | F95: Coscinodiscus | G95: 5 | H95: 14 | I95: 1 | J95: 7 | K95: 6 | L95: 2 | N95: 5 | O95: 11 | P95: 3 | Q95: 3 | R95: 1 | S95: 2 | T95: 2 | U95: 6 | V95: 4 | W95: 1 | Y95: 3 | AA95: 2 | AB95: 1 | AC95: 6 | AD95: 7 | AE95: 2 | AF95: 12
F96: Palmeria
D97: Family: | E97: Heliopeltaceae
E98: Genus: | F98: Actinoptychus
D99: Family: | E99: Hemidiscaceae
E100: Genus: | F100: Actinocyclus
F101: Hemidiscus
...

Sheet Phytopl Analysis
A1: ALCHEMY Laboratory & Services Sdn Bhd
A2: Phytoplankton Data Sheet: Analysed Phytoplankton Samples
F3: Density in units per litre
F4: ='Phytopl Count'!F3 -> Reference ID: | G4: ='Phytopl Count'!G3 -> BP14798 | H4: ='Phytopl Count'!H3 -> BP14799 | I4: ='Phytopl Count'!I3 -> BP14800 | J4: ='Phytopl Count'!J3 -> BP14801 | K4: ='Phytopl Count'!K3 -> BP14802 | L4: ='Phytopl Count'!L3 -> BP14803 | M4: ='Phytopl Count'!M3 -> BP14804 | ... AF4: ='Phytopl Count'!AF3 -> BP14823
F5: ='Phytopl Count'!F4 -> Sample Marking: | G5: ='Phytopl Count'!G4 -> S1 | H5: ='Phytopl Count'!H4 -> S2 | I5: ='Phytopl Count'!I4 -> S3 | J5: ='Phytopl Count'!J4 -> S4 | K5: ='Phytopl Count'!K4 -> S5 | L5: ='Phytopl Count'!L4 -> S6 | M5: ='Phytopl Count'!M4 -> S7 | ... AF5: ='Phytopl Count'!AF4 -> S26
F6: Volume filtered (L): | G6: ='Phytopl Count'!G8 -> 1963.4954 | H6: ='Phytopl Count'!H8 -> 1963.4954 | I6: ='Phytopl Count'!I8 -> 1963.4954 | J6: ='Phytopl Count'!J8 -> 1963.4954 | K6: ='Phytopl Count'!K8 -> 1963.4954 | L6: ='Phytopl Count'!L8 -> 1963.4954 | M6: ='Phytopl Count'!M8 -> 1963.4954 | N6: ='Phytopl Count'!N8 -> 1963.4954 | ... AF6: ='Phytopl Count'!AF8 -> 1963.4954
A14: Phylum: | B14: Heterokontophyta | G14: =IF('Phytopl Count'!G14=0,"",'Phytopl Count'!G14*'Phytopl Count'!G$13/'Phytopl Count'!G$8) | H14: =IF('Phytopl Count'!H14=0,"",'Phytopl Count'!H14*'Phytopl Count'!H$13/'Phytopl Count'!H$8) | I14: =IF('Phytopl Count'!I14=0,"",'Phytopl Count'!I14*'Phytopl Count'!I$13/'Phytopl Count'!I$8) | J14: =IF('Phytopl Count'!J14=0,"",'Phytopl Count'!J14*'Phytopl Count'!J$13/'Phytopl Count'!J$8) | K14: =IF('Phytopl Count'!K14=0,"",'Phytopl Count'!K14*'Phytopl Count'!K$13/'Phytopl Count'!K$8) | L14: =IF('Phytopl Count'!L14=0,"",'Phytopl Count'!L14*'Phytopl Count'!L$13/'Phytopl Count'!L$8) | M14: =IF('Phytopl Count'!M14=0,"",'Phytopl Count'!M14*'Phytopl Count'!M$13/'Phytopl Count'!M$8) | N14: =IF('Phytopl Count'!N14=0,"",'Phytopl Count'!N14*'Phytopl Count'!N$13/'Phytopl Count'!N$8) | ... AF14: =IF('Phytopl Count'!AF14=0,"",'Phytopl Count'!AF14*'Phytopl Count'!AF$13/'Phytopl Count'!AF$8)
B15: Class: | C15: Bacillariophyceae | G15: =IF('Phytopl Count'!G15=0,"",'Phytopl Count'!G15*'Phytopl Count'!G$13/'Phytopl Count'!G$8) | H15: =IF('Phytopl Count'!H15=0,"",'Phytopl Count'!H15*'Phytopl Count'!H$13/'Phytopl Count'!H$8) | I15: =IF('Phytopl Count'!I15=0,"",'Phytopl Count'!I15*'Phytopl Count'!I$13/'Phytopl Count'!I$8) | J15: =IF('Phytopl Count'!J15=0,"",'Phytopl Count'!J15*'Phytopl Count'!J$13/'Phytopl Count'!J$8) | K15: =IF('Phytopl Count'!K15=0,"",'Phytopl Count'!K15*'Phytopl Count'!K$13/'Phytopl Count'!K$8) | L15: =IF('Phytopl Count'!L15=0,"",'Phytopl Count'!L15*'Phytopl Count'!L$13/'Phytopl Count'!L$8) | M15: =IF('Phytopl Count'!M15=0,"",'Phytopl Count'!M15*'Phytopl Count'!M$13/'Phytopl Count'!M$8) | N15: =IF('Phytopl Count'!N15=0,"",'Phytopl Count'!N15*'Phytopl Count'!N$13/'Phytopl Count'!N$8) | ... AF15: =IF('Phytopl Count'!AF15=0,"",'Phytopl Count'!AF15*'Phytopl Count'!AF$13/'Phytopl Count'!AF$8)
C16: Order: | D16: Bacillariales | G16: =IF('Phytopl Count'!G16=0,"",'Phytopl Count'!G16*'Phytopl Count'!G$13/'Phytopl Count'!G$8) | H16: =IF('Phytopl Count'!H16=0,"",'Phytopl Count'!H16*'Phytopl Count'!H$13/'Phytopl Count'!H$8) | I16: =IF('Phytopl Count'!I16=0,"",'Phytopl Count'!I16*'Phytopl Count'!I$13/'Phytopl Count'!I$8) | J16: =IF('Phytopl Count'!J16=0,"",'Phytopl Count'!J16*'Phytopl Count'!J$13/'Phytopl Count'!J$8) | K16: =IF('Phytopl Count'!K16=0,"",'Phytopl Count'!K16*'Phytopl Count'!K$13/'Phytopl Count'!K$8) | L16: =IF('Phytopl Count'!L16=0,"",'Phytopl Count'!L16*'Phytopl Count'!L$13/'Phytopl Count'!L$8) | M16: =IF('Phytopl Count'!M16=0,"",'Phytopl Count'!M16*'Phytopl Count'!M$13/'Phytopl Count'!M$8) | N16: =IF('Phytopl Count'!N16=0,"",'Phytopl Count'!N16*'Phytopl Count'!N$13/'Phytopl Count'!N$8) | ... AF16: =IF('Phytopl Count'!AF16=0,"",'Phytopl Count'!AF16*'Phytopl Count'!AF$13/'Phytopl Count'!AF$8)
D17: Family: | E17: Bacillariaceae | G17: =IF('Phytopl Count'!G17=0,"",'Phytopl Count'!G17*'Phytopl Count'!G$13/'Phytopl Count'!G$8) | H17: =IF('Phytopl Count'!H17=0,"",'Phytopl Count'!H17*'Phytopl Count'!H$13/'Phytopl Count'!H$8) | I17: =IF('Phytopl Count'!I17=0,"",'Phytopl Count'!I17*'Phytopl Count'!I$13/'Phytopl Count'!I$8) | J17: =IF('Phytopl Count'!J17=0,"",'Phytopl Count'!J17*'Phytopl Count'!J$13/'Phytopl Count'!J$8) | K17: =IF('Phytopl Count'!K17=0,"",'Phytopl Count'!K17*'Phytopl Count'!K$13/'Phytopl Count'!K$8) | L17: =IF('Phytopl Count'!L17=0,"",'Phytopl Count'!L17*'Phytopl Count'!L$13/'Phytopl Count'!L$8) | M17: =IF('Phytopl Count'!M17=0,"",'Phytopl Count'!M17*'Phytopl Count'!M$13/'Phytopl Count'!M$8) | N17: =IF('Phytopl Count'!N17=0,"",'Phytopl Count'!N17*'Phytopl Count'!N$13/'Phytopl Count'!N$8) | ... AF17: =IF('Phytopl Count'!AF17=0,"",'Phytopl Count'!AF17*'Phytopl Count'!AF$13/'Phytopl Count'!AF$8)
F18: Bacillaria | G18: =IF('Phytopl Count'!G18=0,"",'Phytopl Count'!G18*'Phytopl Count'!G$13/'Phytopl Count'!G$8) | H18: =IF('Phytopl Count'!H18=0,"",'Phytopl Count'!H18*'Phytopl Count'!H$13/'Phytopl Count'!H$8) | I18: =IF('Phytopl Count'!I18=0,"",'Phytopl Count'!I18*'Phytopl Count'!I$13/'Phytopl Count'!I$8) | J18: =IF('Phytopl Count'!J18=0,"",'Phytopl Count'!J18*'Phytopl Count'!J$13/'Phytopl Count'!J$8) | K18: =IF('Phytopl Count'!K18=0,"",'Phytopl Count'!K18*'Phytopl Count'!K$13/'Phytopl Count'!K$8) | L18: =IF('Phytopl Count'!L18=0,"",'Phytopl Count'!L18*'Phytopl Count'!L$13/'Phytopl Count'!L$8) | M18: =IF('Phytopl Count'!M18=0,"",'Phytopl Count'!M18*'Phytopl Count'!M$13/'Phytopl Count'!M$8) | N18: =IF('Phytopl Count'!N18=0,"",'Phytopl Count'!N18*'Phytopl Count'!N$13/'Phytopl Count'!N$8) | ... AF18: =IF('Phytopl Count'!AF18=0,"",'Phytopl Count'!AF18*'Phytopl Count'!AF$13/'Phytopl Count'!AF$8)
E19: Genus: | F19: Cylindrotheca | G19: =IF('Phytopl Count'!G19=0,"",'Phytopl Count'!G19*'Phytopl Count'!G$13/'Phytopl Count'!G$8) | H19: =IF('Phytopl Count'!H19=0,"",'Phytopl Count'!H19*'Phytopl Count'!H$13/'Phytopl Count'!H$8) | I19: =IF('Phytopl Count'!I19=0,"",'Phytopl Count'!I19*'Phytopl Count'!I$13/'Phytopl Count'!I$8) | J19: =IF('Phytopl Count'!J19=0,"",'Phytopl Count'!J19*'Phytopl Count'!J$13/'Phytopl Count'!J$8) | K19: =IF('Phytopl Count'!K19=0,"",'Phytopl Count'!K19*'Phytopl Count'!K$13/'Phytopl Count'!K$8) | L19: =IF('Phytopl Count'!L19=0,"",'Phytopl Count'!L19*'Phytopl Count'!L$13/'Phytopl Count'!L$8) | M19: =IF('Phytopl Count'!M19=0,"",'Phytopl Count'!M19*'Phytopl Count'!M$13/'Phytopl Count'!M$8) | N19: =IF('Phytopl Count'!N19=0,"",'Phytopl Count'!N19*'Phytopl Count'!N$13/'Phytopl Count'!N$8) | ... AF19: =IF('Phytopl Count'!AF19=0,"",'Phytopl Count'!AF19*'Phytopl Count'!AF$13/'Phytopl Count'!AF$8)
F20: Pseudo-nitzschia | G20: =IF('Phytopl Count'!G20=0,"",'Phytopl Count'!G20*'Phytopl Count'!G$13/'Phytopl Count'!G$8) | H20: =IF('Phytopl Count'!H20=0,"",'Phytopl Count'!H20*'Phytopl Count'!H$13/'Phytopl Count'!H$8) | I20: =IF('Phytopl Count'!I20=0,"",'Phytopl Count'!I20*'Phytopl Count'!I$13/'Phytopl Count'!I$8) | J20: =IF('Phytopl Count'!J20=0,"",'Phytopl Count'!J20*'Phytopl Count'!J$13/'Phytopl Count'!J$8) | K20: =IF('Phytopl Count'!K20=0,"",'Phytopl Count'!K20*'Phytopl Count'!K$13/'Phytopl Count'!K$8) | L20: =IF('Phytopl Count'!L20=0,"",'Phytopl Count'!L20*'Phytopl Count'!L$13/'Phytopl Count'!L$8) | M20: =IF('Phytopl Count'!M20=0,"",'Phytopl Count'!M20*'Phytopl Count'!M$13/'Phytopl Count'!M$8) | N20: =IF('Phytopl Count'!N20=0,"",'Phytopl Count'!N20*'Phytopl Count'!N$13/'Phytopl Count'!N$8) | ... AF20: =IF('Phytopl Count'!AF20=0,"",'Phytopl Count'!AF20*'Phytopl Count'!AF$13/'Phytopl Count'!AF$8)
F21: Nitzschia | G21: =IF('Phytopl Count'!G21=0,"",'Phytopl Count'!G21*'Phytopl Count'!G$13/'Phytopl Count'!G$8) -> 0.61926955 | H21: =IF('Phytopl Count'!H21=0,"",'Phytopl Count'!H21*'Phytopl Count'!H$13/'Phytopl Count'!H$8) -> 2.3062452 | I21: =IF('Phytopl Count'!I21=0,"",'Phytopl Count'!I21*'Phytopl Count'!I$13/'Phytopl Count'!I$8) -> 1.1210914 | J21: =IF('Phytopl Count'!J21=0,"",'Phytopl Count'!J21*'Phytopl Count'!J$13/'Phytopl Count'!J$8) -> 0.52050673 | K21: =IF('Phytopl Count'!K21=0,"",'Phytopl Count'!K21*'Phytopl Count'!K$13/'Phytopl Count'!K$8) -> 0.70468604 | L21: =IF('Phytopl Count'!L21=0,"",'Phytopl Count'!L21*'Phytopl Count'!L$13/'Phytopl Count'!L$8) -> 0.7687484 | M21: =IF('Phytopl Count'!M21=0,"",'Phytopl Count'!M21*'Phytopl Count'!M$13/'Phytopl Count'!M$8) -> 0.080077959 | N21: =IF('Phytopl Count'!N21=0,"",'Phytopl Count'!N21*'Phytopl Count'!N$13/'Phytopl Count'!N$8) -> 1.5374968 | ... AF21: =IF('Phytopl Count'!AF21=0,"",'Phytopl Count'!AF21*'Phytopl Count'!AF$13/'Phytopl Count'!AF$8) -> 0.12812473
C22: Order: | D22: Achnanthales | G22: =IF('Phytopl Count'!G22=0,"",'Phytopl Count'!G22*'Phytopl Count'!G$13/'Phytopl Count'!G$8) | H22: =IF('Phytopl Count'!H22=0,"",'Phytopl Count'!H22*'Phytopl Count'!H$13/'Phytopl Count'!H$8) | I22: =IF('Phytopl Count'!I22=0,"",'Phytopl Count'!I22*'Phytopl Count'!I$13/'Phytopl Count'!I$8) | J22: =IF('Phytopl Count'!J22=0,"",'Phytopl Count'!J22*'Phytopl Count'!J$13/'Phytopl Count'!J$8) | K22: =IF('Phytopl Count'!K22=0,"",'Phytopl Count'!K22*'Phytopl Count'!K$13/'Phytopl Count'!K$8) | L22: =IF('Phytopl Count'!L22=0,"",'Phytopl Count'!L22*'Phytopl Count'!L$13/'Phytopl Count'!L$8) | M22: =IF('Phytopl Count'!M22=0,"",'Phytopl Count'!M22*'Phytopl Count'!M$13/'Phytopl Count'!M$8) | N22: =IF('Phytopl Count'!N22=0,"",'Phytopl Count'!N22*'Phytopl Count'!N$13/'Phytopl Count'!N$8) | ... AF22: =IF('Phytopl Count'!AF22=0,"",'Phytopl Count'!AF22*'Phytopl Count'!AF$13/'Phytopl Count'!AF$8)
D23: Family: | E23: Achnanthaceae | G23: =IF('Phytopl Count'!G23=0,"",'Phytopl Count'!G23*'Phytopl Count'!G$13/'Phytopl Count'!G$8) | H23: =IF('Phytopl Count'!H23=0,"",'Phytopl Count'!H23*'Phytopl Count'!H$13/'Phytopl Count'!H$8) | I23: =IF('Phytopl Count'!I23=0,"",'Phytopl Count'!I23*'Phytopl Count'!I$13/'Phytopl Count'!I$8) | J23: =IF('Phytopl Count'!J23=0,"",'Phytopl Count'!J23*'Phytopl Count'!J$13/'Phytopl Count'!J$8) | K23: =IF('Phytopl Count'!K23=0,"",'Phytopl Count'!K23*'Phytopl Count'!K$13/'Phytopl Count'!K$8) | L23: =IF('Phytopl Count'!L23=0,"",'Phytopl Count'!L23*'Phytopl Count'!L$13/'Phytopl Count'!L$8) | M23: =IF('Phytopl Count'!M23=0,"",'Phytopl Count'!M23*'Phytopl Count'!M$13/'Phytopl Count'!M$8) | N23: =IF('Phytopl Count'!N23=0,"",'Phytopl Count'!N23*'Phytopl Count'!N$13/'Phytopl Count'!N$8) | ... AF23: =IF('Phytopl Count'!AF23=0,"",'Phytopl Count'!AF23*'Phytopl Count'!AF$13/'Phytopl Count'!AF$8)
E24: Genus: | F24: Achnanthes | G24: =IF('Phytopl Count'!G24=0,"",'Phytopl Count'!G24*'Phytopl Count'!G$13/'Phytopl Count'!G$8) | H24: =IF('Phytopl Count'!H24=0,"",'Phytopl Count'!H24*'Phytopl Count'!H$13/'Phytopl Count'!H$8) | I24: =IF('Phytopl Count'!I24=0,"",'Phytopl Count'!I24*'Phytopl Count'!I$13/'Phytopl Count'!I$8) | J24: =IF('Phytopl Count'!J24=0,"",'Phytopl Count'!J24*'Phytopl Count'!J$13/'Phytopl Count'!J$8) | K24: =IF('Phytopl Count'!K24=0,"",'Phytopl Count'!K24*'Phytopl Count'!K$13/'Phytopl Count'!K$8) | L24: =IF('Phytopl Count'!L24=0,"",'Phytopl Count'!L24*'Phytopl Count'!L$13/'Phytopl Count'!L$8) | M24: =IF('Phytopl Count'!M24=0,"",'Phytopl Count'!M24*'Phytopl Count'!M$13/'Phytopl Count'!M$8) | N24: =IF('Phytopl Count'!N24=0,"",'Phytopl Count'!N24*'Phytopl Count'!N$13/'Phytopl Count'!N$8) | ... AF24: =IF('Phytopl Count'!AF24=0,"",'Phytopl Count'!AF24*'Phytopl Count'!AF$13/'Phytopl Count'!AF$8)
D25: Family: | E25: Cocconeidaceae | G25: =IF('Phytopl Count'!G25=0,"",'Phytopl Count'!G25*'Phytopl Count'!G$13/'Phytopl Count'!G$8) | H25: =IF('Phytopl Count'!H25=0,"",'Phytopl Count'!H25*'Phytopl Count'!H$13/'Phytopl Count'!H$8) | I25: =IF('Phytopl Count'!I25=0,"",'Phytopl Count'!I25*'Phytopl Count'!I$13/'Phytopl Count'!I$8) | J25: =IF('Phytopl Count'!J25=0,"",'Phytopl Count'!J25*'Phytopl Count'!J$13/'Phytopl Count'!J$8) | K25: =IF('Phytopl Count'!K25=0,"",'Phytopl Count'!K25*'Phytopl Count'!K$13/'Phytopl Count'!K$8) | L25: =IF('Phytopl Count'!L25=0,"",'Phytopl Count'!L25*'Phytopl Count'!L$13/'Phytopl Count'!L$8) | M25: =IF('Phytopl Count'!M25=0,"",'Phytopl Count'!M25*'Phytopl Count'!M$13/'Phytopl Count'!M$8) | N25: =IF('Phytopl Count'!N25=0,"",'Phytopl Count'!N25*'Phytopl Count'!N$13/'Phytopl Count'!N$8) | ... AF25: =IF('Phytopl Count'!AF25=0,"",'Phytopl Count'!AF25*'Phytopl Count'!AF$13/'Phytopl Count'!AF$8)
E26: Genus: | F26: Cocconeis | G26: =IF('Phytopl Count'!G26=0,"",'Phytopl Count'!G26*'Phytopl Count'!G$13/'Phytopl Count'!G$8) | H26: =IF('Phytopl Count'!H26=0,"",'Phytopl Count'!H26*'Phytopl Count'!H$13/'Phytopl Count'!H$8) | I26: =IF('Phytopl Count'!I26=0,"",'Phytopl Count'!I26*'Phytopl Count'!I$13/'Phytopl Count'!I$8) | J26: =IF('Phytopl Count'!J26=0,"",'Phytopl Count'!J26*'Phytopl Count'!J$13/'Phytopl Count'!J$8) | K26: =IF('Phytopl Count'!K26=0,"",'Phytopl Count'!K26*'Phytopl Count'!K$13/'Phytopl Count'!K$8) | L26: =IF('Phytopl Count'!L26=0,"",'Phytopl Count'!L26*'Phytopl Count'!L$13/'Phytopl Count'!L$8) | M26: =IF('Phytopl Count'!M26=0,"",'Phytopl Count'!M26*'Phytopl Count'!M$13/'Phytopl Count'!M$8) | N26: =IF('Phytopl Count'!N26=0,"",'Phytopl Count'!N26*'Phytopl Count'!N$13/'Phytopl Count'!N$8) | ... AF26: =IF('Phytopl Count'!AF26=0,"",'Phytopl Count'!AF26*'Phytopl Count'!AF$13/'Phytopl Count'!AF$8)
C27: Order: | D27: Fragilariales | G27: =IF('Phytopl Count'!G27=0,"",'Phytopl Count'!G27*'Phytopl Count'!G$13/'Phytopl Count'!G$8) | H27: =IF('Phytopl Count'!H27=0,"",'Phytopl Count'!H27*'Phytopl Count'!H$13/'Phytopl Count'!H$8) | I27: =IF('Phytopl Count'!I27=0,"",'Phytopl Count'!I27*'Phytopl Count'!I$13/'Phytopl Count'!I$8) | J27: =IF('Phytopl Count'!J27=0,"",'Phytopl Count'!J27*'Phytopl Count'!J$13/'Phytopl Count'!J$8) | K27: =IF('Phytopl Count'!K27=0,"",'Phytopl Count'!K27*'Phytopl Count'!K$13/'Phytopl Count'!K$8) | L27: =IF('Phytopl Count'!L27=0,"",'Phytopl Count'!L27*'Phytopl Count'!L$13/'Phytopl Count'!L$8) | M27: =IF('Phytopl Count'!M27=0,"",'Phytopl Count'!M27*'Phytopl Count'!M$13/'Phytopl Count'!M$8) | N27: =IF('Phytopl Count'!N27=0,"",'Phytopl Count'!N27*'Phytopl Count'!N$13/'Phytopl Count'!N$8) | ... AF27: =IF('Phytopl Count'!AF27=0,"",'Phytopl Count'!AF27*'Phytopl Count'!AF$13/'Phytopl Count'!AF$8)
D28: Family: | E28: Fragilariaceae | G28: =IF('Phytopl Count'!G28=0,"",'Phytopl Count'!G28*'Phytopl Count'!G$13/'Phytopl Count'!G$8) | H28: =IF('Phytopl Count'!H28=0,"",'Phytopl Count'!H28*'Phytopl Count'!H$13/'Phytopl Count'!H$8) | I28: =IF('Phytopl Count'!I28=0,"",'Phytopl Count'!I28*'Phytopl Count'!I$13/'Phytopl Count'!I$8) | J28: =IF('Phytopl Count'!J28=0,"",'Phytopl Count'!J28*'Phytopl Count'!J$13/'Phytopl Count'!J$8) | K28: =IF('Phytopl Count'!K28=0,"",'Phytopl Count'!K28*'Phytopl Count'!K$13/'Phytopl Count'!K$8) | L28: =IF('Phytopl Count'!L28=0,"",'Phytopl Count'!L28*'Phytopl Count'!L$13/'Phytopl Count'!L$8) | M28: =IF('Phytopl Count'!M28=0,"",'Phytopl Count'!M28*'Phytopl Count'!M$13/'Phytopl Count'!M$8) | N28: =IF('Phytopl Count'!N28=0,"",'Phytopl Count'!N28*'Phytopl Count'!N$13/'Phytopl Count'!N$8) | ... AF28: =IF('Phytopl Count'!AF28=0,"",'Phytopl Count'!AF28*'Phytopl Count'!AF$13/'Phytopl Count'!AF$8)
E29: Genus: | F29: Fragilaria | G29: =IF('Phytopl Count'!G29=0,"",'Phytopl Count'!G29*'Phytopl Count'!G$13/'Phytopl Count'!G$8) | H29: =IF('Phytopl Count'!H29=0,"",'Phytopl Count'!H29*'Phytopl Count'!H$13/'Phytopl Count'!H$8) | I29: =IF('Phytopl Count'!I29=0,"",'Phytopl Count'!I29*'Phytopl Count'!I$13/'Phytopl Count'!I$8) | J29: =IF('Phytopl Count'!J29=0,"",'Phytopl Count'!J29*'Phytopl Count'!J$13/'Phytopl Count'!J$8) | K29: =IF('Phytopl Count'!K29=0,"",'Phytopl Count'!K29*'Phytopl Count'!K$13/'Phytopl Count'!K$8) | L29: =IF('Phytopl Count'!L29=0,"",'Phytopl Count'!L29*'Phytopl Count'!L$13/'Phytopl Count'!L$8) | M29: =IF('Phytopl Count'!M29=0,"",'Phytopl Count'!M29*'Phytopl Count'!M$13/'Phytopl Count'!M$8) | N29: =IF('Phytopl Count'!N29=0,"",'Phytopl Count'!N29*'Phytopl Count'!N$13/'Phytopl Count'!N$8) | ... AF29: =IF('Phytopl Count'!AF29=0,"",'Phytopl Count'!AF29*'Phytopl Count'!AF$13/'Phytopl Count'!AF$8)
D30: Family: | E30: Staurosiraceae | G30: =IF('Phytopl Count'!G30=0,"",'Phytopl Count'!G30*'Phytopl Count'!G$13/'Phytopl Count'!G$8) | H30: =IF('Phytopl Count'!H30=0,"",'Phytopl Count'!H30*'Phytopl Count'!H$13/'Phytopl Count'!H$8) | I30: =IF('Phytopl Count'!I30=0,"",'Phytopl Count'!I30*'Phytopl Count'!I$13/'Phytopl Count'!I$8) | J30: =IF('Phytopl Count'!J30=0,"",'Phytopl Count'!J30*'Phytopl Count'!J$13/'Phytopl Count'!J$8) | K30: =IF('Phytopl Count'!K30=0,"",'Phytopl Count'!K30*'Phytopl Count'!K$13/'Phytopl Count'!K$8) | L30: =IF('Phytopl Count'!L30=0,"",'Phytopl Count'!L30*'Phytopl Count'!L$13/'Phytopl Count'!L$8) | M30: =IF('Phytopl Count'!M30=0,"",'Phytopl Count'!M30*'Phytopl Count'!M$13/'Phytopl Count'!M$8) | N30: =IF('Phytopl Count'!N30=0,"",'Phytopl Count'!N30*'Phytopl Count'!N$13/'Phytopl Count'!N$8) | ... AF30: =IF('Phytopl Count'!AF30=0,"",'Phytopl Count'!AF30*'Phytopl Count'!AF$13/'Phytopl Count'!AF$8)
E31: Genus: | F31: Staurosira | G31: =IF('Phytopl Count'!G31=0,"",'Phytopl Count'!G31*'Phytopl Count'!G$13/'Phytopl Count'!G$8) | H31: =IF('Phytopl Count'!H31=0,"",'Phytopl Count'!H31*'Phytopl Count'!H$13/'Phytopl Count'!H$8) | I31: =IF('Phytopl Count'!I31=0,"",'Phytopl Count'!I31*'Phytopl Count'!I$13/'Phytopl Count'!I$8) | J31: =IF('Phytopl Count'!J31=0,"",'Phytopl Count'!J31*'Phytopl Count'!J$13/'Phytopl Count'!J$8) | K31: =IF('Phytopl Count'!K31=0,"",'Phytopl Count'!K31*'Phytopl Count'!K$13/'Phytopl Count'!K$8) | L31: =IF('Phytopl Count'!L31=0,"",'Phytopl Count'!L31*'Phytopl Count'!L$13/'Phytopl Count'!L$8) | M31: =IF('Phytopl Count'!M31=0,"",'Phytopl Count'!M31*'Phytopl Count'!M$13/'Phytopl Count'!M$8) | N31: =IF('Phytopl Count'!N31=0,"",'Phytopl Count'!N31*'Phytopl Count'!N$13/'Phytopl Count'!N$8) | ... AF31: =IF('Phytopl Count'!AF31=0,"",'Phytopl Count'!AF31*'Phytopl Count'!AF$13/'Phytopl Count'!AF$8)
C32: Order: | D32: Surirellales | G32: =IF('Phytopl Count'!G32=0,"",'Phytopl Count'!G32*'Phytopl Count'!G$13/'Phytopl Count'!G$8) | H32: =IF('Phytopl Count'!H32=0,"",'Phytopl Count'!H32*'Phytopl Count'!H$13/'Phytopl Count'!H$8) | I32: =IF('Phytopl Count'!I32=0,"",'Phytopl Count'!I32*'Phytopl Count'!I$13/'Phytopl Count'!I$8) | J32: =IF('Phytopl Count'!J32=0,"",'Phytopl Count'!J32*'Phytopl Count'!J$13/'Phytopl Count'!J$8) | K32: =IF('Phytopl Count'!K32=0,"",'Phytopl Count'!K32*'Phytopl Count'!K$13/'Phytopl Count'!K$8) | L32: =IF('Phytopl Count'!L32=0,"",'Phytopl Count'!L32*'Phytopl Count'!L$13/'Phytopl Count'!L$8) | M32: =IF('Phytopl Count'!M32=0,"",'Phytopl Count'!M32*'Phytopl Count'!M$13/'Phytopl Count'!M$8) | N32: =IF('Phytopl Count'!N32=0,"",'Phytopl Count'!N32*'Phytopl Count'!N$13/'Phytopl Count'!N$8) | ... AF32: =IF('Phytopl Count'!AF32=0,"",'Phytopl Count'!AF32*'Phytopl Count'!AF$13/'Phytopl Count'!AF$8)
D33: Family: | E33: Entomoneidaceae | G33: =IF('Phytopl Count'!G33=0,"",'Phytopl Count'!G33*'Phytopl Count'!G$13/'Phytopl Count'!G$8) | H33: =IF('Phytopl Count'!H33=0,"",'Phytopl Count'!H33*'Phytopl Count'!H$13/'Phytopl Count'!H$8) | I33: =IF('Phytopl Count'!I33=0,"",'Phytopl Count'!I33*'Phytopl Count'!I$13/'Phytopl Count'!I$8) | J33: =IF('Phytopl Count'!J33=0,"",'Phytopl Count'!J33*'Phytopl Count'!J$13/'Phytopl Count'!J$8) | K33: =IF('Phytopl Count'!K33=0,"",'Phytopl Count'!K33*'Phytopl Count'!K$13/'Phytopl Count'!K$8) | L33: =IF('Phytopl Count'!L33=0,"",'Phytopl Count'!L33*'Phytopl Count'!L$13/'Phytopl Count'!L$8) | M33: =IF('Phytopl Count'!M33=0,"",'Phytopl Count'!M33*'Phytopl Count'!M$13/'Phytopl Count'!M$8) | N33: =IF('Phytopl Count'!N33=0,"",'Phytopl Count'!N33*'Phytopl Count'!N$13/'Phytopl Count'!N$8) | ... AF33: =IF('Phytopl Count'!AF33=0,"",'Phytopl Count'!AF33*'Phytopl Count'!AF$13/'Phytopl Count'!AF$8)
E34: Genus: | F34: Entomoneis | G34: =IF('Phytopl Count'!G34=0,"",'Phytopl Count'!G34*'Phytopl Count'!G$13/'Phytopl Count'!G$8) | H34: =IF('Phytopl Count'!H34=0,"",'Phytopl Count'!H34*'Phytopl Count'!H$13/'Phytopl Count'!H$8) | I34: =IF('Phytopl Count'!I34=0,"",'Phytopl Count'!I34*'Phytopl Count'!I$13/'Phytopl Count'!I$8) | J34: =IF('Phytopl Count'!J34=0,"",'Phytopl Count'!J34*'Phytopl Count'!J$13/'Phytopl Count'!J$8) | K34: =IF('Phytopl Count'!K34=0,"",'Phytopl Count'!K34*'Phytopl Count'!K$13/'Phytopl Count'!K$8) | L34: =IF('Phytopl Count'!L34=0,"",'Phytopl Count'!L34*'Phytopl Count'!L$13/'Phytopl Count'!L$8) | M34: =IF('Phytopl Count'!M34=0,"",'Phytopl Count'!M34*'Phytopl Count'!M$13/'Phytopl Count'!M$8) | N34: =IF('Phytopl Count'!N34=0,"",'Phytopl Count'!N34*'Phytopl Count'!N$13/'Phytopl Count'!N$8) | ... AF34: =IF('Phytopl Count'!AF34=0,"",'Phytopl Count'!AF34*'Phytopl Count'!AF$13/'Phytopl Count'!AF$8)
D35: Family: | E35: Surirellaceae | G35: =IF('Phytopl Count'!G35=0,"",'Phytopl Count'!G35*'Phytopl Count'!G$13/'Phytopl Count'!G$8) | H35: =IF('Phytopl Count'!H35=0,"",'Phytopl Count'!H35*'Phytopl Count'!H$13/'Phytopl Count'!H$8) | I35: =IF('Phytopl Count'!I35=0,"",'Phytopl Count'!I35*'Phytopl Count'!I$13/'Phytopl Count'!I$8) | J35: =IF('Phytopl Count'!J35=0,"",'Phytopl Count'!J35*'Phytopl Count'!J$13/'Phytopl Count'!J$8) | K35: =IF('Phytopl Count'!K35=0,"",'Phytopl Count'!K35*'Phytopl Count'!K$13/'Phytopl Count'!K$8) | L35: =IF('Phytopl Count'!L35=0,"",'Phytopl Count'!L35*'Phytopl Count'!L$13/'Phytopl Count'!L$8) | M35: =IF('Phytopl Count'!M35=0,"",'Phytopl Count'!M35*'Phytopl Count'!M$13/'Phytopl Count'!M$8) | N35: =IF('Phytopl Count'!N35=0,"",'Phytopl Count'!N35*'Phytopl Count'!N$13/'Phytopl Count'!N$8) | ... AF35: =IF('Phytopl Count'!AF35=0,"",'Phytopl Count'!AF35*'Phytopl Count'!AF$13/'Phytopl Count'!AF$8)
E36: Genus: | F36: Surirella | G36: =IF('Phytopl Count'!G36=0,"",'Phytopl Count'!G36*'Phytopl Count'!G$13/'Phytopl Count'!G$8) | H36: =IF('Phytopl Count'!H36=0,"",'Phytopl Count'!H36*'Phytopl Count'!H$13/'Phytopl Count'!H$8) | I36: =IF('Phytopl Count'!I36=0,"",'Phytopl Count'!I36*'Phytopl Count'!I$13/'Phytopl Count'!I$8) | J36: =IF('Phytopl Count'!J36=0,"",'Phytopl Count'!J36*'Phytopl Count'!J$13/'Phytopl Count'!J$8) | K36: =IF('Phytopl Count'!K36=0,"",'Phytopl Count'!K36*'Phytopl Count'!K$13/'Phytopl Count'!K$8) | L36: =IF('Phytopl Count'!L36=0,"",'Phytopl Count'!L36*'Phytopl Count'!L$13/'Phytopl Count'!L$8) | M36: =IF('Phytopl Count'!M36=0,"",'Phytopl Count'!M36*'Phytopl Count'!M$13/'Phytopl Count'!M$8) | N36: =IF('Phytopl Count'!N36=0,"",'Phytopl Count'!N36*'Phytopl Count'!N$13/'Phytopl Count'!N$8) | ... AF36: =IF('Phytopl Count'!AF36=0,"",'Phytopl Count'!AF36*'Phytopl Count'!AF$13/'Phytopl Count'!AF$8)
C37: Order: | D37: Rhabdonematales | G37: =IF('Phytopl Count'!G37=0,"",'Phytopl Count'!G37*'Phytopl Count'!G$13/'Phytopl Count'!G$8) | H37: =IF('Phytopl Count'!H37=0,"",'Phytopl Count'!H37*'Phytopl Count'!H$13/'Phytopl Count'!H$8) | I37: =IF('Phytopl Count'!I37=0,"",'Phytopl Count'!I37*'Phytopl Count'!I$13/'Phytopl Count'!I$8) | J37: =IF('Phytopl Count'!J37=0,"",'Phytopl Count'!J37*'Phytopl Count'!J$13/'Phytopl Count'!J$8) | K37: =IF('Phytopl Count'!K37=0,"",'Phytopl Count'!K37*'Phytopl Count'!K$13/'Phytopl Count'!K$8) | L37: =IF('Phytopl Count'!L37=0,"",'Phytopl Count'!L37*'Phytopl Count'!L$13/'Phytopl Count'!L$8) | M37: =IF('Phytopl Count'!M37=0,"",'Phytopl Count'!M37*'Phytopl Count'!M$13/'Phytopl Count'!M$8) | N37: =IF('Phytopl Count'!N37=0,"",'Phytopl Count'!N37*'Phytopl Count'!N$13/'Phytopl Count'!N$8) | ... AF37: =IF('Phytopl Count'!AF37=0,"",'Phytopl Count'!AF37*'Phytopl Count'!AF$13/'Phytopl Count'!AF$8)
D38: Family: | E38: Grammatophoraceae | G38: =IF('Phytopl Count'!G38=0,"",'Phytopl Count'!G38*'Phytopl Count'!G$13/'Phytopl Count'!G$8) | H38: =IF('Phytopl Count'!H38=0,"",'Phytopl Count'!H38*'Phytopl Count'!H$13/'Phytopl Count'!H$8) | I38: =IF('Phytopl Count'!I38=0,"",'Phytopl Count'!I38*'Phytopl Count'!I$13/'Phytopl Count'!I$8) | J38: =IF('Phytopl Count'!J38=0,"",'Phytopl Count'!J38*'Phytopl Count'!J$13/'Phytopl Count'!J$8) | K38: =IF('Phytopl Count'!K38=0,"",'Phytopl Count'!K38*'Phytopl Count'!K$13/'Phytopl Count'!K$8) | L38: =IF('Phytopl Count'!L38=0,"",'Phytopl Count'!L38*'Phytopl Count'!L$13/'Phytopl Count'!L$8) | M38: =IF('Phytopl Count'!M38=0,"",'Phytopl Count'!M38*'Phytopl Count'!M$13/'Phytopl Count'!M$8) | N38: =IF('Phytopl Count'!N38=0,"",'Phytopl Count'!N38*'Phytopl Count'!N$13/'Phytopl Count'!N$8) | ... AF38: =IF('Phytopl Count'!AF38=0,"",'Phytopl Count'!AF38*'Phytopl Count'!AF$13/'Phytopl Count'!AF$8)
E39: Genus: | F39: Grammatophora | G39: =IF('Phytopl Count'!G39=0,"",'Phytopl Count'!G39*'Phytopl Count'!G$13/'Phytopl Count'!G$8) | H39: =IF('Phytopl Count'!H39=0,"",'Phytopl Count'!H39*'Phytopl Count'!H$13/'Phytopl Count'!H$8) -> 1.1050758 | I39: =IF('Phytopl Count'!I39=0,"",'Phytopl Count'!I39*'Phytopl Count'!I$13/'Phytopl Count'!I$8) -> 0.33632743 | J39: =IF('Phytopl Count'!J39=0,"",'Phytopl Count'!J39*'Phytopl Count'!J$13/'Phytopl Count'!J$8) -> 0.040038979 | K39: =IF('Phytopl Count'!K39=0,"",'Phytopl Count'!K39*'Phytopl Count'!K$13/'Phytopl Count'!K$8) -> 0.22421828 | L39: =IF('Phytopl Count'!L39=0,"",'Phytopl Count'!L39*'Phytopl Count'!L$13/'Phytopl Count'!L$8) -> 0.45644437 | M39: =IF('Phytopl Count'!M39=0,"",'Phytopl Count'!M39*'Phytopl Count'!M$13/'Phytopl Count'!M$8) -> 0.040038979 | N39: =IF('Phytopl Count'!N39=0,"",'Phytopl Count'!N39*'Phytopl Count'!N$13/'Phytopl Count'!N$8) -> 0.28828065 | ... AF39: =IF('Phytopl Count'!AF39=0,"",'Phytopl Count'!AF39*'Phytopl Count'!AF$13/'Phytopl Count'!AF$8)
C40: Order: | D40: Rhaphoneidales | G40: =IF('Phytopl Count'!G40=0,"",'Phytopl Count'!G40*'Phytopl Count'!G$13/'Phytopl Count'!G$8) | H40: =IF('Phytopl Count'!H40=0,"",'Phytopl Count'!H40*'Phytopl Count'!H$13/'Phytopl Count'!H$8) | I40: =IF('Phytopl Count'!I40=0,"",'Phytopl Count'!I40*'Phytopl Count'!I$13/'Phytopl Count'!I$8) | J40: =IF('Phytopl Count'!J40=0,"",'Phytopl Count'!J40*'Phytopl Count'!J$13/'Phytopl Count'!J$8) | K40: =IF('Phytopl Count'!K40=0,"",'Phytopl Count'!K40*'Phytopl Count'!K$13/'Phytopl Count'!K$8) | L40: =IF('Phytopl Count'!L40=0,"",'Phytopl Count'!L40*'Phytopl Count'!L$13/'Phytopl Count'!L$8) | M40: =IF('Phytopl Count'!M40=0,"",'Phytopl Count'!M40*'Phytopl Count'!M$13/'Phytopl Count'!M$8) | N40: =IF('Phytopl Count'!N40=0,"",'Phytopl Count'!N40*'Phytopl Count'!N$13/'Phytopl Count'!N$8) | ... AF40: =IF('Phytopl Count'!AF40=0,"",'Phytopl Count'!AF40*'Phytopl Count'!AF$13/'Phytopl Count'!AF$8)
D41: Family: | E41: Asterionellopsidaceae | G41: =IF('Phytopl Count'!G41=0,"",'Phytopl Count'!G41*'Phytopl Count'!G$13/'Phytopl Count'!G$8) | H41: =IF('Phytopl Count'!H41=0,"",'Phytopl Count'!H41*'Phytopl Count'!H$13/'Phytopl Count'!H$8) | I41: =IF('Phytopl Count'!I41=0,"",'Phytopl Count'!I41*'Phytopl Count'!I$13/'Phytopl Count'!I$8) | J41: =IF('Phytopl Count'!J41=0,"",'Phytopl Count'!J41*'Phytopl Count'!J$13/'Phytopl Count'!J$8) | K41: =IF('Phytopl Count'!K41=0,"",'Phytopl Count'!K41*'Phytopl Count'!K$13/'Phytopl Count'!K$8) | L41: =IF('Phytopl Count'!L41=0,"",'Phytopl Count'!L41*'Phytopl Count'!L$13/'Phytopl Count'!L$8) | M41: =IF('Phytopl Count'!M41=0,"",'Phytopl Count'!M41*'Phytopl Count'!M$13/'Phytopl Count'!M$8) | N41: =IF('Phytopl Count'!N41=0,"",'Phytopl Count'!N41*'Phytopl Count'!N$13/'Phytopl Count'!N$8) | ... AF41: =IF('Phytopl Count'!AF41=0,"",'Phytopl Count'!AF41*'Phytopl Count'!AF$13/'Phytopl Count'!AF$8)
E42: Genus: | F42: Asterionellopsis | G42: =IF('Phytopl Count'!G42=0,"",'Phytopl Count'!G42*'Phytopl Count'!G$13/'Phytopl Count'!G$8) | H42: =IF('Phytopl Count'!H42=0,"",'Phytopl Count'!H42*'Phytopl Count'!H$13/'Phytopl Count'!H$8) | I42: =IF('Phytopl Count'!I42=0,"",'Phytopl Count'!I42*'Phytopl Count'!I$13/'Phytopl Count'!I$8) | J42: =IF('Phytopl Count'!J42=0,"",'Phytopl Count'!J42*'Phytopl Count'!J$13/'Phytopl Count'!J$8) | K42: =IF('Phytopl Count'!K42=0,"",'Phytopl Count'!K42*'Phytopl Count'!K$13/'Phytopl Count'!K$8) | L42: =IF('Phytopl Count'!L42=0,"",'Phytopl Count'!L42*'Phytopl Count'!L$13/'Phytopl Count'!L$8) | M42: =IF('Phytopl Count'!M42=0,"",'Phytopl Count'!M42*'Phytopl Count'!M$13/'Phytopl Count'!M$8) | N42: =IF('Phytopl Count'!N42=0,"",'Phytopl Count'!N42*'Phytopl Count'!N$13/'Phytopl Count'!N$8) | ... AF42: =IF('Phytopl Count'!AF42=0,"",'Phytopl Count'!AF42*'Phytopl Count'!AF$13/'Phytopl Count'!AF$8)
D43: Family: | E43: Tabellariaceae | G43: =IF('Phytopl Count'!G43=0,"",'Phytopl Count'!G43*'Phytopl Count'!G$13/'Phytopl Count'!G$8) | H43: =IF('Phytopl Count'!H43=0,"",'Phytopl Count'!H43*'Phytopl Count'!H$13/'Phytopl Count'!H$8) | I43: =IF('Phytopl Count'!I43=0,"",'Phytopl Count'!I43*'Phytopl Count'!I$13/'Phytopl Count'!I$8) | J43: =IF('Phytopl Count'!J43=0,"",'Phytopl Count'!J43*'Phytopl Count'!J$13/'Phytopl Count'!J$8) | K43: =IF('Phytopl Count'!K43=0,"",'Phytopl Count'!K43*'Phytopl Count'!K$13/'Phytopl Count'!K$8) | L43: =IF('Phytopl Count'!L43=0,"",'Phytopl Count'!L43*'Phytopl Count'!L$13/'Phytopl Count'!L$8) | M43: =IF('Phytopl Count'!M43=0,"",'Phytopl Count'!M43*'Phytopl Count'!M$13/'Phytopl Count'!M$8) | N43: =IF('Phytopl Count'!N43=0,"",'Phytopl Count'!N43*'Phytopl Count'!N$13/'Phytopl Count'!N$8) | ... AF43: =IF('Phytopl Count'!AF43=0,"",'Phytopl Count'!AF43*'Phytopl Count'!AF$13/'Phytopl Count'!AF$8)
E44: Genus: | F44: Asterionella | G44: =IF('Phytopl Count'!G44=0,"",'Phytopl Count'!G44*'Phytopl Count'!G$13/'Phytopl Count'!G$8) | H44: =IF('Phytopl Count'!H44=0,"",'Phytopl Count'!H44*'Phytopl Count'!H$13/'Phytopl Count'!H$8) | I44: =IF('Phytopl Count'!I44=0,"",'Phytopl Count'!I44*'Phytopl Count'!I$13/'Phytopl Count'!I$8) | J44: =IF('Phytopl Count'!J44=0,"",'Phytopl Count'!J44*'Phytopl Count'!J$13/'Phytopl Count'!J$8) | K44: =IF('Phytopl Count'!K44=0,"",'Phytopl Count'!K44*'Phytopl Count'!K$13/'Phytopl Count'!K$8) | L44: =IF('Phytopl Count'!L44=0,"",'Phytopl Count'!L44*'Phytopl Count'!L$13/'Phytopl Count'!L$8) | M44: =IF('Phytopl Count'!M44=0,"",'Phytopl Count'!M44*'Phytopl Count'!M$13/'Phytopl Count'!M$8) | N44: =IF('Phytopl Count'!N44=0,"",'Phytopl Count'!N44*'Phytopl Count'!N$13/'Phytopl Count'!N$8) | ... AF44: =IF('Phytopl Count'!AF44=0,"",'Phytopl Count'!AF44*'Phytopl Count'!AF$13/'Phytopl Count'!AF$8)
C45: Order: | D45: Licmophorales | G45: =IF('Phytopl Count'!G45=0,"",'Phytopl Count'!G45*'Phytopl Count'!G$13/'Phytopl Count'!G$8) | H45: =IF('Phytopl Count'!H45=0,"",'Phytopl Count'!H45*'Phytopl Count'!H$13/'Phytopl Count'!H$8) | I45: =IF('Phytopl Count'!I45=0,"",'Phytopl Count'!I45*'Phytopl Count'!I$13/'Phytopl Count'!I$8) | J45: =IF('Phytopl Count'!J45=0,"",'Phytopl Count'!J45*'Phytopl Count'!J$13/'Phytopl Count'!J$8) | K45: =IF('Phytopl Count'!K45=0,"",'Phytopl Count'!K45*'Phytopl Count'!K$13/'Phytopl Count'!K$8) | L45: =IF('Phytopl Count'!L45=0,"",'Phytopl Count'!L45*'Phytopl Count'!L$13/'Phytopl Count'!L$8) | M45: =IF('Phytopl Count'!M45=0,"",'Phytopl Count'!M45*'Phytopl Count'!M$13/'Phytopl Count'!M$8) | N45: =IF('Phytopl Count'!N45=0,"",'Phytopl Count'!N45*'Phytopl Count'!N$13/'Phytopl Count'!N$8) | ... AF45: =IF('Phytopl Count'!AF45=0,"",'Phytopl Count'!AF45*'Phytopl Count'!AF$13/'Phytopl Count'!AF$8)
D46: Family: | E46: Licmophoraceae | G46: =IF('Phytopl Count'!G46=0,"",'Phytopl Count'!G46*'Phytopl Count'!G$13/'Phytopl Count'!G$8) | H46: =IF('Phytopl Count'!H46=0,"",'Phytopl Count'!H46*'Phytopl Count'!H$13/'Phytopl Count'!H$8) | I46: =IF('Phytopl Count'!I46=0,"",'Phytopl Count'!I46*'Phytopl Count'!I$13/'Phytopl Count'!I$8) | J46: =IF('Phytopl Count'!J46=0,"",'Phytopl Count'!J46*'Phytopl Count'!J$13/'Phytopl Count'!J$8) | K46: =IF('Phytopl Count'!K46=0,"",'Phytopl Count'!K46*'Phytopl Count'!K$13/'Phytopl Count'!K$8) | L46: =IF('Phytopl Count'!L46=0,"",'Phytopl Count'!L46*'Phytopl Count'!L$13/'Phytopl Count'!L$8) | M46: =IF('Phytopl Count'!M46=0,"",'Phytopl Count'!M46*'Phytopl Count'!M$13/'Phytopl Count'!M$8) | N46: =IF('Phytopl Count'!N46=0,"",'Phytopl Count'!N46*'Phytopl Count'!N$13/'Phytopl Count'!N$8) | ... AF46: =IF('Phytopl Count'!AF46=0,"",'Phytopl Count'!AF46*'Phytopl Count'!AF$13/'Phytopl Count'!AF$8)
E47: Genus: | F47: Licmophora | G47: =IF('Phytopl Count'!G47=0,"",'Phytopl Count'!G47*'Phytopl Count'!G$13/'Phytopl Count'!G$8) | H47: =IF('Phytopl Count'!H47=0,"",'Phytopl Count'!H47*'Phytopl Count'!H$13/'Phytopl Count'!H$8) | I47: =IF('Phytopl Count'!I47=0,"",'Phytopl Count'!I47*'Phytopl Count'!I$13/'Phytopl Count'!I$8) | J47: =IF('Phytopl Count'!J47=0,"",'Phytopl Count'!J47*'Phytopl Count'!J$13/'Phytopl Count'!J$8) -> 0.12011694 | K47: =IF('Phytopl Count'!K47=0,"",'Phytopl Count'!K47*'Phytopl Count'!K$13/'Phytopl Count'!K$8) | L47: =IF('Phytopl Count'!L47=0,"",'Phytopl Count'!L47*'Phytopl Count'!L$13/'Phytopl Count'!L$8) | M47: =IF('Phytopl Count'!M47=0,"",'Phytopl Count'!M47*'Phytopl Count'!M$13/'Phytopl Count'!M$8) | N47: =IF('Phytopl Count'!N47=0,"",'Phytopl Count'!N47*'Phytopl Count'!N$13/'Phytopl Count'!N$8) | ... AF47: =IF('Phytopl Count'!AF47=0,"",'Phytopl Count'!AF47*'Phytopl Count'!AF$13/'Phytopl Count'!AF$8)
D48: Family: | E48: Ulnariaceae | G48: =IF('Phytopl Count'!G48=0,"",'Phytopl Count'!G48*'Phytopl Count'!G$13/'Phytopl Count'!G$8) | H48: =IF('Phytopl Count'!H48=0,"",'Phytopl Count'!H48*'Phytopl Count'!H$13/'Phytopl Count'!H$8) | I48: =IF('Phytopl Count'!I48=0,"",'Phytopl Count'!I48*'Phytopl Count'!I$13/'Phytopl Count'!I$8) | J48: =IF('Phytopl Count'!J48=0,"",'Phytopl Count'!J48*'Phytopl Count'!J$13/'Phytopl Count'!J$8) | K48: =IF('Phytopl Count'!K48=0,"",'Phytopl Count'!K48*'Phytopl Count'!K$13/'Phytopl Count'!K$8) | L48: =IF('Phytopl Count'!L48=0,"",'Phytopl Count'!L48*'Phytopl Count'!L$13/'Phytopl Count'!L$8) | M48: =IF('Phytopl Count'!M48=0,"",'Phytopl Count'!M48*'Phytopl Count'!M$13/'Phytopl Count'!M$8) | N48: =IF('Phytopl Count'!N48=0,"",'Phytopl Count'!N48*'Phytopl Count'!N$13/'Phytopl Count'!N$8) | ... AF48: =IF('Phytopl Count'!AF48=0,"",'Phytopl Count'!AF48*'Phytopl Count'!AF$13/'Phytopl Count'!AF$8)
E49: Genus: | F49: Ulnaria | G49: =IF('Phytopl Count'!G49=0,"",'Phytopl Count'!G49*'Phytopl Count'!G$13/'Phytopl Count'!G$8) | H49: =IF('Phytopl Count'!H49=0,"",'Phytopl Count'!H49*'Phytopl Count'!H$13/'Phytopl Count'!H$8) | I49: =IF('Phytopl Count'!I49=0,"",'Phytopl Count'!I49*'Phytopl Count'!I$13/'Phytopl Count'!I$8) | J49: =IF('Phytopl Count'!J49=0,"",'Phytopl Count'!J49*'Phytopl Count'!J$13/'Phytopl Count'!J$8) | K49: =IF('Phytopl Count'!K49=0,"",'Phytopl Count'!K49*'Phytopl Count'!K$13/'Phytopl Count'!K$8) | L49: =IF('Phytopl Count'!L49=0,"",'Phytopl Count'!L49*'Phytopl Count'!L$13/'Phytopl Count'!L$8) | M49: =IF('Phytopl Count'!M49=0,"",'Phytopl Count'!M49*'Phytopl Count'!M$13/'Phytopl Count'!M$8) | N49: =IF('Phytopl Count'!N49=0,"",'Phytopl Count'!N49*'Phytopl Count'!N$13/'Phytopl Count'!N$8) | ... AF49: =IF('Phytopl Count'!AF49=0,"",'Phytopl Count'!AF49*'Phytopl Count'!AF$13/'Phytopl Count'!AF$8)
C50: Order: | D50: Thalassionematales | G50: =IF('Phytopl Count'!G50=0,"",'Phytopl Count'!G50*'Phytopl Count'!G$13/'Phytopl Count'!G$8) | H50: =IF('Phytopl Count'!H50=0,"",'Phytopl Count'!H50*'Phytopl Count'!H$13/'Phytopl Count'!H$8) | I50: =IF('Phytopl Count'!I50=0,"",'Phytopl Count'!I50*'Phytopl Count'!I$13/'Phytopl Count'!I$8) | J50: =IF('Phytopl Count'!J50=0,"",'Phytopl Count'!J50*'Phytopl Count'!J$13/'Phytopl Count'!J$8) | K50: =IF('Phytopl Count'!K50=0,"",'Phytopl Count'!K50*'Phytopl Count'!K$13/'Phytopl Count'!K$8) | L50: =IF('Phytopl Count'!L50=0,"",'Phytopl Count'!L50*'Phytopl Count'!L$13/'Phytopl Count'!L$8) | M50: =IF('Phytopl Count'!M50=0,"",'Phytopl Count'!M50*'Phytopl Count'!M$13/'Phytopl Count'!M$8) | N50: =IF('Phytopl Count'!N50=0,"",'Phytopl Count'!N50*'Phytopl Count'!N$13/'Phytopl Count'!N$8) | ... AF50: =IF('Phytopl Count'!AF50=0,"",'Phytopl Count'!AF50*'Phytopl Count'!AF$13/'Phytopl Count'!AF$8)
D51: Family: | E51: Thalassionemataceae | G51: =IF('Phytopl Count'!G51=0,"",'Phytopl Count'!G51*'Phytopl Count'!G$13/'Phytopl Count'!G$8) | H51: =IF('Phytopl Count'!H51=0,"",'Phytopl Count'!H51*'Phytopl Count'!H$13/'Phytopl Count'!H$8) | I51: =IF('Phytopl Count'!I51=0,"",'Phytopl Count'!I51*'Phytopl Count'!I$13/'Phytopl Count'!I$8) | J51: =IF('Phytopl Count'!J51=0,"",'Phytopl Count'!J51*'Phytopl Count'!J$13/'Phytopl Count'!J$8) | K51: =IF('Phytopl Count'!K51=0,"",'Phytopl Count'!K51*'Phytopl Count'!K$13/'Phytopl Count'!K$8) | L51: =IF('Phytopl Count'!L51=0,"",'Phytopl Count'!L51*'Phytopl Count'!L$13/'Phytopl Count'!L$8) | M51: =IF('Phytopl Count'!M51=0,"",'Phytopl Count'!M51*'Phytopl Count'!M$13/'Phytopl Count'!M$8) | N51: =IF('Phytopl Count'!N51=0,"",'Phytopl Count'!N51*'Phytopl Count'!N$13/'Phytopl Count'!N$8) | ... AF51: =IF('Phytopl Count'!AF51=0,"",'Phytopl Count'!AF51*'Phytopl Count'!AF$13/'Phytopl Count'!AF$8)
F52: Thalassionema | G52: =IF('Phytopl Count'!G52=0,"",'Phytopl Count'!G52*'Phytopl Count'!G$13/'Phytopl Count'!G$8) | H52: =IF('Phytopl Count'!H52=0,"",'Phytopl Count'!H52*'Phytopl Count'!H$13/'Phytopl Count'!H$8) | I52: =IF('Phytopl Count'!I52=0,"",'Phytopl Count'!I52*'Phytopl Count'!I$13/'Phytopl Count'!I$8) | J52: =IF('Phytopl Count'!J52=0,"",'Phytopl Count'!J52*'Phytopl Count'!J$13/'Phytopl Count'!J$8) | K52: =IF('Phytopl Count'!K52=0,"",'Phytopl Count'!K52*'Phytopl Count'!K$13/'Phytopl Count'!K$8) | L52: =IF('Phytopl Count'!L52=0,"",'Phytopl Count'!L52*'Phytopl Count'!L$13/'Phytopl Count'!L$8) | M52: =IF('Phytopl Count'!M52=0,"",'Phytopl Count'!M52*'Phytopl Count'!M$13/'Phytopl Count'!M$8) | N52: =IF('Phytopl Count'!N52=0,"",'Phytopl Count'!N52*'Phytopl Count'!N$13/'Phytopl Count'!N$8) | ... AF52: =IF('Phytopl Count'!AF52=0,"",'Phytopl Count'!AF52*'Phytopl Count'!AF$13/'Phytopl Count'!AF$8)
E53: Genus: | F53: Thalassiothrix | G53: =IF('Phytopl Count'!G53=0,"",'Phytopl Count'!G53*'Phytopl Count'!G$13/'Phytopl Count'!G$8) -> 0.14947886 | H53: =IF('Phytopl Count'!H53=0,"",'Phytopl Count'!H53*'Phytopl Count'!H$13/'Phytopl Count'!H$8) -> 0.48046775 | I53: =IF('Phytopl Count'!I53=0,"",'Phytopl Count'!I53*'Phytopl Count'!I$13/'Phytopl Count'!I$8) -> 0.11210914 | J53: =IF('Phytopl Count'!J53=0,"",'Phytopl Count'!J53*'Phytopl Count'!J$13/'Phytopl Count'!J$8) -> 0.040038979 | K53: =IF('Phytopl Count'!K53=0,"",'Phytopl Count'!K53*'Phytopl Count'!K$13/'Phytopl Count'!K$8) -> 0.1921871 | L53: =IF('Phytopl Count'!L53=0,"",'Phytopl Count'!L53*'Phytopl Count'!L$13/'Phytopl Count'!L$8) -> 0.072070163 | M53: =IF('Phytopl Count'!M53=0,"",'Phytopl Count'!M53*'Phytopl Count'!M$13/'Phytopl Count'!M$8) -> 0.040038979 | N53: =IF('Phytopl Count'!N53=0,"",'Phytopl Count'!N53*'Phytopl Count'!N$13/'Phytopl Count'!N$8) -> 0.24023388 | ... AF53: =IF('Phytopl Count'!AF53=0,"",'Phytopl Count'!AF53*'Phytopl Count'!AF$13/'Phytopl Count'!AF$8) -> 0.12812473
C54: Order: | D54: Thalassiophysales | G54: =IF('Phytopl Count'!G54=0,"",'Phytopl Count'!G54*'Phytopl Count'!G$13/'Phytopl Count'!G$8) | H54: =IF('Phytopl Count'!H54=0,"",'Phytopl Count'!H54*'Phytopl Count'!H$13/'Phytopl Count'!H$8) | I54: =IF('Phytopl Count'!I54=0,"",'Phytopl Count'!I54*'Phytopl Count'!I$13/'Phytopl Count'!I$8) | J54: =IF('Phytopl Count'!J54=0,"",'Phytopl Count'!J54*'Phytopl Count'!J$13/'Phytopl Count'!J$8) | K54: =IF('Phytopl Count'!K54=0,"",'Phytopl Count'!K54*'Phytopl Count'!K$13/'Phytopl Count'!K$8) | L54: =IF('Phytopl Count'!L54=0,"",'Phytopl Count'!L54*'Phytopl Count'!L$13/'Phytopl Count'!L$8) | M54: =IF('Phytopl Count'!M54=0,"",'Phytopl Count'!M54*'Phytopl Count'!M$13/'Phytopl Count'!M$8) | N54: =IF('Phytopl Count'!N54=0,"",'Phytopl Count'!N54*'Phytopl Count'!N$13/'Phytopl Count'!N$8) | ... AF54: =IF('Phytopl Count'!AF54=0,"",'Phytopl Count'!AF54*'Phytopl Count'!AF$13/'Phytopl Count'!AF$8)
D55: Family: | E55: Catenulaceae | G55: =IF('Phytopl Count'!G55=0,"",'Phytopl Count'!G55*'Phytopl Count'!G$13/'Phytopl Count'!G$8) | H55: =IF('Phytopl Count'!H55=0,"",'Phytopl Count'!H55*'Phytopl Count'!H$13/'Phytopl Count'!H$8) | I55: =IF('Phytopl Count'!I55=0,"",'Phytopl Count'!I55*'Phytopl Count'!I$13/'Phytopl Count'!I$8) | J55: =IF('Phytopl Count'!J55=0,"",'Phytopl Count'!J55*'Phytopl Count'!J$13/'Phytopl Count'!J$8) | K55: =IF('Phytopl Count'!K55=0,"",'Phytopl Count'!K55*'Phytopl Count'!K$13/'Phytopl Count'!K$8) | L55: =IF('Phytopl Count'!L55=0,"",'Phytopl Count'!L55*'Phytopl Count'!L$13/'Phytopl Count'!L$8) | M55: =IF('Phytopl Count'!M55=0,"",'Phytopl Count'!M55*'Phytopl Count'!M$13/'Phytopl Count'!M$8) | N55: =IF('Phytopl Count'!N55=0,"",'Phytopl Count'!N55*'Phytopl Count'!N$13/'Phytopl Count'!N$8) | ... AF55: =IF('Phytopl Count'!AF55=0,"",'Phytopl Count'!AF55*'Phytopl Count'!AF$13/'Phytopl Count'!AF$8)
E56: Genus: | F56: Amphora | G56: =IF('Phytopl Count'!G56=0,"",'Phytopl Count'!G56*'Phytopl Count'!G$13/'Phytopl Count'!G$8) | H56: =IF('Phytopl Count'!H56=0,"",'Phytopl Count'!H56*'Phytopl Count'!H$13/'Phytopl Count'!H$8) | I56: =IF('Phytopl Count'!I56=0,"",'Phytopl Count'!I56*'Phytopl Count'!I$13/'Phytopl Count'!I$8) | J56: =IF('Phytopl Count'!J56=0,"",'Phytopl Count'!J56*'Phytopl Count'!J$13/'Phytopl Count'!J$8) | K56: =IF('Phytopl Count'!K56=0,"",'Phytopl Count'!K56*'Phytopl Count'!K$13/'Phytopl Count'!K$8) | L56: =IF('Phytopl Count'!L56=0,"",'Phytopl Count'!L56*'Phytopl Count'!L$13/'Phytopl Count'!L$8) | M56: =IF('Phytopl Count'!M56=0,"",'Phytopl Count'!M56*'Phytopl Count'!M$13/'Phytopl Count'!M$8) | N56: =IF('Phytopl Count'!N56=0,"",'Phytopl Count'!N56*'Phytopl Count'!N$13/'Phytopl Count'!N$8) | ... AF56: =IF('Phytopl Count'!AF56=0,"",'Phytopl Count'!AF56*'Phytopl Count'!AF$13/'Phytopl Count'!AF$8)
C57: Order: | D57: Naviculales | G57: =IF('Phytopl Count'!G57=0,"",'Phytopl Count'!G57*'Phytopl Count'!G$13/'Phytopl Count'!G$8) | H57: =IF('Phytopl Count'!H57=0,"",'Phytopl Count'!H57*'Phytopl Count'!H$13/'Phytopl Count'!H$8) | I57: =IF('Phytopl Count'!I57=0,"",'Phytopl Count'!I57*'Phytopl Count'!I$13/'Phytopl Count'!I$8) | J57: =IF('Phytopl Count'!J57=0,"",'Phytopl Count'!J57*'Phytopl Count'!J$13/'Phytopl Count'!J$8) | K57: =IF('Phytopl Count'!K57=0,"",'Phytopl Count'!K57*'Phytopl Count'!K$13/'Phytopl Count'!K$8) | L57: =IF('Phytopl Count'!L57=0,"",'Phytopl Count'!L57*'Phytopl Count'!L$13/'Phytopl Count'!L$8) | M57: =IF('Phytopl Count'!M57=0,"",'Phytopl Count'!M57*'Phytopl Count'!M$13/'Phytopl Count'!M$8) | N57: =IF('Phytopl Count'!N57=0,"",'Phytopl Count'!N57*'Phytopl Count'!N$13/'Phytopl Count'!N$8) | ... AF57: =IF('Phytopl Count'!AF57=0,"",'Phytopl Count'!AF57*'Phytopl Count'!AF$13/'Phytopl Count'!AF$8)
D58: Family: | E58: Diadesmidaceae | G58: =IF('Phytopl Count'!G58=0,"",'Phytopl Count'!G58*'Phytopl Count'!G$13/'Phytopl Count'!G$8) | H58: =IF('Phytopl Count'!H58=0,"",'Phytopl Count'!H58*'Phytopl Count'!H$13/'Phytopl Count'!H$8) | I58: =IF('Phytopl Count'!I58=0,"",'Phytopl Count'!I58*'Phytopl Count'!I$13/'Phytopl Count'!I$8) | J58: =IF('Phytopl Count'!J58=0,"",'Phytopl Count'!J58*'Phytopl Count'!J$13/'Phytopl Count'!J$8) | K58: =IF('Phytopl Count'!K58=0,"",'Phytopl Count'!K58*'Phytopl Count'!K$13/'Phytopl Count'!K$8) | L58: =IF('Phytopl Count'!L58=0,"",'Phytopl Count'!L58*'Phytopl Count'!L$13/'Phytopl Count'!L$8) | M58: =IF('Phytopl Count'!M58=0,"",'Phytopl Count'!M58*'Phytopl Count'!M$13/'Phytopl Count'!M$8) | N58: =IF('Phytopl Count'!N58=0,"",'Phytopl Count'!N58*'Phytopl Count'!N$13/'Phytopl Count'!N$8) | ... AF58: =IF('Phytopl Count'!AF58=0,"",'Phytopl Count'!AF58*'Phytopl Count'!AF$13/'Phytopl Count'!AF$8)
E59: Genus: | F59: Diadesmis | G59: =IF('Phytopl Count'!G59=0,"",'Phytopl Count'!G59*'Phytopl Count'!G$13/'Phytopl Count'!G$8) | H59: =IF('Phytopl Count'!H59=0,"",'Phytopl Count'!H59*'Phytopl Count'!H$13/'Phytopl Count'!H$8) | I59: =IF('Phytopl Count'!I59=0,"",'Phytopl Count'!I59*'Phytopl Count'!I$13/'Phytopl Count'!I$8) | J59: =IF('Phytopl Count'!J59=0,"",'Phytopl Count'!J59*'Phytopl Count'!J$13/'Phytopl Count'!J$8) | K59: =IF('Phytopl Count'!K59=0,"",'Phytopl Count'!K59*'Phytopl Count'!K$13/'Phytopl Count'!K$8) | L59: =IF('Phytopl Count'!L59=0,"",'Phytopl Count'!L59*'Phytopl Count'!L$13/'Phytopl Count'!L$8) | M59: =IF('Phytopl Count'!M59=0,"",'Phytopl Count'!M59*'Phytopl Count'!M$13/'Phytopl Count'!M$8) | N59: =IF('Phytopl Count'!N59=0,"",'Phytopl Count'!N59*'Phytopl Count'!N$13/'Phytopl Count'!N$8) | ... AF59: =IF('Phytopl Count'!AF59=0,"",'Phytopl Count'!AF59*'Phytopl Count'!AF$13/'Phytopl Count'!AF$8)
D60: Family: | E60: Diploneidaceae | G60: =IF('Phytopl Count'!G60=0,"",'Phytopl Count'!G60*'Phytopl Count'!G$13/'Phytopl Count'!G$8) | H60: =IF('Phytopl Count'!H60=0,"",'Phytopl Count'!H60*'Phytopl Count'!H$13/'Phytopl Count'!H$8) | I60: =IF('Phytopl Count'!I60=0,"",'Phytopl Count'!I60*'Phytopl Count'!I$13/'Phytopl Count'!I$8) | J60: =IF('Phytopl Count'!J60=0,"",'Phytopl Count'!J60*'Phytopl Count'!J$13/'Phytopl Count'!J$8) | K60: =IF('Phytopl Count'!K60=0,"",'Phytopl Count'!K60*'Phytopl Count'!K$13/'Phytopl Count'!K$8) | L60: =IF('Phytopl Count'!L60=0,"",'Phytopl Count'!L60*'Phytopl Count'!L$13/'Phytopl Count'!L$8) | M60: =IF('Phytopl Count'!M60=0,"",'Phytopl Count'!M60*'Phytopl Count'!M$13/'Phytopl Count'!M$8) | N60: =IF('Phytopl Count'!N60=0,"",'Phytopl Count'!N60*'Phytopl Count'!N$13/'Phytopl Count'!N$8) | ... AF60: =IF('Phytopl Count'!AF60=0,"",'Phytopl Count'!AF60*'Phytopl Count'!AF$13/'Phytopl Count'!AF$8)
E61: Genus: | F61: Diploneis | G61: =IF('Phytopl Count'!G61=0,"",'Phytopl Count'!G61*'Phytopl Count'!G$13/'Phytopl Count'!G$8) | H61: =IF('Phytopl Count'!H61=0,"",'Phytopl Count'!H61*'Phytopl Count'!H$13/'Phytopl Count'!H$8) | I61: =IF('Phytopl Count'!I61=0,"",'Phytopl Count'!I61*'Phytopl Count'!I$13/'Phytopl Count'!I$8) | J61: =IF('Phytopl Count'!J61=0,"",'Phytopl Count'!J61*'Phytopl Count'!J$13/'Phytopl Count'!J$8) | K61: =IF('Phytopl Count'!K61=0,"",'Phytopl Count'!K61*'Phytopl Count'!K$13/'Phytopl Count'!K$8) | L61: =IF('Phytopl Count'!L61=0,"",'Phytopl Count'!L61*'Phytopl Count'!L$13/'Phytopl Count'!L$8) | M61: =IF('Phytopl Count'!M61=0,"",'Phytopl Count'!M61*'Phytopl Count'!M$13/'Phytopl Count'!M$8) | N61: =IF('Phytopl Count'!N61=0,"",'Phytopl Count'!N61*'Phytopl Count'!N$13/'Phytopl Count'!N$8) | ... AF61: =IF('Phytopl Count'!AF61=0,"",'Phytopl Count'!AF61*'Phytopl Count'!AF$13/'Phytopl Count'!AF$8)
D62: Family: | E62: Naviculaceae | G62: =IF('Phytopl Count'!G62=0,"",'Phytopl Count'!G62*'Phytopl Count'!G$13/'Phytopl Count'!G$8) | H62: =IF('Phytopl Count'!H62=0,"",'Phytopl Count'!H62*'Phytopl Count'!H$13/'Phytopl Count'!H$8) | I62: =IF('Phytopl Count'!I62=0,"",'Phytopl Count'!I62*'Phytopl Count'!I$13/'Phytopl Count'!I$8) | J62: =IF('Phytopl Count'!J62=0,"",'Phytopl Count'!J62*'Phytopl Count'!J$13/'Phytopl Count'!J$8) | K62: =IF('Phytopl Count'!K62=0,"",'Phytopl Count'!K62*'Phytopl Count'!K$13/'Phytopl Count'!K$8) | L62: =IF('Phytopl Count'!L62=0,"",'Phytopl Count'!L62*'Phytopl Count'!L$13/'Phytopl Count'!L$8) | M62: =IF('Phytopl Count'!M62=0,"",'Phytopl Count'!M62*'Phytopl Count'!M$13/'Phytopl Count'!M$8) | N62: =IF('Phytopl Count'!N62=0,"",'Phytopl Count'!N62*'Phytopl Count'!N$13/'Phytopl Count'!N$8) | ... AF62: =IF('Phytopl Count'!AF62=0,"",'Phytopl Count'!AF62*'Phytopl Count'!AF$13/'Phytopl Count'!AF$8)
F63: Gyrosigma | G63: =IF('Phytopl Count'!G63=0,"",'Phytopl Count'!G63*'Phytopl Count'!G$13/'Phytopl Count'!G$8) | H63: =IF('Phytopl Count'!H63=0,"",'Phytopl Count'!H63*'Phytopl Count'!H$13/'Phytopl Count'!H$8) | I63: =IF('Phytopl Count'!I63=0,"",'Phytopl Count'!I63*'Phytopl Count'!I$13/'Phytopl Count'!I$8) | J63: =IF('Phytopl Count'!J63=0,"",'Phytopl Count'!J63*'Phytopl Count'!J$13/'Phytopl Count'!J$8) | K63: =IF('Phytopl Count'!K63=0,"",'Phytopl Count'!K63*'Phytopl Count'!K$13/'Phytopl Count'!K$8) | L63: =IF('Phytopl Count'!L63=0,"",'Phytopl Count'!L63*'Phytopl Count'!L$13/'Phytopl Count'!L$8) | M63: =IF('Phytopl Count'!M63=0,"",'Phytopl Count'!M63*'Phytopl Count'!M$13/'Phytopl Count'!M$8) | N63: =IF('Phytopl Count'!N63=0,"",'Phytopl Count'!N63*'Phytopl Count'!N$13/'Phytopl Count'!N$8) | ... AF63: =IF('Phytopl Count'!AF63=0,"",'Phytopl Count'!AF63*'Phytopl Count'!AF$13/'Phytopl Count'!AF$8)
E64: Genus: | F64: Haslea | G64: =IF('Phytopl Count'!G64=0,"",'Phytopl Count'!G64*'Phytopl Count'!G$13/'Phytopl Count'!G$8) | H64: =IF('Phytopl Count'!H64=0,"",'Phytopl Count'!H64*'Phytopl Count'!H$13/'Phytopl Count'!H$8) | I64: =IF('Phytopl Count'!I64=0,"",'Phytopl Count'!I64*'Phytopl Count'!I$13/'Phytopl Count'!I$8) | J64: =IF('Phytopl Count'!J64=0,"",'Phytopl Count'!J64*'Phytopl Count'!J$13/'Phytopl Count'!J$8) | K64: =IF('Phytopl Count'!K64=0,"",'Phytopl Count'!K64*'Phytopl Count'!K$13/'Phytopl Count'!K$8) -> 0.064062367 | L64: =IF('Phytopl Count'!L64=0,"",'Phytopl Count'!L64*'Phytopl Count'!L$13/'Phytopl Count'!L$8) | M64: =IF('Phytopl Count'!M64=0,"",'Phytopl Count'!M64*'Phytopl Count'!M$13/'Phytopl Count'!M$8) -> 0.040038979 | N64: =IF('Phytopl Count'!N64=0,"",'Phytopl Count'!N64*'Phytopl Count'!N$13/'Phytopl Count'!N$8) -> 0.048046775 | ... AF64: =IF('Phytopl Count'!AF64=0,"",'Phytopl Count'!AF64*'Phytopl Count'!AF$13/'Phytopl Count'!AF$8)
F65: Navicula | G65: =IF('Phytopl Count'!G65=0,"",'Phytopl Count'!G65*'Phytopl Count'!G$13/'Phytopl Count'!G$8) | H65: =IF('Phytopl Count'!H65=0,"",'Phytopl Count'!H65*'Phytopl Count'!H$13/'Phytopl Count'!H$8) | I65: =IF('Phytopl Count'!I65=0,"",'Phytopl Count'!I65*'Phytopl Count'!I$13/'Phytopl Count'!I$8) | J65: =IF('Phytopl Count'!J65=0,"",'Phytopl Count'!J65*'Phytopl Count'!J$13/'Phytopl Count'!J$8) | K65: =IF('Phytopl Count'!K65=0,"",'Phytopl Count'!K65*'Phytopl Count'!K$13/'Phytopl Count'!K$8) | L65: =IF('Phytopl Count'!L65=0,"",'Phytopl Count'!L65*'Phytopl Count'!L$13/'Phytopl Count'!L$8) | M65: =IF('Phytopl Count'!M65=0,"",'Phytopl Count'!M65*'Phytopl Count'!M$13/'Phytopl Count'!M$8) | N65: =IF('Phytopl Count'!N65=0,"",'Phytopl Count'!N65*'Phytopl Count'!N$13/'Phytopl Count'!N$8) | ... AF65: =IF('Phytopl Count'!AF65=0,"",'Phytopl Count'!AF65*'Phytopl Count'!AF$13/'Phytopl Count'!AF$8)
D66: Family: | E66: Pinnulariaceae | G66: =IF('Phytopl Count'!G66=0,"",'Phytopl Count'!G66*'Phytopl Count'!G$13/'Phytopl Count'!G$8) | H66: =IF('Phytopl Count'!H66=0,"",'Phytopl Count'!H66*'Phytopl Count'!H$13/'Phytopl Count'!H$8) | I66: =IF('Phytopl Count'!I66=0,"",'Phytopl Count'!I66*'Phytopl Count'!I$13/'Phytopl Count'!I$8) | J66: =IF('Phytopl Count'!J66=0,"",'Phytopl Count'!J66*'Phytopl Count'!J$13/'Phytopl Count'!J$8) | K66: =IF('Phytopl Count'!K66=0,"",'Phytopl Count'!K66*'Phytopl Count'!K$13/'Phytopl Count'!K$8) | L66: =IF('Phytopl Count'!L66=0,"",'Phytopl Count'!L66*'Phytopl Count'!L$13/'Phytopl Count'!L$8) | M66: =IF('Phytopl Count'!M66=0,"",'Phytopl Count'!M66*'Phytopl Count'!M$13/'Phytopl Count'!M$8) | N66: =IF('Phytopl Count'!N66=0,"",'Phytopl Count'!N66*'Phytopl Count'!N$13/'Phytopl Count'!N$8) | ... AF66: =IF('Phytopl Count'!AF66=0,"",'Phytopl Count'!AF66*'Phytopl Count'!AF$13/'Phytopl Count'!AF$8)
E67: Genus: | F67: Pinnularia | G67: =IF('Phytopl Count'!G67=0,"",'Phytopl Count'!G67*'Phytopl Count'!G$13/'Phytopl Count'!G$8) | H67: =IF('Phytopl Count'!H67=0,"",'Phytopl Count'!H67*'Phytopl Count'!H$13/'Phytopl Count'!H$8) | I67: =IF('Phytopl Count'!I67=0,"",'Phytopl Count'!I67*'Phytopl Count'!I$13/'Phytopl Count'!I$8) | J67: =IF('Phytopl Count'!J67=0,"",'Phytopl Count'!J67*'Phytopl Count'!J$13/'Phytopl Count'!J$8) | K67: =IF('Phytopl Count'!K67=0,"",'Phytopl Count'!K67*'Phytopl Count'!K$13/'Phytopl Count'!K$8) | L67: =IF('Phytopl Count'!L67=0,"",'Phytopl Count'!L67*'Phytopl Count'!L$13/'Phytopl Count'!L$8) | M67: =IF('Phytopl Count'!M67=0,"",'Phytopl Count'!M67*'Phytopl Count'!M$13/'Phytopl Count'!M$8) | N67: =IF('Phytopl Count'!N67=0,"",'Phytopl Count'!N67*'Phytopl Count'!N$13/'Phytopl Count'!N$8) | ... AF67: =IF('Phytopl Count'!AF67=0,"",'Phytopl Count'!AF67*'Phytopl Count'!AF$13/'Phytopl Count'!AF$8)
D68: Family: | E68: Plagiotropidaceae | G68: =IF('Phytopl Count'!G68=0,"",'Phytopl Count'!G68*'Phytopl Count'!G$13/'Phytopl Count'!G$8) | H68: =IF('Phytopl Count'!H68=0,"",'Phytopl Count'!H68*'Phytopl Count'!H$13/'Phytopl Count'!H$8) | I68: =IF('Phytopl Count'!I68=0,"",'Phytopl Count'!I68*'Phytopl Count'!I$13/'Phytopl Count'!I$8) | J68: =IF('Phytopl Count'!J68=0,"",'Phytopl Count'!J68*'Phytopl Count'!J$13/'Phytopl Count'!J$8) | K68: =IF('Phytopl Count'!K68=0,"",'Phytopl Count'!K68*'Phytopl Count'!K$13/'Phytopl Count'!K$8) | L68: =IF('Phytopl Count'!L68=0,"",'Phytopl Count'!L68*'Phytopl Count'!L$13/'Phytopl Count'!L$8) | M68: =IF('Phytopl Count'!M68=0,"",'Phytopl Count'!M68*'Phytopl Count'!M$13/'Phytopl Count'!M$8) | N68: =IF('Phytopl Count'!N68=0,"",'Phytopl Count'!N68*'Phytopl Count'!N$13/'Phytopl Count'!N$8) | ... AF68: =IF('Phytopl Count'!AF68=0,"",'Phytopl Count'!AF68*'Phytopl Count'!AF$13/'Phytopl Count'!AF$8)
E69: Genus: | F69: Meuniera | G69: =IF('Phytopl Count'!G69=0,"",'Phytopl Count'!G69*'Phytopl Count'!G$13/'Phytopl Count'!G$8) | H69: =IF('Phytopl Count'!H69=0,"",'Phytopl Count'!H69*'Phytopl Count'!H$13/'Phytopl Count'!H$8) | I69: =IF('Phytopl Count'!I69=0,"",'Phytopl Count'!I69*'Phytopl Count'!I$13/'Phytopl Count'!I$8) | J69: =IF('Phytopl Count'!J69=0,"",'Phytopl Count'!J69*'Phytopl Count'!J$13/'Phytopl Count'!J$8) | K69: =IF('Phytopl Count'!K69=0,"",'Phytopl Count'!K69*'Phytopl Count'!K$13/'Phytopl Count'!K$8) | L69: =IF('Phytopl Count'!L69=0,"",'Phytopl Count'!L69*'Phytopl Count'!L$13/'Phytopl Count'!L$8) | M69: =IF('Phytopl Count'!M69=0,"",'Phytopl Count'!M69*'Phytopl Count'!M$13/'Phytopl Count'!M$8) | N69: =IF('Phytopl Count'!N69=0,"",'Phytopl Count'!N69*'Phytopl Count'!N$13/'Phytopl Count'!N$8) | ... AF69: =IF('Phytopl Count'!AF69=0,"",'Phytopl Count'!AF69*'Phytopl Count'!AF$13/'Phytopl Count'!AF$8)
F70: Plagiolemma | G70: =IF('Phytopl Count'!G70=0,"",'Phytopl Count'!G70*'Phytopl Count'!G$13/'Phytopl Count'!G$8) | H70: =IF('Phytopl Count'!H70=0,"",'Phytopl Count'!H70*'Phytopl Count'!H$13/'Phytopl Count'!H$8) | I70: =IF('Phytopl Count'!I70=0,"",'Phytopl Count'!I70*'Phytopl Count'!I$13/'Phytopl Count'!I$8) | J70: =IF('Phytopl Count'!J70=0,"",'Phytopl Count'!J70*'Phytopl Count'!J$13/'Phytopl Count'!J$8) | K70: =IF('Phytopl Count'!K70=0,"",'Phytopl Count'!K70*'Phytopl Count'!K$13/'Phytopl Count'!K$8) | L70: =IF('Phytopl Count'!L70=0,"",'Phytopl Count'!L70*'Phytopl Count'!L$13/'Phytopl Count'!L$8) | M70: =IF('Phytopl Count'!M70=0,"",'Phytopl Count'!M70*'Phytopl Count'!M$13/'Phytopl Count'!M$8) | N70: =IF('Phytopl Count'!N70=0,"",'Phytopl Count'!N70*'Phytopl Count'!N$13/'Phytopl Count'!N$8) | ... AF70: =IF('Phytopl Count'!AF70=0,"",'Phytopl Count'!AF70*'Phytopl Count'!AF$13/'Phytopl Count'!AF$8)
D71: Family: | E71: Pleurosigmataceae | G71: =IF('Phytopl Count'!G71=0,"",'Phytopl Count'!G71*'Phytopl Count'!G$13/'Phytopl Count'!G$8) | H71: =IF('Phytopl Count'!H71=0,"",'Phytopl Count'!H71*'Phytopl Count'!H$13/'Phytopl Count'!H$8) | I71: =IF('Phytopl Count'!I71=0,"",'Phytopl Count'!I71*'Phytopl Count'!I$13/'Phytopl Count'!I$8) | J71: =IF('Phytopl Count'!J71=0,"",'Phytopl Count'!J71*'Phytopl Count'!J$13/'Phytopl Count'!J$8) | K71: =IF('Phytopl Count'!K71=0,"",'Phytopl Count'!K71*'Phytopl Count'!K$13/'Phytopl Count'!K$8) | L71: =IF('Phytopl Count'!L71=0,"",'Phytopl Count'!L71*'Phytopl Count'!L$13/'Phytopl Count'!L$8) | M71: =IF('Phytopl Count'!M71=0,"",'Phytopl Count'!M71*'Phytopl Count'!M$13/'Phytopl Count'!M$8) | N71: =IF('Phytopl Count'!N71=0,"",'Phytopl Count'!N71*'Phytopl Count'!N$13/'Phytopl Count'!N$8) | ... AF71: =IF('Phytopl Count'!AF71=0,"",'Phytopl Count'!AF71*'Phytopl Count'!AF$13/'Phytopl Count'!AF$8)
E72: Genus: | F72: Pleurosigma | G72: =IF('Phytopl Count'!G72=0,"",'Phytopl Count'!G72*'Phytopl Count'!G$13/'Phytopl Count'!G$8) | H72: =IF('Phytopl Count'!H72=0,"",'Phytopl Count'!H72*'Phytopl Count'!H$13/'Phytopl Count'!H$8) | I72: =IF('Phytopl Count'!I72=0,"",'Phytopl Count'!I72*'Phytopl Count'!I$13/'Phytopl Count'!I$8) | J72: =IF('Phytopl Count'!J72=0,"",'Phytopl Count'!J72*'Phytopl Count'!J$13/'Phytopl Count'!J$8) | K72: =IF('Phytopl Count'!K72=0,"",'Phytopl Count'!K72*'Phytopl Count'!K$13/'Phytopl Count'!K$8) -> 0.064062367 | L72: =IF('Phytopl Count'!L72=0,"",'Phytopl Count'!L72*'Phytopl Count'!L$13/'Phytopl Count'!L$8) | M72: =IF('Phytopl Count'!M72=0,"",'Phytopl Count'!M72*'Phytopl Count'!M$13/'Phytopl Count'!M$8) | N72: =IF('Phytopl Count'!N72=0,"",'Phytopl Count'!N72*'Phytopl Count'!N$13/'Phytopl Count'!N$8) | ... AF72: =IF('Phytopl Count'!AF72=0,"",'Phytopl Count'!AF72*'Phytopl Count'!AF$13/'Phytopl Count'!AF$8)
G73: =IF('Phytopl Count'!G73=0,"",'Phytopl Count'!G73*'Phytopl Count'!G$13/'Phytopl Count'!G$8) | H73: =IF('Phytopl Count'!H73=0,"",'Phytopl Count'!H73*'Phytopl Count'!H$13/'Phytopl Count'!H$8) | I73: =IF('Phytopl Count'!I73=0,"",'Phytopl Count'!I73*'Phytopl Count'!I$13/'Phytopl Count'!I$8) | J73: =IF('Phytopl Count'!J73=0,"",'Phytopl Count'!J73*'Phytopl Count'!J$13/'Phytopl Count'!J$8) | K73: =IF('Phytopl Count'!K73=0,"",'Phytopl Count'!K73*'Phytopl Count'!K$13/'Phytopl Count'!K$8) | L73: =IF('Phytopl Count'!L73=0,"",'Phytopl Count'!L73*'Phytopl Count'!L$13/'Phytopl Count'!L$8) | M73: =IF('Phytopl Count'!M73=0,"",'Phytopl Count'!M73*'Phytopl Count'!M$13/'Phytopl Count'!M$8) | N73: =IF('Phytopl Count'!N73=0,"",'Phytopl Count'!N73*'Phytopl Count'!N$13/'Phytopl Count'!N$8) | ... AF73: =IF('Phytopl Count'!AF73=0,"",'Phytopl Count'!AF73*'Phytopl Count'!AF$13/'Phytopl Count'!AF$8)
B74: Class: | C74: Coscinodiscophyceae | G74: =IF('Phytopl Count'!G74=0,"",'Phytopl Count'!G74*'Phytopl Count'!G$13/'Phytopl Count'!G$8) | H74: =IF('Phytopl Count'!H74=0,"",'Phytopl Count'!H74*'Phytopl Count'!H$13/'Phytopl Count'!H$8) | I74: =IF('Phytopl Count'!I74=0,"",'Phytopl Count'!I74*'Phytopl Count'!I$13/'Phytopl Count'!I$8) | J74: =IF('Phytopl Count'!J74=0,"",'Phytopl Count'!J74*'Phytopl Count'!J$13/'Phytopl Count'!J$8) | K74: =IF('Phytopl Count'!K74=0,"",'Phytopl Count'!K74*'Phytopl Count'!K$13/'Phytopl Count'!K$8) | L74: =IF('Phytopl Count'!L74=0,"",'Phytopl Count'!L74*'Phytopl Count'!L$13/'Phytopl Count'!L$8) | M74: =IF('Phytopl Count'!M74=0,"",'Phytopl Count'!M74*'Phytopl Count'!M$13/'Phytopl Count'!M$8) | N74: =IF('Phytopl Count'!N74=0,"",'Phytopl Count'!N74*'Phytopl Count'!N$13/'Phytopl Count'!N$8) | ... AF74: =IF('Phytopl Count'!AF74=0,"",'Phytopl Count'!AF74*'Phytopl Count'!AF$13/'Phytopl Count'!AF$8)
C75: Order: | D75: Asterolamprales | G75: =IF('Phytopl Count'!G75=0,"",'Phytopl Count'!G75*'Phytopl Count'!G$13/'Phytopl Count'!G$8) | H75: =IF('Phytopl Count'!H75=0,"",'Phytopl Count'!H75*'Phytopl Count'!H$13/'Phytopl Count'!H$8) | I75: =IF('Phytopl Count'!I75=0,"",'Phytopl Count'!I75*'Phytopl Count'!I$13/'Phytopl Count'!I$8) | J75: =IF('Phytopl Count'!J75=0,"",'Phytopl Count'!J75*'Phytopl Count'!J$13/'Phytopl Count'!J$8) | K75: =IF('Phytopl Count'!K75=0,"",'Phytopl Count'!K75*'Phytopl Count'!K$13/'Phytopl Count'!K$8) | L75: =IF('Phytopl Count'!L75=0,"",'Phytopl Count'!L75*'Phytopl Count'!L$13/'Phytopl Count'!L$8) | M75: =IF('Phytopl Count'!M75=0,"",'Phytopl Count'!M75*'Phytopl Count'!M$13/'Phytopl Count'!M$8) | N75: =IF('Phytopl Count'!N75=0,"",'Phytopl Count'!N75*'Phytopl Count'!N$13/'Phytopl Count'!N$8) | ... AF75: =IF('Phytopl Count'!AF75=0,"",'Phytopl Count'!AF75*'Phytopl Count'!AF$13/'Phytopl Count'!AF$8)
D76: Family: | E76: Asterolampraceae | G76: =IF('Phytopl Count'!G76=0,"",'Phytopl Count'!G76*'Phytopl Count'!G$13/'Phytopl Count'!G$8) | H76: =IF('Phytopl Count'!H76=0,"",'Phytopl Count'!H76*'Phytopl Count'!H$13/'Phytopl Count'!H$8) | I76: =IF('Phytopl Count'!I76=0,"",'Phytopl Count'!I76*'Phytopl Count'!I$13/'Phytopl Count'!I$8) | J76: =IF('Phytopl Count'!J76=0,"",'Phytopl Count'!J76*'Phytopl Count'!J$13/'Phytopl Count'!J$8) | K76: =IF('Phytopl Count'!K76=0,"",'Phytopl Count'!K76*'Phytopl Count'!K$13/'Phytopl Count'!K$8) | L76: =IF('Phytopl Count'!L76=0,"",'Phytopl Count'!L76*'Phytopl Count'!L$13/'Phytopl Count'!L$8) | M76: =IF('Phytopl Count'!M76=0,"",'Phytopl Count'!M76*'Phytopl Count'!M$13/'Phytopl Count'!M$8) | N76: =IF('Phytopl Count'!N76=0,"",'Phytopl Count'!N76*'Phytopl Count'!N$13/'Phytopl Count'!N$8) | ... AF76: =IF('Phytopl Count'!AF76=0,"",'Phytopl Count'!AF76*'Phytopl Count'!AF$13/'Phytopl Count'!AF$8)
E77: Genus: | F77: Asterolampra | G77: =IF('Phytopl Count'!G77=0,"",'Phytopl Count'!G77*'Phytopl Count'!G$13/'Phytopl Count'!G$8) | H77: =IF('Phytopl Count'!H77=0,"",'Phytopl Count'!H77*'Phytopl Count'!H$13/'Phytopl Count'!H$8) -> 0.048046775 | I77: =IF('Phytopl Count'!I77=0,"",'Phytopl Count'!I77*'Phytopl Count'!I$13/'Phytopl Count'!I$8) | J77: =IF('Phytopl Count'!J77=0,"",'Phytopl Count'!J77*'Phytopl Count'!J$13/'Phytopl Count'!J$8) | K77: =IF('Phytopl Count'!K77=0,"",'Phytopl Count'!K77*'Phytopl Count'!K$13/'Phytopl Count'!K$8) -> 0.032031184 | L77: =IF('Phytopl Count'!L77=0,"",'Phytopl Count'!L77*'Phytopl Count'!L$13/'Phytopl Count'!L$8) | M77: =IF('Phytopl Count'!M77=0,"",'Phytopl Count'!M77*'Phytopl Count'!M$13/'Phytopl Count'!M$8) | N77: =IF('Phytopl Count'!N77=0,"",'Phytopl Count'!N77*'Phytopl Count'!N$13/'Phytopl Count'!N$8) -> 0.048046775 | ... AF77: =IF('Phytopl Count'!AF77=0,"",'Phytopl Count'!AF77*'Phytopl Count'!AF$13/'Phytopl Count'!AF$8) -> 0.1921871
F78: Asteromphalus | G78: =IF('Phytopl Count'!G78=0,"",'Phytopl Count'!G78*'Phytopl Count'!G$13/'Phytopl Count'!G$8) | H78: =IF('Phytopl Count'!H78=0,"",'Phytopl Count'!H78*'Phytopl Count'!H$13/'Phytopl Count'!H$8) | I78: =IF('Phytopl Count'!I78=0,"",'Phytopl Count'!I78*'Phytopl Count'!I$13/'Phytopl Count'!I$8) | J78: =IF('Phytopl Count'!J78=0,"",'Phytopl Count'!J78*'Phytopl Count'!J$13/'Phytopl Count'!J$8) | K78: =IF('Phytopl Count'!K78=0,"",'Phytopl Count'!K78*'Phytopl Count'!K$13/'Phytopl Count'!K$8) | L78: =IF('Phytopl Count'!L78=0,"",'Phytopl Count'!L78*'Phytopl Count'!L$13/'Phytopl Count'!L$8) | M78: =IF('Phytopl Count'!M78=0,"",'Phytopl Count'!M78*'Phytopl Count'!M$13/'Phytopl Count'!M$8) | N78: =IF('Phytopl Count'!N78=0,"",'Phytopl Count'!N78*'Phytopl Count'!N$13/'Phytopl Count'!N$8) | ... AF78: =IF('Phytopl Count'!AF78=0,"",'Phytopl Count'!AF78*'Phytopl Count'!AF$13/'Phytopl Count'!AF$8)
C79: Order: | D79: Aulacoseirales | G79: =IF('Phytopl Count'!G79=0,"",'Phytopl Count'!G79*'Phytopl Count'!G$13/'Phytopl Count'!G$8) | H79: =IF('Phytopl Count'!H79=0,"",'Phytopl Count'!H79*'Phytopl Count'!H$13/'Phytopl Count'!H$8) | I79: =IF('Phytopl Count'!I79=0,"",'Phytopl Count'!I79*'Phytopl Count'!I$13/'Phytopl Count'!I$8) | J79: =IF('Phytopl Count'!J79=0,"",'Phytopl Count'!J79*'Phytopl Count'!J$13/'Phytopl Count'!J$8) | K79: =IF('Phytopl Count'!K79=0,"",'Phytopl Count'!K79*'Phytopl Count'!K$13/'Phytopl Count'!K$8) | L79: =IF('Phytopl Count'!L79=0,"",'Phytopl Count'!L79*'Phytopl Count'!L$13/'Phytopl Count'!L$8) | M79: =IF('Phytopl Count'!M79=0,"",'Phytopl Count'!M79*'Phytopl Count'!M$13/'Phytopl Count'!M$8) | N79: =IF('Phytopl Count'!N79=0,"",'Phytopl Count'!N79*'Phytopl Count'!N$13/'Phytopl Count'!N$8) | ... AF79: =IF('Phytopl Count'!AF79=0,"",'Phytopl Count'!AF79*'Phytopl Count'!AF$13/'Phytopl Count'!AF$8)
D80: Family: | E80: Aulacoseiraceae | G80: =IF('Phytopl Count'!G80=0,"",'Phytopl Count'!G80*'Phytopl Count'!G$13/'Phytopl Count'!G$8) | H80: =IF('Phytopl Count'!H80=0,"",'Phytopl Count'!H80*'Phytopl Count'!H$13/'Phytopl Count'!H$8) | I80: =IF('Phytopl Count'!I80=0,"",'Phytopl Count'!I80*'Phytopl Count'!I$13/'Phytopl Count'!I$8) | J80: =IF('Phytopl Count'!J80=0,"",'Phytopl Count'!J80*'Phytopl Count'!J$13/'Phytopl Count'!J$8) | K80: =IF('Phytopl Count'!K80=0,"",'Phytopl Count'!K80*'Phytopl Count'!K$13/'Phytopl Count'!K$8) | L80: =IF('Phytopl Count'!L80=0,"",'Phytopl Count'!L80*'Phytopl Count'!L$13/'Phytopl Count'!L$8) | M80: =IF('Phytopl Count'!M80=0,"",'Phytopl Count'!M80*'Phytopl Count'!M$13/'Phytopl Count'!M$8) | N80: =IF('Phytopl Count'!N80=0,"",'Phytopl Count'!N80*'Phytopl Count'!N$13/'Phytopl Count'!N$8) | ... AF80: =IF('Phytopl Count'!AF80=0,"",'Phytopl Count'!AF80*'Phytopl Count'!AF$13/'Phytopl Count'!AF$8)
E81: Genus: | F81: Aulacoseira | G81: =IF('Phytopl Count'!G81=0,"",'Phytopl Count'!G81*'Phytopl Count'!G$13/'Phytopl Count'!G$8) | H81: =IF('Phytopl Count'!H81=0,"",'Phytopl Count'!H81*'Phytopl Count'!H$13/'Phytopl Count'!H$8) | I81: =IF('Phytopl Count'!I81=0,"",'Phytopl Count'!I81*'Phytopl Count'!I$13/'Phytopl Count'!I$8) | J81: =IF('Phytopl Count'!J81=0,"",'Phytopl Count'!J81*'Phytopl Count'!J$13/'Phytopl Count'!J$8) | K81: =IF('Phytopl Count'!K81=0,"",'Phytopl Count'!K81*'Phytopl Count'!K$13/'Phytopl Count'!K$8) | L81: =IF('Phytopl Count'!L81=0,"",'Phytopl Count'!L81*'Phytopl Count'!L$13/'Phytopl Count'!L$8) | M81: =IF('Phytopl Count'!M81=0,"",'Phytopl Count'!M81*'Phytopl Count'!M$13/'Phytopl Count'!M$8) | N81: =IF('Phytopl Count'!N81=0,"",'Phytopl Count'!N81*'Phytopl Count'!N$13/'Phytopl Count'!N$8) | ... AF81: =IF('Phytopl Count'!AF81=0,"",'Phytopl Count'!AF81*'Phytopl Count'!AF$13/'Phytopl Count'!AF$8)
C82: Order: | D82: Melosirales | G82: =IF('Phytopl Count'!G82=0,"",'Phytopl Count'!G82*'Phytopl Count'!G$13/'Phytopl Count'!G$8) | H82: =IF('Phytopl Count'!H82=0,"",'Phytopl Count'!H82*'Phytopl Count'!H$13/'Phytopl Count'!H$8) | I82: =IF('Phytopl Count'!I82=0,"",'Phytopl Count'!I82*'Phytopl Count'!I$13/'Phytopl Count'!I$8) | J82: =IF('Phytopl Count'!J82=0,"",'Phytopl Count'!J82*'Phytopl Count'!J$13/'Phytopl Count'!J$8) | K82: =IF('Phytopl Count'!K82=0,"",'Phytopl Count'!K82*'Phytopl Count'!K$13/'Phytopl Count'!K$8) | L82: =IF('Phytopl Count'!L82=0,"",'Phytopl Count'!L82*'Phytopl Count'!L$13/'Phytopl Count'!L$8) | M82: =IF('Phytopl Count'!M82=0,"",'Phytopl Count'!M82*'Phytopl Count'!M$13/'Phytopl Count'!M$8) | N82: =IF('Phytopl Count'!N82=0,"",'Phytopl Count'!N82*'Phytopl Count'!N$13/'Phytopl Count'!N$8) | ... AF82: =IF('Phytopl Count'!AF82=0,"",'Phytopl Count'!AF82*'Phytopl Count'!AF$13/'Phytopl Count'!AF$8)
D83: Family: | E83: Melosiraceae | G83: =IF('Phytopl Count'!G83=0,"",'Phytopl Count'!G83*'Phytopl Count'!G$13/'Phytopl Count'!G$8) | H83: =IF('Phytopl Count'!H83=0,"",'Phytopl Count'!H83*'Phytopl Count'!H$13/'Phytopl Count'!H$8) | I83: =IF('Phytopl Count'!I83=0,"",'Phytopl Count'!I83*'Phytopl Count'!I$13/'Phytopl Count'!I$8) | J83: =IF('Phytopl Count'!J83=0,"",'Phytopl Count'!J83*'Phytopl Count'!J$13/'Phytopl Count'!J$8) | K83: =IF('Phytopl Count'!K83=0,"",'Phytopl Count'!K83*'Phytopl Count'!K$13/'Phytopl Count'!K$8) | L83: =IF('Phytopl Count'!L83=0,"",'Phytopl Count'!L83*'Phytopl Count'!L$13/'Phytopl Count'!L$8) | M83: =IF('Phytopl Count'!M83=0,"",'Phytopl Count'!M83*'Phytopl Count'!M$13/'Phytopl Count'!M$8) | N83: =IF('Phytopl Count'!N83=0,"",'Phytopl Count'!N83*'Phytopl Count'!N$13/'Phytopl Count'!N$8) | ... AF83: =IF('Phytopl Count'!AF83=0,"",'Phytopl Count'!AF83*'Phytopl Count'!AF$13/'Phytopl Count'!AF$8)
E84: Genus: | F84: Melosira | G84: =IF('Phytopl Count'!G84=0,"",'Phytopl Count'!G84*'Phytopl Count'!G$13/'Phytopl Count'!G$8) | H84: =IF('Phytopl Count'!H84=0,"",'Phytopl Count'!H84*'Phytopl Count'!H$13/'Phytopl Count'!H$8) | I84: =IF('Phytopl Count'!I84=0,"",'Phytopl Count'!I84*'Phytopl Count'!I$13/'Phytopl Count'!I$8) | J84: =IF('Phytopl Count'!J84=0,"",'Phytopl Count'!J84*'Phytopl Count'!J$13/'Phytopl Count'!J$8) | K84: =IF('Phytopl Count'!K84=0,"",'Phytopl Count'!K84*'Phytopl Count'!K$13/'Phytopl Count'!K$8) | L84: =IF('Phytopl Count'!L84=0,"",'Phytopl Count'!L84*'Phytopl Count'!L$13/'Phytopl Count'!L$8) | M84: =IF('Phytopl Count'!M84=0,"",'Phytopl Count'!M84*'Phytopl Count'!M$13/'Phytopl Count'!M$8) | N84: =IF('Phytopl Count'!N84=0,"",'Phytopl Count'!N84*'Phytopl Count'!N$13/'Phytopl Count'!N$8) | ... AF84: =IF('Phytopl Count'!AF84=0,"",'Phytopl Count'!AF84*'Phytopl Count'!AF$13/'Phytopl Count'!AF$8)
D85: Family: | E85: Paraliaceae | G85: =IF('Phytopl Count'!G85=0,"",'Phytopl Count'!G85*'Phytopl Count'!G$13/'Phytopl Count'!G$8) | H85: =IF('Phytopl Count'!H85=0,"",'Phytopl Count'!H85*'Phytopl Count'!H$13/'Phytopl Count'!H$8) | I85: =IF('Phytopl Count'!I85=0,"",'Phytopl Count'!I85*'Phytopl Count'!I$13/'Phytopl Count'!I$8) | J85: =IF('Phytopl Count'!J85=0,"",'Phytopl Count'!J85*'Phytopl Count'!J$13/'Phytopl Count'!J$8) | K85: =IF('Phytopl Count'!K85=0,"",'Phytopl Count'!K85*'Phytopl Count'!K$13/'Phytopl Count'!K$8) | L85: =IF('Phytopl Count'!L85=0,"",'Phytopl Count'!L85*'Phytopl Count'!L$13/'Phytopl Count'!L$8) | M85: =IF('Phytopl Count'!M85=0,"",'Phytopl Count'!M85*'Phytopl Count'!M$13/'Phytopl Count'!M$8) | N85: =IF('Phytopl Count'!N85=0,"",'Phytopl Count'!N85*'Phytopl Count'!N$13/'Phytopl Count'!N$8) | ... AF85: =IF('Phytopl Count'!AF85=0,"",'Phytopl Count'!AF85*'Phytopl Count'!AF$13/'Phytopl Count'!AF$8)
E86: Genus: | F86: Paralia | G86: =IF('Phytopl Count'!G86=0,"",'Phytopl Count'!G86*'Phytopl Count'!G$13/'Phytopl Count'!G$8) | H86: =IF('Phytopl Count'!H86=0,"",'Phytopl Count'!H86*'Phytopl Count'!H$13/'Phytopl Count'!H$8) | I86: =IF('Phytopl Count'!I86=0,"",'Phytopl Count'!I86*'Phytopl Count'!I$13/'Phytopl Count'!I$8) | J86: =IF('Phytopl Count'!J86=0,"",'Phytopl Count'!J86*'Phytopl Count'!J$13/'Phytopl Count'!J$8) | K86: =IF('Phytopl Count'!K86=0,"",'Phytopl Count'!K86*'Phytopl Count'!K$13/'Phytopl Count'!K$8) | L86: =IF('Phytopl Count'!L86=0,"",'Phytopl Count'!L86*'Phytopl Count'!L$13/'Phytopl Count'!L$8) | M86: =IF('Phytopl Count'!M86=0,"",'Phytopl Count'!M86*'Phytopl Count'!M$13/'Phytopl Count'!M$8) | N86: =IF('Phytopl Count'!N86=0,"",'Phytopl Count'!N86*'Phytopl Count'!N$13/'Phytopl Count'!N$8) | ... AF86: =IF('Phytopl Count'!AF86=0,"",'Phytopl Count'!AF86*'Phytopl Count'!AF$13/'Phytopl Count'!AF$8)
C87: Order: | D87: Stephanopyxales | G87: =IF('Phytopl Count'!G87=0,"",'Phytopl Count'!G87*'Phytopl Count'!G$13/'Phytopl Count'!G$8) | H87: =IF('Phytopl Count'!H87=0,"",'Phytopl Count'!H87*'Phytopl Count'!H$13/'Phytopl Count'!H$8) | I87: =IF('Phytopl Count'!I87=0,"",'Phytopl Count'!I87*'Phytopl Count'!I$13/'Phytopl Count'!I$8) | J87: =IF('Phytopl Count'!J87=0,"",'Phytopl Count'!J87*'Phytopl Count'!J$13/'Phytopl Count'!J$8) | K87: =IF('Phytopl Count'!K87=0,"",'Phytopl Count'!K87*'Phytopl Count'!K$13/'Phytopl Count'!K$8) | L87: =IF('Phytopl Count'!L87=0,"",'Phytopl Count'!L87*'Phytopl Count'!L$13/'Phytopl Count'!L$8) | M87: =IF('Phytopl Count'!M87=0,"",'Phytopl Count'!M87*'Phytopl Count'!M$13/'Phytopl Count'!M$8) | N87: =IF('Phytopl Count'!N87=0,"",'Phytopl Count'!N87*'Phytopl Count'!N$13/'Phytopl Count'!N$8) | ... AF87: =IF('Phytopl Count'!AF87=0,"",'Phytopl Count'!AF87*'Phytopl Count'!AF$13/'Phytopl Count'!AF$8)
D88: Family: | E88: Stephanopyxidaceae | G88: =IF('Phytopl Count'!G88=0,"",'Phytopl Count'!G88*'Phytopl Count'!G$13/'Phytopl Count'!G$8) | H88: =IF('Phytopl Count'!H88=0,"",'Phytopl Count'!H88*'Phytopl Count'!H$13/'Phytopl Count'!H$8) | I88: =IF('Phytopl Count'!I88=0,"",'Phytopl Count'!I88*'Phytopl Count'!I$13/'Phytopl Count'!I$8) | J88: =IF('Phytopl Count'!J88=0,"",'Phytopl Count'!J88*'Phytopl Count'!J$13/'Phytopl Count'!J$8) | K88: =IF('Phytopl Count'!K88=0,"",'Phytopl Count'!K88*'Phytopl Count'!K$13/'Phytopl Count'!K$8) | L88: =IF('Phytopl Count'!L88=0,"",'Phytopl Count'!L88*'Phytopl Count'!L$13/'Phytopl Count'!L$8) | M88: =IF('Phytopl Count'!M88=0,"",'Phytopl Count'!M88*'Phytopl Count'!M$13/'Phytopl Count'!M$8) | N88: =IF('Phytopl Count'!N88=0,"",'Phytopl Count'!N88*'Phytopl Count'!N$13/'Phytopl Count'!N$8) | ... AF88: =IF('Phytopl Count'!AF88=0,"",'Phytopl Count'!AF88*'Phytopl Count'!AF$13/'Phytopl Count'!AF$8)
E89: Genus: | F89: Stephanopyxis | G89: =IF('Phytopl Count'!G89=0,"",'Phytopl Count'!G89*'Phytopl Count'!G$13/'Phytopl Count'!G$8) | H89: =IF('Phytopl Count'!H89=0,"",'Phytopl Count'!H89*'Phytopl Count'!H$13/'Phytopl Count'!H$8) | I89: =IF('Phytopl Count'!I89=0,"",'Phytopl Count'!I89*'Phytopl Count'!I$13/'Phytopl Count'!I$8) | J89: =IF('Phytopl Count'!J89=0,"",'Phytopl Count'!J89*'Phytopl Count'!J$13/'Phytopl Count'!J$8) | K89: =IF('Phytopl Count'!K89=0,"",'Phytopl Count'!K89*'Phytopl Count'!K$13/'Phytopl Count'!K$8) | L89: =IF('Phytopl Count'!L89=0,"",'Phytopl Count'!L89*'Phytopl Count'!L$13/'Phytopl Count'!L$8) | M89: =IF('Phytopl Count'!M89=0,"",'Phytopl Count'!M89*'Phytopl Count'!M$13/'Phytopl Count'!M$8) | N89: =IF('Phytopl Count'!N89=0,"",'Phytopl Count'!N89*'Phytopl Count'!N$13/'Phytopl Count'!N$8) | ... AF89: =IF('Phytopl Count'!AF89=0,"",'Phytopl Count'!AF89*'Phytopl Count'!AF$13/'Phytopl Count'!AF$8)
C90: Order: | D90: Corethrales | G90: =IF('Phytopl Count'!G90=0,"",'Phytopl Count'!G90*'Phytopl Count'!G$13/'Phytopl Count'!G$8) | H90: =IF('Phytopl Count'!H90=0,"",'Phytopl Count'!H90*'Phytopl Count'!H$13/'Phytopl Count'!H$8) | I90: =IF('Phytopl Count'!I90=0,"",'Phytopl Count'!I90*'Phytopl Count'!I$13/'Phytopl Count'!I$8) | J90: =IF('Phytopl Count'!J90=0,"",'Phytopl Count'!J90*'Phytopl Count'!J$13/'Phytopl Count'!J$8) | K90: =IF('Phytopl Count'!K90=0,"",'Phytopl Count'!K90*'Phytopl Count'!K$13/'Phytopl Count'!K$8) | L90: =IF('Phytopl Count'!L90=0,"",'Phytopl Count'!L90*'Phytopl Count'!L$13/'Phytopl Count'!L$8) | M90: =IF('Phytopl Count'!M90=0,"",'Phytopl Count'!M90*'Phytopl Count'!M$13/'Phytopl Count'!M$8) | N90: =IF('Phytopl Count'!N90=0,"",'Phytopl Count'!N90*'Phytopl Count'!N$13/'Phytopl Count'!N$8) | ... AF90: =IF('Phytopl Count'!AF90=0,"",'Phytopl Count'!AF90*'Phytopl Count'!AF$13/'Phytopl Count'!AF$8)
D91: Family: | E91: Corethraceae | G91: =IF('Phytopl Count'!G91=0,"",'Phytopl Count'!G91*'Phytopl Count'!G$13/'Phytopl Count'!G$8) | H91: =IF('Phytopl Count'!H91=0,"",'Phytopl Count'!H91*'Phytopl Count'!H$13/'Phytopl Count'!H$8) | I91: =IF('Phytopl Count'!I91=0,"",'Phytopl Count'!I91*'Phytopl Count'!I$13/'Phytopl Count'!I$8) | J91: =IF('Phytopl Count'!J91=0,"",'Phytopl Count'!J91*'Phytopl Count'!J$13/'Phytopl Count'!J$8) | K91: =IF('Phytopl Count'!K91=0,"",'Phytopl Count'!K91*'Phytopl Count'!K$13/'Phytopl Count'!K$8) | L91: =IF('Phytopl Count'!L91=0,"",'Phytopl Count'!L91*'Phytopl Count'!L$13/'Phytopl Count'!L$8) | M91: =IF('Phytopl Count'!M91=0,"",'Phytopl Count'!M91*'Phytopl Count'!M$13/'Phytopl Count'!M$8) | N91: =IF('Phytopl Count'!N91=0,"",'Phytopl Count'!N91*'Phytopl Count'!N$13/'Phytopl Count'!N$8) | ... AF91: =IF('Phytopl Count'!AF91=0,"",'Phytopl Count'!AF91*'Phytopl Count'!AF$13/'Phytopl Count'!AF$8)
E92: Genus: | F92: Corethron | G92: =IF('Phytopl Count'!G92=0,"",'Phytopl Count'!G92*'Phytopl Count'!G$13/'Phytopl Count'!G$8) | H92: =IF('Phytopl Count'!H92=0,"",'Phytopl Count'!H92*'Phytopl Count'!H$13/'Phytopl Count'!H$8) | I92: =IF('Phytopl Count'!I92=0,"",'Phytopl Count'!I92*'Phytopl Count'!I$13/'Phytopl Count'!I$8) | J92: =IF('Phytopl Count'!J92=0,"",'Phytopl Count'!J92*'Phytopl Count'!J$13/'Phytopl Count'!J$8) | K92: =IF('Phytopl Count'!K92=0,"",'Phytopl Count'!K92*'Phytopl Count'!K$13/'Phytopl Count'!K$8) | L92: =IF('Phytopl Count'!L92=0,"",'Phytopl Count'!L92*'Phytopl Count'!L$13/'Phytopl Count'!L$8) | M92: =IF('Phytopl Count'!M92=0,"",'Phytopl Count'!M92*'Phytopl Count'!M$13/'Phytopl Count'!M$8) | N92: =IF('Phytopl Count'!N92=0,"",'Phytopl Count'!N92*'Phytopl Count'!N$13/'Phytopl Count'!N$8) | ... AF92: =IF('Phytopl Count'!AF92=0,"",'Phytopl Count'!AF92*'Phytopl Count'!AF$13/'Phytopl Count'!AF$8) -> 0.064062367
C93: Order: | D93: Coscinodiscales | G93: =IF('Phytopl Count'!G93=0,"",'Phytopl Count'!G93*'Phytopl Count'!G$13/'Phytopl Count'!G$8) | H93: =IF('Phytopl Count'!H93=0,"",'Phytopl Count'!H93*'Phytopl Count'!H$13/'Phytopl Count'!H$8) | I93: =IF('Phytopl Count'!I93=0,"",'Phytopl Count'!I93*'Phytopl Count'!I$13/'Phytopl Count'!I$8) | J93: =IF('Phytopl Count'!J93=0,"",'Phytopl Count'!J93*'Phytopl Count'!J$13/'Phytopl Count'!J$8) | K93: =IF('Phytopl Count'!K93=0,"",'Phytopl Count'!K93*'Phytopl Count'!K$13/'Phytopl Count'!K$8) | L93: =IF('Phytopl Count'!L93=0,"",'Phytopl Count'!L93*'Phytopl Count'!L$13/'Phytopl Count'!L$8) | M93: =IF('Phytopl Count'!M93=0,"",'Phytopl Count'!M93*'Phytopl Count'!M$13/'Phytopl Count'!M$8) | N93: =IF('Phytopl Count'!N93=0,"",'Phytopl Count'!N93*'Phytopl Count'!N$13/'Phytopl Count'!N$8) | ... AF93: =IF('Phytopl Count'!AF93=0,"",'Phytopl Count'!AF93*'Phytopl Count'!AF$13/'Phytopl Count'!AF$8)
D94: Family: | E94: Coscinodiscaceae | G94: =IF('Phytopl Count'!G94=0,"",'Phytopl Count'!G94*'Phytopl Count'!G$13/'Phytopl Count'!G$8) | H94: =IF('Phytopl Count'!H94=0,"",'Phytopl Count'!H94*'Phytopl Count'!H$13/'Phytopl Count'!H$8) | I94: =IF('Phytopl Count'!I94=0,"",'Phytopl Count'!I94*'Phytopl Count'!I$13/'Phytopl Count'!I$8) | J94: =IF('Phytopl Count'!J94=0,"",'Phytopl Count'!J94*'Phytopl Count'!J$13/'Phytopl Count'!J$8) | K94: =IF('Phytopl Count'!K94=0,"",'Phytopl Count'!K94*'Phytopl Count'!K$13/'Phytopl Count'!K$8) | L94: =IF('Phytopl Count'!L94=0,"",'Phytopl Count'!L94*'Phytopl Count'!L$13/'Phytopl Count'!L$8) | M94: =IF('Phytopl Count'!M94=0,"",'Phytopl Count'!M94*'Phytopl Count'!M$13/'Phytopl Count'!M$8) | N94: =IF('Phytopl Count'!N94=0,"",'Phytopl Count'!N94*'Phytopl Count'!N$13/'Phytopl Count'!N$8) | ... AF94: =IF('Phytopl Count'!AF94=0,"",'Phytopl Count'!AF94*'Phytopl Count'!AF$13/'Phytopl Count'!AF$8)
E95: Genus: | F95: Coscinodiscus | G95: =IF('Phytopl Count'!G95=0,"",'Phytopl Count'!G95*'Phytopl Count'!G$13/'Phytopl Count'!G$8) -> 0.10677061 | H95: =IF('Phytopl Count'!H95=0,"",'Phytopl Count'!H95*'Phytopl Count'!H$13/'Phytopl Count'!H$8) -> 0.67265485 | I95: =IF('Phytopl Count'!I95=0,"",'Phytopl Count'!I95*'Phytopl Count'!I$13/'Phytopl Count'!I$8) -> 0.056054571 | J95: =IF('Phytopl Count'!J95=0,"",'Phytopl Count'!J95*'Phytopl Count'!J$13/'Phytopl Count'!J$8) -> 0.28027286 | K95: =IF('Phytopl Count'!K95=0,"",'Phytopl Count'!K95*'Phytopl Count'!K$13/'Phytopl Count'!K$8) -> 0.1921871 | L95: =IF('Phytopl Count'!L95=0,"",'Phytopl Count'!L95*'Phytopl Count'!L$13/'Phytopl Count'!L$8) -> 0.048046775 | M95: =IF('Phytopl Count'!M95=0,"",'Phytopl Count'!M95*'Phytopl Count'!M$13/'Phytopl Count'!M$8) | N95: =IF('Phytopl Count'!N95=0,"",'Phytopl Count'!N95*'Phytopl Count'!N$13/'Phytopl Count'!N$8) -> 0.24023388 | ... AF95: =IF('Phytopl Count'!AF95=0,"",'Phytopl Count'!AF95*'Phytopl Count'!AF$13/'Phytopl Count'!AF$8) -> 0.7687484
F96: Palmeria | G96: =IF('Phytopl Count'!G96=0,"",'Phytopl Count'!G96*'Phytopl Count'!G$13/'Phytopl Count'!G$8) | H96: =IF('Phytopl Count'!H96=0,"",'Phytopl Count'!H96*'Phytopl Count'!H$13/'Phytopl Count'!H$8) | I96: =IF('Phytopl Count'!I96=0,"",'Phytopl Count'!I96*'Phytopl Count'!I$13/'Phytopl Count'!I$8) | J96: =IF('Phytopl Count'!J96=0,"",'Phytopl Count'!J96*'Phytopl Count'!J$13/'Phytopl Count'!J$8) | K96: =IF('Phytopl Count'!K96=0,"",'Phytopl Count'!K96*'Phytopl Count'!K$13/'Phytopl Count'!K$8) | L96: =IF('Phytopl Count'!L96=0,"",'Phytopl Count'!L96*'Phytopl Count'!L$13/'Phytopl Count'!L$8) | M96: =IF('Phytopl Count'!M96=0,"",'Phytopl Count'!M96*'Phytopl Count'!M$13/'Phytopl Count'!M$8) | N96: =IF('Phytopl Count'!N96=0,"",'Phytopl Count'!N96*'Phytopl Count'!N$13/'Phytopl Count'!N$8) | ... AF96: =IF('Phytopl Count'!AF96=0,"",'Phytopl Count'!AF96*'Phytopl Count'!AF$13/'Phytopl Count'!AF$8)
D97: Family: | E97: Heliopeltaceae | G97: =IF('Phytopl Count'!G97=0,"",'Phytopl Count'!G97*'Phytopl Count'!G$13/'Phytopl Count'!G$8) | H97: =IF('Phytopl Count'!H97=0,"",'Phytopl Count'!H97*'Phytopl Count'!H$13/'Phytopl Count'!H$8) | I97: =IF('Phytopl Count'!I97=0,"",'Phytopl Count'!I97*'Phytopl Count'!I$13/'Phytopl Count'!I$8) | J97: =IF('Phytopl Count'!J97=0,"",'Phytopl Count'!J97*'Phytopl Count'!J$13/'Phytopl Count'!J$8) | K97: =IF('Phytopl Count'!K97=0,"",'Phytopl Count'!K97*'Phytopl Count'!K$13/'Phytopl Count'!K$8) | L97: =IF('Phytopl Count'!L97=0,"",'Phytopl Count'!L97*'Phytopl Count'!L$13/'Phytopl Count'!L$8) | M97: =IF('Phytopl Count'!M97=0,"",'Phytopl Count'!M97*'Phytopl Count'!M$13/'Phytopl Count'!M$8) | N97: =IF('Phytopl Count'!N97=0,"",'Phytopl Count'!N97*'Phytopl Count'!N$13/'Phytopl Count'!N$8) | ... AF97: =IF('Phytopl Count'!AF97=0,"",'Phytopl Count'!AF97*'Phytopl Count'!AF$13/'Phytopl Count'!AF$8)
E98: Genus: | F98: Actinoptychus | G98: =IF('Phytopl Count'!G98=0,"",'Phytopl Count'!G98*'Phytopl Count'!G$13/'Phytopl Count'!G$8) | H98: =IF('Phytopl Count'!H98=0,"",'Phytopl Count'!H98*'Phytopl Count'!H$13/'Phytopl Count'!H$8) | I98: =IF('Phytopl Count'!I98=0,"",'Phytopl Count'!I98*'Phytopl Count'!I$13/'Phytopl Count'!I$8) | J98: =IF('Phytopl Count'!J98=0,"",'Phytopl Count'!J98*'Phytopl Count'!J$13/'Phytopl Count'!J$8) | K98: =IF('Phytopl Count'!K98=0,"",'Phytopl Count'!K98*'Phytopl Count'!K$13/'Phytopl Count'!K$8) | L98: =IF('Phytopl Count'!L98=0,"",'Phytopl Count'!L98*'Phytopl Count'!L$13/'Phytopl Count'!L$8) | M98: =IF('Phytopl Count'!M98=0,"",'Phytopl Count'!M98*'Phytopl Count'!M$13/'Phytopl Count'!M$8) | N98: =IF('Phytopl Count'!N98=0,"",'Phytopl Count'!N98*'Phytopl Count'!N$13/'Phytopl Count'!N$8) | ... AF98: =IF('Phytopl Count'!AF98=0,"",'Phytopl Count'!AF98*'Phytopl Count'!AF$13/'Phytopl Count'!AF$8)
D99: Family: | E99: Hemidiscaceae | G99: =IF('Phytopl Count'!G99=0,"",'Phytopl Count'!G99*'Phytopl Count'!G$13/'Phytopl Count'!G$8) | H99: =IF('Phytopl Count'!H99=0,"",'Phytopl Count'!H99*'Phytopl Count'!H$13/'Phytopl Count'!H$8) | I99: =IF('Phytopl Count'!I99=0,"",'Phytopl Count'!I99*'Phytopl Count'!I$13/'Phytopl Count'!I$8) | J99: =IF('Phytopl Count'!J99=0,"",'Phytopl Count'!J99*'Phytopl Count'!J$13/'Phytopl Count'!J$8) | K99: =IF('Phytopl Count'!K99=0,"",'Phytopl Count'!K99*'Phytopl Count'!K$13/'Phytopl Count'!K$8) | L99: =IF('Phytopl Count'!L99=0,"",'Phytopl Count'!L99*'Phytopl Count'!L$13/'Phytopl Count'!L$8) | M99: =IF('Phytopl Count'!M99=0,"",'Phytopl Count'!M99*'Phytopl Count'!M$13/'Phytopl Count'!M$8) | N99: =IF('Phytopl Count'!N99=0,"",'Phytopl Count'!N99*'Phytopl Count'!N$13/'Phytopl Count'!N$8) | ... AF99: =IF('Phytopl Count'!AF99=0,"",'Phytopl Count'!AF99*'Phytopl Count'!AF$13/'Phytopl Count'!AF$8)
E100: Genus: | F100: Actinocyclus | G100: =IF('Phytopl Count'!G100=0,"",'Phytopl Count'!G100*'Phytopl Count'!G$13/'Phytopl Count'!G$8) | H100: =IF('Phytopl Count'!H100=0,"",'Phytopl Count'!H100*'Phytopl Count'!H$13/'Phytopl Count'!H$8) | I100: =IF('Phytopl Count'!I100=0,"",'Phytopl Count'!I100*'Phytopl Count'!I$13/'Phytopl Count'!I$8) | J100: =IF('Phytopl Count'!J100=0,"",'Phytopl Count'!J100*'Phytopl Count'!J$13/'Phytopl Count'!J$8) | K100: =IF('Phytopl Count'!K100=0,"",'Phytopl Count'!K100*'Phytopl Count'!K$13/'Phytopl Count'!K$8) | L100: =IF('Phytopl Count'!L100=0,"",'Phytopl Count'!L100*'Phytopl Count'!L$13/'Phytopl Count'!L$8) | M100: =IF('Phytopl Count'!M100=0,"",'Phytopl Count'!M100*'Phytopl Count'!M$13/'Phytopl Count'!M$8) | N100: =IF('Phytopl Count'!N100=0,"",'Phytopl Count'!N100*'Phytopl Count'!N$13/'Phytopl Count'!N$8) | ... AF100: =IF('Phytopl Count'!AF100=0,"",'Phytopl Count'!AF100*'Phytopl Count'!AF$13/'Phytopl Count'!AF$8)
F101: Hemidiscus | G101: =IF('Phytopl Count'!G101=0,"",'Phytopl Count'!G101*'Phytopl Count'!G$13/'Phytopl Count'!G$8) | H101: =IF('Phytopl Count'!H101=0,"",'Phytopl Count'!H101*'Phytopl Count'!H$13/'Phytopl Count'!H$8) | I101: =IF('Phytopl Count'!I101=0,"",'Phytopl Count'!I101*'Phytopl Count'!I$13/'Phytopl Count'!I$8) | J101: =IF('Phytopl Count'!J101=0,"",'Phytopl Count'!J101*'Phytopl Count'!J$13/'Phytopl Count'!J$8) | K101: =IF('Phytopl Count'!K101=0,"",'Phytopl Count'!K101*'Phytopl Count'!K$13/'Phytopl Count'!K$8) | L101: =IF('Phytopl Count'!L101=0,"",'Phytopl Count'!L101*'Phytopl Count'!L$13/'Phytopl Count'!L$8) | M101: =IF('Phytopl Count'!M101=0,"",'Phytopl Count'!M101*'Phytopl Count'!M$13/'Phytopl Count'!M$8) | N101: =IF('Phytopl Count'!N101=0,"",'Phytopl Count'!N101*'Phytopl Count'!N$13/'Phytopl Count'!N$8) | ... AF101: =IF('Phytopl Count'!AF101=0,"",'Phytopl Count'!AF101*'Phytopl Count'!AF$13/'Phytopl Count'!AF$8)
C102: Order: | D102: Rhizosoleniales | G102: =IF('Phytopl Count'!G102=0,"",'Phytopl Count'!G102*'Phytopl Count'!G$13/'Phytopl Count'!G$8) | H102: =IF('Phytopl Count'!H102=0,"",'Phytopl Count'!H102*'Phytopl Count'!H$13/'Phytopl Count'!H$8) | I102: =IF('Phytopl Count'!I102=0,"",'Phytopl Count'!I102*'Phytopl Count'!I$13/'Phytopl Count'!I$8) | J102: =IF('Phytopl Count'!J102=0,"",'Phytopl Count'!J102*'Phytopl Count'!J$13/'Phytopl Count'!J$8) | K102: =IF('Phytopl Count'!K102=0,"",'Phytopl Count'!K102*'Phytopl Count'!K$13/'Phytopl Count'!K$8) | L102: =IF('Phytopl Count'!L102=0,"",'Phytopl Count'!L102*'Phytopl Count'!L$13/'Phytopl Count'!L$8) | M102: =IF('Phytopl Count'!M102=0,"",'Phytopl Count'!M102*'Phytopl Count'!M$13/'Phytopl Count'!M$8) | N102: =IF('Phytopl Count'!N102=0,"",'Phytopl Count'!N102*'Phytopl Count'!N$13/'Phytopl Count'!N$8) | ... AF102: =IF('Phytopl Count'!AF102=0,"",'Phytopl Count'!AF102*'Phytopl Count'!AF$13/'Phytopl Count'!AF$8)
D103: Family: | E103: Rhizosoleniaceae | G103: =IF('Phytopl Count'!G103=0,"",'Phytopl Count'!G103*'Phytopl Count'!G$13/'Phytopl Count'!G$8) | H103: =IF('Phytopl Count'!H103=0,"",'Phytopl Count'!H103*'Phytopl Count'!H$13/'Phytopl Count'!H$8) | I103: =IF('Phytopl Count'!I103=0,"",'Phytopl Count'!I103*'Phytopl Count'!I$13/'Phytopl Count'!I$8) | J103: =IF('Phytopl Count'!J103=0,"",'Phytopl Count'!J103*'Phytopl Count'!J$13/'Phytopl Count'!J$8) | K103: =IF('Phytopl Count'!K103=0,"",'Phytopl Count'!K103*'Phytopl Count'!K$13/'Phytopl Count'!K$8) | L103: =IF('Phytopl Count'!L103=0,"",'Phytopl Count'!L103*'Phytopl Count'!L$13/'Phytopl Count'!L$8) | M103: =IF('Phytopl Count'!M103=0,"",'Phytopl Count'!M103*'Phytopl Count'!M$13/'Phytopl Count'!M$8) | N103: =IF('Phytopl Count'!N103=0,"",'Phytopl Count'!N103*'Phytopl Count'!N$13/'Phytopl Count'!N$8) | ... AF103: =IF('Phytopl Count'!AF103=0,"",'Phytopl Count'!AF103*'Phytopl Count'!AF$13/'Phytopl Count'!AF$8)
E104: Genus: | F104: Rhizosolenia | G104: =IF('Phytopl Count'!G104=0,"",'Phytopl Count'!G104*'Phytopl Count'!G$13/'Phytopl Count'!G$8) -> 1.4947886 | H104: =IF('Phytopl Count'!H104=0,"",'Phytopl Count'!H104*'Phytopl Count'!H$13/'Phytopl Count'!H$8) -> 1.2972629 | I104: =IF('Phytopl Count'!I104=0,"",'Phytopl Count'!I104*'Phytopl Count'!I$13/'Phytopl Count'!I$8) -> 0.28027286 | J104: =IF('Phytopl Count'!J104=0,"",'Phytopl Count'!J104*'Phytopl Count'!J$13/'Phytopl Count'!J$8) -> 1.4013643 | K104: =IF('Phytopl Count'!K104=0,"",'Phytopl Count'!K104*'Phytopl Count'!K$13/'Phytopl Count'!K$8) -> 0.92890432 | L104: =IF('Phytopl Count'!L104=0,"",'Phytopl Count'!L104*'Phytopl Count'!L$13/'Phytopl Count'!L$8) -> 0.62460808 | M104: =IF('Phytopl Count'!M104=0,"",'Phytopl Count'!M104*'Phytopl Count'!M$13/'Phytopl Count'!M$8) -> 1.0410135 | N104: =IF('Phytopl Count'!N104=0,"",'Phytopl Count'!N104*'Phytopl Count'!N$13/'Phytopl Count'!N$8) -> 1.5374968 | ... AF104: =IF('Phytopl Count'!AF104=0,"",'Phytopl Count'!AF104*'Phytopl Count'!AF$13/'Phytopl Count'!AF$8) -> 3.2671807
F105: Guinardia | G105: =IF('Phytopl Count'!G105=0,"",'Phytopl Count'!G105*'Phytopl Count'!G$13/'Phytopl Count'!G$8) -> 0.042708245 | H105: =IF('Phytopl Count'!H105=0,"",'Phytopl Count'!H105*'Phytopl Count'!H$13/'Phytopl Count'!H$8) | I105: =IF('Phytopl Count'!I105=0,"",'Phytopl Count'!I105*'Phytopl Count'!I$13/'Phytopl Count'!I$8) | J105: =IF('Phytopl Count'!J105=0,"",'Phytopl Count'!J105*'Phytopl Count'!J$13/'Phytopl Count'!J$8) -> 0.040038979 | K105: =IF('Phytopl Count'!K105=0,"",'Phytopl Count'!K105*'Phytopl Count'!K$13/'Phytopl Count'!K$8) -> 0.096093551 | L105: =IF('Phytopl Count'!L105=0,"",'Phytopl Count'!L105*'Phytopl Count'!L$13/'Phytopl Count'!L$8) -> 0.024023388 | M105: =IF('Phytopl Count'!M105=0,"",'Phytopl Count'!M105*'Phytopl Count'!M$13/'Phytopl Count'!M$8) | N105: =IF('Phytopl Count'!N105=0,"",'Phytopl Count'!N105*'Phytopl Count'!N$13/'Phytopl Count'!N$8) -> 0.048046775 | ... AF105: =IF('Phytopl Count'!AF105=0,"",'Phytopl Count'!AF105*'Phytopl Count'!AF$13/'Phytopl Count'!AF$8) -> 0.25624947
F106: Pseudosolenia | G106: =IF('Phytopl Count'!G106=0,"",'Phytopl Count'!G106*'Phytopl Count'!G$13/'Phytopl Count'!G$8) | H106: =IF('Phytopl Count'!H106=0,"",'Phytopl Count'!H106*'Phytopl Count'!H$13/'Phytopl Count'!H$8) | I106: =IF('Phytopl Count'!I106=0,"",'Phytopl Count'!I106*'Phytopl Count'!I$13/'Phytopl Count'!I$8) | J106: =IF('Phytopl Count'!J106=0,"",'Phytopl Count'!J106*'Phytopl Count'!J$13/'Phytopl Count'!J$8) | K106: =IF('Phytopl Count'!K106=0,"",'Phytopl Count'!K106*'Phytopl Count'!K$13/'Phytopl Count'!K$8) | L106: =IF('Phytopl Count'!L106=0,"",'Phytopl Count'!L106*'Phytopl Count'!L$13/'Phytopl Count'!L$8) | M106: =IF('Phytopl Count'!M106=0,"",'Phytopl Count'!M106*'Phytopl Count'!M$13/'Phytopl Count'!M$8) | N106: =IF('Phytopl Count'!N106=0,"",'Phytopl Count'!N106*'Phytopl Count'!N$13/'Phytopl Count'!N$8) | ... AF106: =IF('Phytopl Count'!AF106=0,"",'Phytopl Count'!AF106*'Phytopl Count'!AF$13/'Phytopl Count'!AF$8)
C107: Order: | D107: Triceratiales | G107: =IF('Phytopl Count'!G107=0,"",'Phytopl Count'!G107*'Phytopl Count'!G$13/'Phytopl Count'!G$8) | H107: =IF('Phytopl Count'!H107=0,"",'Phytopl Count'!H107*'Phytopl Count'!H$13/'Phytopl Count'!H$8) | I107: =IF('Phytopl Count'!I107=0,"",'Phytopl Count'!I107*'Phytopl Count'!I$13/'Phytopl Count'!I$8) | J107: =IF('Phytopl Count'!J107=0,"",'Phytopl Count'!J107*'Phytopl Count'!J$13/'Phytopl Count'!J$8) | K107: =IF('Phytopl Count'!K107=0,"",'Phytopl Count'!K107*'Phytopl Count'!K$13/'Phytopl Count'!K$8) | L107: =IF('Phytopl Count'!L107=0,"",'Phytopl Count'!L107*'Phytopl Count'!L$13/'Phytopl Count'!L$8) | M107: =IF('Phytopl Count'!M107=0,"",'Phytopl Count'!M107*'Phytopl Count'!M$13/'Phytopl Count'!M$8) | N107: =IF('Phytopl Count'!N107=0,"",'Phytopl Count'!N107*'Phytopl Count'!N$13/'Phytopl Count'!N$8) | ... AF107: =IF('Phytopl Count'!AF107=0,"",'Phytopl Count'!AF107*'Phytopl Count'!AF$13/'Phytopl Count'!AF$8)
...

Sheet Ln Data
A1: Log(n) of Phytoplankton data for Diversity calculations
F5: ='Phytopl Count'!F4 -> Sample Marking: | G5: ='Phytopl Count'!G4 -> S1 | H5: ='Phytopl Count'!H4 -> S2 | I5: ='Phytopl Count'!I4 -> S3 | J5: ='Phytopl Count'!J4 -> S4 | K5: ='Phytopl Count'!K4 -> S5 | L5: ='Phytopl Count'!L4 -> S6 | M5: ='Phytopl Count'!M4 -> S7 | ... AF5: ='Phytopl Count'!AF4 -> S26
F6: Date: | G6: 42337 | H6: 42337 | I6: 42337 | J6: 42337 | K6: 42337 | L6: 42337 | M6: 42337 | N6: 42337 | O6: 42337 | P6: 42337 | Q6: 42337 | R6: 42337 | S6: 42337 | T6: 42337 | U6: 42337 | V6: 42337 | W6: 42337 | X6: 42337 | Y6: 42337 | Z6: 42337 | AA6: 42337 | AB6: 42337 | AC6: 42337 | AD6: 42337 | AE6: 42337 | AF6: 42337
F7: Time: | G7: ='Phytopl Analysis'!#REF! -> #REF! | H7: ='Phytopl Analysis'!#REF! -> #REF! | I7: ='Phytopl Analysis'!#REF! -> #REF! | J7: ='Phytopl Analysis'!#REF! -> #REF! | K7: ='Phytopl Analysis'!#REF! -> #REF! | L7: ='Phytopl Analysis'!#REF! -> #REF! | M7: ='Phytopl Analysis'!#REF! -> #REF! | N7: ='Phytopl Analysis'!#REF! -> #REF! | ... AF7: ='Phytopl Analysis'!#REF! -> #REF!
A14: Phylum: | B14: Heterokontophyta | G14: =IF('Phytopl Count'!G14=0,"",('Phytopl Analysis'!G14*LN('Phytopl Analysis'!G14))) | H14: =IF('Phytopl Count'!H14=0,"",('Phytopl Analysis'!H14*LN('Phytopl Analysis'!H14))) | I14: =IF('Phytopl Count'!I14=0,"",('Phytopl Analysis'!I14*LN('Phytopl Analysis'!I14))) | J14: =IF('Phytopl Count'!J14=0,"",('Phytopl Analysis'!J14*LN('Phytopl Analysis'!J14))) | K14: =IF('Phytopl Count'!K14=0,"",('Phytopl Analysis'!K14*LN('Phytopl Analysis'!K14))) | L14: =IF('Phytopl Count'!L14=0,"",('Phytopl Analysis'!L14*LN('Phytopl Analysis'!L14))) | M14: =IF('Phytopl Count'!M14=0,"",('Phytopl Analysis'!M14*LN('Phytopl Analysis'!M14))) | N14: =IF('Phytopl Count'!N14=0,"",('Phytopl Analysis'!N14*LN('Phytopl Analysis'!N14))) | ... AF14: =IF('Phytopl Count'!AF14=0,"",('Phytopl Analysis'!AF14*LN('Phytopl Analysis'!AF14)))
B15: Class: | C15: Bacillariophyceae | G15: =IF('Phytopl Count'!G15=0,"",('Phytopl Analysis'!G15*LN('Phytopl Analysis'!G15))) | H15: =IF('Phytopl Count'!H15=0,"",('Phytopl Analysis'!H15*LN('Phytopl Analysis'!H15))) | I15: =IF('Phytopl Count'!I15=0,"",('Phytopl Analysis'!I15*LN('Phytopl Analysis'!I15))) | J15: =IF('Phytopl Count'!J15=0,"",('Phytopl Analysis'!J15*LN('Phytopl Analysis'!J15))) | K15: =IF('Phytopl Count'!K15=0,"",('Phytopl Analysis'!K15*LN('Phytopl Analysis'!K15))) | L15: =IF('Phytopl Count'!L15=0,"",('Phytopl Analysis'!L15*LN('Phytopl Analysis'!L15))) | M15: =IF('Phytopl Count'!M15=0,"",('Phytopl Analysis'!M15*LN('Phytopl Analysis'!M15))) | N15: =IF('Phytopl Count'!N15=0,"",('Phytopl Analysis'!N15*LN('Phytopl Analysis'!N15))) | ... AF15: =IF('Phytopl Count'!AF15=0,"",('Phytopl Analysis'!AF15*LN('Phytopl Analysis'!AF15)))
C16: Order: | D16: Bacillariales | G16: =IF('Phytopl Count'!G16=0,"",('Phytopl Analysis'!G16*LN('Phytopl Analysis'!G16))) | H16: =IF('Phytopl Count'!H16=0,"",('Phytopl Analysis'!H16*LN('Phytopl Analysis'!H16))) | I16: =IF('Phytopl Count'!I16=0,"",('Phytopl Analysis'!I16*LN('Phytopl Analysis'!I16))) | J16: =IF('Phytopl Count'!J16=0,"",('Phytopl Analysis'!J16*LN('Phytopl Analysis'!J16))) | K16: =IF('Phytopl Count'!K16=0,"",('Phytopl Analysis'!K16*LN('Phytopl Analysis'!K16))) | L16: =IF('Phytopl Count'!L16=0,"",('Phytopl Analysis'!L16*LN('Phytopl Analysis'!L16))) | M16: =IF('Phytopl Count'!M16=0,"",('Phytopl Analysis'!M16*LN('Phytopl Analysis'!M16))) | N16: =IF('Phytopl Count'!N16=0,"",('Phytopl Analysis'!N16*LN('Phytopl Analysis'!N16))) | ... AF16: =IF('Phytopl Count'!AF16=0,"",('Phytopl Analysis'!AF16*LN('Phytopl Analysis'!AF16)))
D17: Family: | E17: Bacillariaceae | G17: =IF('Phytopl Count'!G17=0,"",('Phytopl Analysis'!G17*LN('Phytopl Analysis'!G17))) | H17: =IF('Phytopl Count'!H17=0,"",('Phytopl Analysis'!H17*LN('Phytopl Analysis'!H17))) | I17: =IF('Phytopl Count'!I17=0,"",('Phytopl Analysis'!I17*LN('Phytopl Analysis'!I17))) | J17: =IF('Phytopl Count'!J17=0,"",('Phytopl Analysis'!J17*LN('Phytopl Analysis'!J17))) | K17: =IF('Phytopl Count'!K17=0,"",('Phytopl Analysis'!K17*LN('Phytopl Analysis'!K17))) | L17: =IF('Phytopl Count'!L17=0,"",('Phytopl Analysis'!L17*LN('Phytopl Analysis'!L17))) | M17: =IF('Phytopl Count'!M17=0,"",('Phytopl Analysis'!M17*LN('Phytopl Analysis'!M17))) | N17: =IF('Phytopl Count'!N17=0,"",('Phytopl Analysis'!N17*LN('Phytopl Analysis'!N17))) | ... AF17: =IF('Phytopl Count'!AF17=0,"",('Phytopl Analysis'!AF17*LN('Phytopl Analysis'!AF17)))
F18: Bacillaria | G18: =IF('Phytopl Count'!G18=0,"",('Phytopl Analysis'!G18*LN('Phytopl Analysis'!G18))) | H18: =IF('Phytopl Count'!H18=0,"",('Phytopl Analysis'!H18*LN('Phytopl Analysis'!H18))) | I18: =IF('Phytopl Count'!I18=0,"",('Phytopl Analysis'!I18*LN('Phytopl Analysis'!I18))) | J18: =IF('Phytopl Count'!J18=0,"",('Phytopl Analysis'!J18*LN('Phytopl Analysis'!J18))) | K18: =IF('Phytopl Count'!K18=0,"",('Phytopl Analysis'!K18*LN('Phytopl Analysis'!K18))) | L18: =IF('Phytopl Count'!L18=0,"",('Phytopl Analysis'!L18*LN('Phytopl Analysis'!L18))) | M18: =IF('Phytopl Count'!M18=0,"",('Phytopl Analysis'!M18*LN('Phytopl Analysis'!M18))) | N18: =IF('Phytopl Count'!N18=0,"",('Phytopl Analysis'!N18*LN('Phytopl Analysis'!N18))) | ... AF18: =IF('Phytopl Count'!AF18=0,"",('Phytopl Analysis'!AF18*LN('Phytopl Analysis'!AF18)))
E19: Genus: | F19: Cylindrotheca | G19: =IF('Phytopl Count'!G19=0,"",('Phytopl Analysis'!G19*LN('Phytopl Analysis'!G19))) | H19: =IF('Phytopl Count'!H19=0,"",('Phytopl Analysis'!H19*LN('Phytopl Analysis'!H19))) | I19: =IF('Phytopl Count'!I19=0,"",('Phytopl Analysis'!I19*LN('Phytopl Analysis'!I19))) | J19: =IF('Phytopl Count'!J19=0,"",('Phytopl Analysis'!J19*LN('Phytopl Analysis'!J19))) | K19: =IF('Phytopl Count'!K19=0,"",('Phytopl Analysis'!K19*LN('Phytopl Analysis'!K19))) | L19: =IF('Phytopl Count'!L19=0,"",('Phytopl Analysis'!L19*LN('Phytopl Analysis'!L19))) | M19: =IF('Phytopl Count'!M19=0,"",('Phytopl Analysis'!M19*LN('Phytopl Analysis'!M19))) | N19: =IF('Phytopl Count'!N19=0,"",('Phytopl Analysis'!N19*LN('Phytopl Analysis'!N19))) | ... AF19: =IF('Phytopl Count'!AF19=0,"",('Phytopl Analysis'!AF19*LN('Phytopl Analysis'!AF19)))
F20: Pseudo-nitzschia | G20: =IF('Phytopl Count'!G20=0,"",('Phytopl Analysis'!G20*LN('Phytopl Analysis'!G20))) | H20: =IF('Phytopl Count'!H20=0,"",('Phytopl Analysis'!H20*LN('Phytopl Analysis'!H20))) | I20: =IF('Phytopl Count'!I20=0,"",('Phytopl Analysis'!I20*LN('Phytopl Analysis'!I20))) | J20: =IF('Phytopl Count'!J20=0,"",('Phytopl Analysis'!J20*LN('Phytopl Analysis'!J20))) | K20: =IF('Phytopl Count'!K20=0,"",('Phytopl Analysis'!K20*LN('Phytopl Analysis'!K20))) | L20: =IF('Phytopl Count'!L20=0,"",('Phytopl Analysis'!L20*LN('Phytopl Analysis'!L20))) | M20: =IF('Phytopl Count'!M20=0,"",('Phytopl Analysis'!M20*LN('Phytopl Analysis'!M20))) | N20: =IF('Phytopl Count'!N20=0,"",('Phytopl Analysis'!N20*LN('Phytopl Analysis'!N20))) | ... AF20: =IF('Phytopl Count'!AF20=0,"",('Phytopl Analysis'!AF20*LN('Phytopl Analysis'!AF20)))
F21: Nitzschia | G21: =IF('Phytopl Count'!G21=0,"",('Phytopl Analysis'!G21*LN('Phytopl Analysis'!G21))) -> -0.29676304 | H21: =IF('Phytopl Count'!H21=0,"",('Phytopl Analysis'!H21*LN('Phytopl Analysis'!H21))) -> 1.9271464 | I21: =IF('Phytopl Count'!I21=0,"",('Phytopl Analysis'!I21*LN('Phytopl Analysis'!I21))) -> 0.12814377 | J21: =IF('Phytopl Count'!J21=0,"",('Phytopl Analysis'!J21*LN('Phytopl Analysis'!J21))) -> -0.33986615 | K21: =IF('Phytopl Count'!K21=0,"",('Phytopl Analysis'!K21*LN('Phytopl Analysis'!K21))) -> -0.24664217 | L21: =IF('Phytopl Count'!L21=0,"",('Phytopl Analysis'!L21*LN('Phytopl Analysis'!L21))) -> -0.20217432 | M21: =IF('Phytopl Count'!M21=0,"",('Phytopl Analysis'!M21*LN('Phytopl Analysis'!M21))) -> -0.2021772 | N21: =IF('Phytopl Count'!N21=0,"",('Phytopl Analysis'!N21*LN('Phytopl Analysis'!N21))) -> 0.66136293 | ... AF21: =IF('Phytopl Count'!AF21=0,"",('Phytopl Analysis'!AF21*LN('Phytopl Analysis'!AF21))) -> -0.26326443
C22: Order: | D22: Achnanthales | G22: =IF('Phytopl Count'!G22=0,"",('Phytopl Analysis'!G22*LN('Phytopl Analysis'!G22))) | H22: =IF('Phytopl Count'!H22=0,"",('Phytopl Analysis'!H22*LN('Phytopl Analysis'!H22))) | I22: =IF('Phytopl Count'!I22=0,"",('Phytopl Analysis'!I22*LN('Phytopl Analysis'!I22))) | J22: =IF('Phytopl Count'!J22=0,"",('Phytopl Analysis'!J22*LN('Phytopl Analysis'!J22))) | K22: =IF('Phytopl Count'!K22=0,"",('Phytopl Analysis'!K22*LN('Phytopl Analysis'!K22))) | L22: =IF('Phytopl Count'!L22=0,"",('Phytopl Analysis'!L22*LN('Phytopl Analysis'!L22))) | M22: =IF('Phytopl Count'!M22=0,"",('Phytopl Analysis'!M22*LN('Phytopl Analysis'!M22))) | N22: =IF('Phytopl Count'!N22=0,"",('Phytopl Analysis'!N22*LN('Phytopl Analysis'!N22))) | ... AF22: =IF('Phytopl Count'!AF22=0,"",('Phytopl Analysis'!AF22*LN('Phytopl Analysis'!AF22)))
D23: Family: | E23: Achnanthaceae | G23: =IF('Phytopl Count'!G23=0,"",('Phytopl Analysis'!G23*LN('Phytopl Analysis'!G23))) | H23: =IF('Phytopl Count'!H23=0,"",('Phytopl Analysis'!H23*LN('Phytopl Analysis'!H23))) | I23: =IF('Phytopl Count'!I23=0,"",('Phytopl Analysis'!I23*LN('Phytopl Analysis'!I23))) | J23: =IF('Phytopl Count'!J23=0,"",('Phytopl Analysis'!J23*LN('Phytopl Analysis'!J23))) | K23: =IF('Phytopl Count'!K23=0,"",('Phytopl Analysis'!K23*LN('Phytopl Analysis'!K23))) | L23: =IF('Phytopl Count'!L23=0,"",('Phytopl Analysis'!L23*LN('Phytopl Analysis'!L23))) | M23: =IF('Phytopl Count'!M23=0,"",('Phytopl Analysis'!M23*LN('Phytopl Analysis'!M23))) | N23: =IF('Phytopl Count'!N23=0,"",('Phytopl Analysis'!N23*LN('Phytopl Analysis'!N23))) | ... AF23: =IF('Phytopl Count'!AF23=0,"",('Phytopl Analysis'!AF23*LN('Phytopl Analysis'!AF23)))
E24: Genus: | F24: Achnanthes | G24: =IF('Phytopl Count'!G24=0,"",('Phytopl Analysis'!G24*LN('Phytopl Analysis'!G24))) | H24: =IF('Phytopl Count'!H24=0,"",('Phytopl Analysis'!H24*LN('Phytopl Analysis'!H24))) | I24: =IF('Phytopl Count'!I24=0,"",('Phytopl Analysis'!I24*LN('Phytopl Analysis'!I24))) | J24: =IF('Phytopl Count'!J24=0,"",('Phytopl Analysis'!J24*LN('Phytopl Analysis'!J24))) | K24: =IF('Phytopl Count'!K24=0,"",('Phytopl Analysis'!K24*LN('Phytopl Analysis'!K24))) | L24: =IF('Phytopl Count'!L24=0,"",('Phytopl Analysis'!L24*LN('Phytopl Analysis'!L24))) | M24: =IF('Phytopl Count'!M24=0,"",('Phytopl Analysis'!M24*LN('Phytopl Analysis'!M24))) | N24: =IF('Phytopl Count'!N24=0,"",('Phytopl Analysis'!N24*LN('Phytopl Analysis'!N24))) | ... AF24: =IF('Phytopl Count'!AF24=0,"",('Phytopl Analysis'!AF24*LN('Phytopl Analysis'!AF24)))
D25: Family: | E25: Cocconeidaceae | G25: =IF('Phytopl Count'!G25=0,"",('Phytopl Analysis'!G25*LN('Phytopl Analysis'!G25))) | H25: =IF('Phytopl Count'!H25=0,"",('Phytopl Analysis'!H25*LN('Phytopl Analysis'!H25))) | I25: =IF('Phytopl Count'!I25=0,"",('Phytopl Analysis'!I25*LN('Phytopl Analysis'!I25))) | J25: =IF('Phytopl Count'!J25=0,"",('Phytopl Analysis'!J25*LN('Phytopl Analysis'!J25))) | K25: =IF('Phytopl Count'!K25=0,"",('Phytopl Analysis'!K25*LN('Phytopl Analysis'!K25))) | L25: =IF('Phytopl Count'!L25=0,"",('Phytopl Analysis'!L25*LN('Phytopl Analysis'!L25))) | M25: =IF('Phytopl Count'!M25=0,"",('Phytopl Analysis'!M25*LN('Phytopl Analysis'!M25))) | N25: =IF('Phytopl Count'!N25=0,"",('Phytopl Analysis'!N25*LN('Phytopl Analysis'!N25))) | ... AF25: =IF('Phytopl Count'!AF25=0,"",('Phytopl Analysis'!AF25*LN('Phytopl Analysis'!AF25)))
E26: Genus: | F26: Cocconeis | G26: =IF('Phytopl Count'!G26=0,"",('Phytopl Analysis'!G26*LN('Phytopl Analysis'!G26))) | H26: =IF('Phytopl Count'!H26=0,"",('Phytopl Analysis'!H26*LN('Phytopl Analysis'!H26))) | I26: =IF('Phytopl Count'!I26=0,"",('Phytopl Analysis'!I26*LN('Phytopl Analysis'!I26))) | J26: =IF('Phytopl Count'!J26=0,"",('Phytopl Analysis'!J26*LN('Phytopl Analysis'!J26))) | K26: =IF('Phytopl Count'!K26=0,"",('Phytopl Analysis'!K26*LN('Phytopl Analysis'!K26))) | L26: =IF('Phytopl Count'!L26=0,"",('Phytopl Analysis'!L26*LN('Phytopl Analysis'!L26))) | M26: =IF('Phytopl Count'!M26=0,"",('Phytopl Analysis'!M26*LN('Phytopl Analysis'!M26))) | N26: =IF('Phytopl Count'!N26=0,"",('Phytopl Analysis'!N26*LN('Phytopl Analysis'!N26))) | ... AF26: =IF('Phytopl Count'!AF26=0,"",('Phytopl Analysis'!AF26*LN('Phytopl Analysis'!AF26)))
C27: Order: | D27: Fragilariales | G27: =IF('Phytopl Count'!G27=0,"",('Phytopl Analysis'!G27*LN('Phytopl Analysis'!G27))) | H27: =IF('Phytopl Count'!H27=0,"",('Phytopl Analysis'!H27*LN('Phytopl Analysis'!H27))) | I27: =IF('Phytopl Count'!I27=0,"",('Phytopl Analysis'!I27*LN('Phytopl Analysis'!I27))) | J27: =IF('Phytopl Count'!J27=0,"",('Phytopl Analysis'!J27*LN('Phytopl Analysis'!J27))) | K27: =IF('Phytopl Count'!K27=0,"",('Phytopl Analysis'!K27*LN('Phytopl Analysis'!K27))) | L27: =IF('Phytopl Count'!L27=0,"",('Phytopl Analysis'!L27*LN('Phytopl Analysis'!L27))) | M27: =IF('Phytopl Count'!M27=0,"",('Phytopl Analysis'!M27*LN('Phytopl Analysis'!M27))) | N27: =IF('Phytopl Count'!N27=0,"",('Phytopl Analysis'!N27*LN('Phytopl Analysis'!N27))) | ... AF27: =IF('Phytopl Count'!AF27=0,"",('Phytopl Analysis'!AF27*LN('Phytopl Analysis'!AF27)))
D28: Family: | E28: Fragilariaceae | G28: =IF('Phytopl Count'!G28=0,"",('Phytopl Analysis'!G28*LN('Phytopl Analysis'!G28))) | H28: =IF('Phytopl Count'!H28=0,"",('Phytopl Analysis'!H28*LN('Phytopl Analysis'!H28))) | I28: =IF('Phytopl Count'!I28=0,"",('Phytopl Analysis'!I28*LN('Phytopl Analysis'!I28))) | J28: =IF('Phytopl Count'!J28=0,"",('Phytopl Analysis'!J28*LN('Phytopl Analysis'!J28))) | K28: =IF('Phytopl Count'!K28=0,"",('Phytopl Analysis'!K28*LN('Phytopl Analysis'!K28))) | L28: =IF('Phytopl Count'!L28=0,"",('Phytopl Analysis'!L28*LN('Phytopl Analysis'!L28))) | M28: =IF('Phytopl Count'!M28=0,"",('Phytopl Analysis'!M28*LN('Phytopl Analysis'!M28))) | N28: =IF('Phytopl Count'!N28=0,"",('Phytopl Analysis'!N28*LN('Phytopl Analysis'!N28))) | ... AF28: =IF('Phytopl Count'!AF28=0,"",('Phytopl Analysis'!AF28*LN('Phytopl Analysis'!AF28)))
E29: Genus: | F29: Fragilaria | G29: =IF('Phytopl Count'!G29=0,"",('Phytopl Analysis'!G29*LN('Phytopl Analysis'!G29))) | H29: =IF('Phytopl Count'!H29=0,"",('Phytopl Analysis'!H29*LN('Phytopl Analysis'!H29))) | I29: =IF('Phytopl Count'!I29=0,"",('Phytopl Analysis'!I29*LN('Phytopl Analysis'!I29))) | J29: =IF('Phytopl Count'!J29=0,"",('Phytopl Analysis'!J29*LN('Phytopl Analysis'!J29))) | K29: =IF('Phytopl Count'!K29=0,"",('Phytopl Analysis'!K29*LN('Phytopl Analysis'!K29))) | L29: =IF('Phytopl Count'!L29=0,"",('Phytopl Analysis'!L29*LN('Phytopl Analysis'!L29))) | M29: =IF('Phytopl Count'!M29=0,"",('Phytopl Analysis'!M29*LN('Phytopl Analysis'!M29))) | N29: =IF('Phytopl Count'!N29=0,"",('Phytopl Analysis'!N29*LN('Phytopl Analysis'!N29))) | ... AF29: =IF('Phytopl Count'!AF29=0,"",('Phytopl Analysis'!AF29*LN('Phytopl Analysis'!AF29)))
D30: Family: | E30: Staurosiraceae | G30: =IF('Phytopl Count'!G30=0,"",('Phytopl Analysis'!G30*LN('Phytopl Analysis'!G30))) | H30: =IF('Phytopl Count'!H30=0,"",('Phytopl Analysis'!H30*LN('Phytopl Analysis'!H30))) | I30: =IF('Phytopl Count'!I30=0,"",('Phytopl Analysis'!I30*LN('Phytopl Analysis'!I30))) | J30: =IF('Phytopl Count'!J30=0,"",('Phytopl Analysis'!J30*LN('Phytopl Analysis'!J30))) | K30: =IF('Phytopl Count'!K30=0,"",('Phytopl Analysis'!K30*LN('Phytopl Analysis'!K30))) | L30: =IF('Phytopl Count'!L30=0,"",('Phytopl Analysis'!L30*LN('Phytopl Analysis'!L30))) | M30: =IF('Phytopl Count'!M30=0,"",('Phytopl Analysis'!M30*LN('Phytopl Analysis'!M30))) | N30: =IF('Phytopl Count'!N30=0,"",('Phytopl Analysis'!N30*LN('Phytopl Analysis'!N30))) | ... AF30: =IF('Phytopl Count'!AF30=0,"",('Phytopl Analysis'!AF30*LN('Phytopl Analysis'!AF30)))
E31: Genus: | F31: Staurosira | G31: =IF('Phytopl Count'!G31=0,"",('Phytopl Analysis'!G31*LN('Phytopl Analysis'!G31))) | H31: =IF('Phytopl Count'!H31=0,"",('Phytopl Analysis'!H31*LN('Phytopl Analysis'!H31))) | I31: =IF('Phytopl Count'!I31=0,"",('Phytopl Analysis'!I31*LN('Phytopl Analysis'!I31))) | J31: =IF('Phytopl Count'!J31=0,"",('Phytopl Analysis'!J31*LN('Phytopl Analysis'!J31))) | K31: =IF('Phytopl Count'!K31=0,"",('Phytopl Analysis'!K31*LN('Phytopl Analysis'!K31))) | L31: =IF('Phytopl Count'!L31=0,"",('Phytopl Analysis'!L31*LN('Phytopl Analysis'!L31))) | M31: =IF('Phytopl Count'!M31=0,"",('Phytopl Analysis'!M31*LN('Phytopl Analysis'!M31))) | N31: =IF('Phytopl Count'!N31=0,"",('Phytopl Analysis'!N31*LN('Phytopl Analysis'!N31))) | ... AF31: =IF('Phytopl Count'!AF31=0,"",('Phytopl Analysis'!AF31*LN('Phytopl Analysis'!AF31)))
C32: Order: | D32: Surirellales | G32: =IF('Phytopl Count'!G32=0,"",('Phytopl Analysis'!G32*LN('Phytopl Analysis'!G32))) | H32: =IF('Phytopl Count'!H32=0,"",('Phytopl Analysis'!H32*LN('Phytopl Analysis'!H32))) | I32: =IF('Phytopl Count'!I32=0,"",('Phytopl Analysis'!I32*LN('Phytopl Analysis'!I32))) | J32: =IF('Phytopl Count'!J32=0,"",('Phytopl Analysis'!J32*LN('Phytopl Analysis'!J32))) | K32: =IF('Phytopl Count'!K32=0,"",('Phytopl Analysis'!K32*LN('Phytopl Analysis'!K32))) | L32: =IF('Phytopl Count'!L32=0,"",('Phytopl Analysis'!L32*LN('Phytopl Analysis'!L32))) | M32: =IF('Phytopl Count'!M32=0,"",('Phytopl Analysis'!M32*LN('Phytopl Analysis'!M32))) | N32: =IF('Phytopl Count'!N32=0,"",('Phytopl Analysis'!N32*LN('Phytopl Analysis'!N32))) | ... AF32: =IF('Phytopl Count'!AF32=0,"",('Phytopl Analysis'!AF32*LN('Phytopl Analysis'!AF32)))
D33: Family: | E33: Entomoneidaceae | G33: =IF('Phytopl Count'!G33=0,"",('Phytopl Analysis'!G33*LN('Phytopl Analysis'!G33))) | H33: =IF('Phytopl Count'!H33=0,"",('Phytopl Analysis'!H33*LN('Phytopl Analysis'!H33))) | I33: =IF('Phytopl Count'!I33=0,"",('Phytopl Analysis'!I33*LN('Phytopl Analysis'!I33))) | J33: =IF('Phytopl Count'!J33=0,"",('Phytopl Analysis'!J33*LN('Phytopl Analysis'!J33))) | K33: =IF('Phytopl Count'!K33=0,"",('Phytopl Analysis'!K33*LN('Phytopl Analysis'!K33))) | L33: =IF('Phytopl Count'!L33=0,"",('Phytopl Analysis'!L33*LN('Phytopl Analysis'!L33))) | M33: =IF('Phytopl Count'!M33=0,"",('Phytopl Analysis'!M33*LN('Phytopl Analysis'!M33))) | N33: =IF('Phytopl Count'!N33=0,"",('Phytopl Analysis'!N33*LN('Phytopl Analysis'!N33))) | ... AF33: =IF('Phytopl Count'!AF33=0,"",('Phytopl Analysis'!AF33*LN('Phytopl Analysis'!AF33)))
E34: Genus: | F34: Entomoneis | G34: =IF('Phytopl Count'!G34=0,"",('Phytopl Analysis'!G34*LN('Phytopl Analysis'!G34))) | H34: =IF('Phytopl Count'!H34=0,"",('Phytopl Analysis'!H34*LN('Phytopl Analysis'!H34))) | I34: =IF('Phytopl Count'!I34=0,"",('Phytopl Analysis'!I34*LN('Phytopl Analysis'!I34))) | J34: =IF('Phytopl Count'!J34=0,"",('Phytopl Analysis'!J34*LN('Phytopl Analysis'!J34))) | K34: =IF('Phytopl Count'!K34=0,"",('Phytopl Analysis'!K34*LN('Phytopl Analysis'!K34))) | L34: =IF('Phytopl Count'!L34=0,"",('Phytopl Analysis'!L34*LN('Phytopl Analysis'!L34))) | M34: =IF('Phytopl Count'!M34=0,"",('Phytopl Analysis'!M34*LN('Phytopl Analysis'!M34))) | N34: =IF('Phytopl Count'!N34=0,"",('Phytopl Analysis'!N34*LN('Phytopl Analysis'!N34))) | ... AF34: =IF('Phytopl Count'!AF34=0,"",('Phytopl Analysis'!AF34*LN('Phytopl Analysis'!AF34)))
D35: Family: | E35: Surirellaceae | G35: =IF('Phytopl Count'!G35=0,"",('Phytopl Analysis'!G35*LN('Phytopl Analysis'!G35))) | H35: =IF('Phytopl Count'!H35=0,"",('Phytopl Analysis'!H35*LN('Phytopl Analysis'!H35))) | I35: =IF('Phytopl Count'!I35=0,"",('Phytopl Analysis'!I35*LN('Phytopl Analysis'!I35))) | J35: =IF('Phytopl Count'!J35=0,"",('Phytopl Analysis'!J35*LN('Phytopl Analysis'!J35))) | K35: =IF('Phytopl Count'!K35=0,"",('Phytopl Analysis'!K35*LN('Phytopl Analysis'!K35))) | L35: =IF('Phytopl Count'!L35=0,"",('Phytopl Analysis'!L35*LN('Phytopl Analysis'!L35))) | M35: =IF('Phytopl Count'!M35=0,"",('Phytopl Analysis'!M35*LN('Phytopl Analysis'!M35))) | N35: =IF('Phytopl Count'!N35=0,"",('Phytopl Analysis'!N35*LN('Phytopl Analysis'!N35))) | ... AF35: =IF('Phytopl Count'!AF35=0,"",('Phytopl Analysis'!AF35*LN('Phytopl Analysis'!AF35)))
E36: Genus: | F36: Surirella | G36: =IF('Phytopl Count'!G36=0,"",('Phytopl Analysis'!G36*LN('Phytopl Analysis'!G36))) | H36: =IF('Phytopl Count'!H36=0,"",('Phytopl Analysis'!H36*LN('Phytopl Analysis'!H36))) | I36: =IF('Phytopl Count'!I36=0,"",('Phytopl Analysis'!I36*LN('Phytopl Analysis'!I36))) | J36: =IF('Phytopl Count'!J36=0,"",('Phytopl Analysis'!J36*LN('Phytopl Analysis'!J36))) | K36: =IF('Phytopl Count'!K36=0,"",('Phytopl Analysis'!K36*LN('Phytopl Analysis'!K36))) | L36: =IF('Phytopl Count'!L36=0,"",('Phytopl Analysis'!L36*LN('Phytopl Analysis'!L36))) | M36: =IF('Phytopl Count'!M36=0,"",('Phytopl Analysis'!M36*LN('Phytopl Analysis'!M36))) | N36: =IF('Phytopl Count'!N36=0,"",('Phytopl Analysis'!N36*LN('Phytopl Analysis'!N36))) | ... AF36: =IF('Phytopl Count'!AF36=0,"",('Phytopl Analysis'!AF36*LN('Phytopl Analysis'!AF36)))
C37: Order: | D37: Rhabdonematales | G37: =IF('Phytopl Count'!G37=0,"",('Phytopl Analysis'!G37*LN('Phytopl Analysis'!G37))) | H37: =IF('Phytopl Count'!H37=0,"",('Phytopl Analysis'!H37*LN('Phytopl Analysis'!H37))) | I37: =IF('Phytopl Count'!I37=0,"",('Phytopl Analysis'!I37*LN('Phytopl Analysis'!I37))) | J37: =IF('Phytopl Count'!J37=0,"",('Phytopl Analysis'!J37*LN('Phytopl Analysis'!J37))) | K37: =IF('Phytopl Count'!K37=0,"",('Phytopl Analysis'!K37*LN('Phytopl Analysis'!K37))) | L37: =IF('Phytopl Count'!L37=0,"",('Phytopl Analysis'!L37*LN('Phytopl Analysis'!L37))) | M37: =IF('Phytopl Count'!M37=0,"",('Phytopl Analysis'!M37*LN('Phytopl Analysis'!M37))) | N37: =IF('Phytopl Count'!N37=0,"",('Phytopl Analysis'!N37*LN('Phytopl Analysis'!N37))) | ... AF37: =IF('Phytopl Count'!AF37=0,"",('Phytopl Analysis'!AF37*LN('Phytopl Analysis'!AF37)))
D38: Family: | E38: Grammatophoraceae | G38: =IF('Phytopl Count'!G38=0,"",('Phytopl Analysis'!G38*LN('Phytopl Analysis'!G38))) | H38: =IF('Phytopl Count'!H38=0,"",('Phytopl Analysis'!H38*LN('Phytopl Analysis'!H38))) | I38: =IF('Phytopl Count'!I38=0,"",('Phytopl Analysis'!I38*LN('Phytopl Analysis'!I38))) | J38: =IF('Phytopl Count'!J38=0,"",('Phytopl Analysis'!J38*LN('Phytopl Analysis'!J38))) | K38: =IF('Phytopl Count'!K38=0,"",('Phytopl Analysis'!K38*LN('Phytopl Analysis'!K38))) | L38: =IF('Phytopl Count'!L38=0,"",('Phytopl Analysis'!L38*LN('Phytopl Analysis'!L38))) | M38: =IF('Phytopl Count'!M38=0,"",('Phytopl Analysis'!M38*LN('Phytopl Analysis'!M38))) | N38: =IF('Phytopl Count'!N38=0,"",('Phytopl Analysis'!N38*LN('Phytopl Analysis'!N38))) | ... AF38: =IF('Phytopl Count'!AF38=0,"",('Phytopl Analysis'!AF38*LN('Phytopl Analysis'!AF38)))
E39: Genus: | F39: Grammatophora | G39: =IF('Phytopl Count'!G39=0,"",('Phytopl Analysis'!G39*LN('Phytopl Analysis'!G39))) | H39: =IF('Phytopl Count'!H39=0,"",('Phytopl Analysis'!H39*LN('Phytopl Analysis'!H39))) -> 0.1104125 | I39: =IF('Phytopl Count'!I39=0,"",('Phytopl Analysis'!I39*LN('Phytopl Analysis'!I39))) -> -0.36648594 | J39: =IF('Phytopl Count'!J39=0,"",('Phytopl Analysis'!J39*LN('Phytopl Analysis'!J39))) -> -0.1288415 | K39: =IF('Phytopl Count'!K39=0,"",('Phytopl Analysis'!K39*LN('Phytopl Analysis'!K39))) -> -0.33523665 | L39: =IF('Phytopl Count'!L39=0,"",('Phytopl Analysis'!L39*LN('Phytopl Analysis'!L39))) -> -0.35798405 | M39: =IF('Phytopl Count'!M39=0,"",('Phytopl Analysis'!M39*LN('Phytopl Analysis'!M39))) -> -0.1288415 | N39: =IF('Phytopl Count'!N39=0,"",('Phytopl Analysis'!N39*LN('Phytopl Analysis'!N39))) -> -0.35856947 | ... AF39: =IF('Phytopl Count'!AF39=0,"",('Phytopl Analysis'!AF39*LN('Phytopl Analysis'!AF39)))
C40: Order: | D40: Rhaphoneidales | G40: =IF('Phytopl Count'!G40=0,"",('Phytopl Analysis'!G40*LN('Phytopl Analysis'!G40))) | H40: =IF('Phytopl Count'!H40=0,"",('Phytopl Analysis'!H40*LN('Phytopl Analysis'!H40))) | I40: =IF('Phytopl Count'!I40=0,"",('Phytopl Analysis'!I40*LN('Phytopl Analysis'!I40))) | J40: =IF('Phytopl Count'!J40=0,"",('Phytopl Analysis'!J40*LN('Phytopl Analysis'!J40))) | K40: =IF('Phytopl Count'!K40=0,"",('Phytopl Analysis'!K40*LN('Phytopl Analysis'!K40))) | L40: =IF('Phytopl Count'!L40=0,"",('Phytopl Analysis'!L40*LN('Phytopl Analysis'!L40))) | M40: =IF('Phytopl Count'!M40=0,"",('Phytopl Analysis'!M40*LN('Phytopl Analysis'!M40))) | N40: =IF('Phytopl Count'!N40=0,"",('Phytopl Analysis'!N40*LN('Phytopl Analysis'!N40))) | ... AF40: =IF('Phytopl Count'!AF40=0,"",('Phytopl Analysis'!AF40*LN('Phytopl Analysis'!AF40)))
D41: Family: | E41: Asterionellopsidaceae | G41: =IF('Phytopl Count'!G41=0,"",('Phytopl Analysis'!G41*LN('Phytopl Analysis'!G41))) | H41: =IF('Phytopl Count'!H41=0,"",('Phytopl Analysis'!H41*LN('Phytopl Analysis'!H41))) | I41: =IF('Phytopl Count'!I41=0,"",('Phytopl Analysis'!I41*LN('Phytopl Analysis'!I41))) | J41: =IF('Phytopl Count'!J41=0,"",('Phytopl Analysis'!J41*LN('Phytopl Analysis'!J41))) | K41: =IF('Phytopl Count'!K41=0,"",('Phytopl Analysis'!K41*LN('Phytopl Analysis'!K41))) | L41: =IF('Phytopl Count'!L41=0,"",('Phytopl Analysis'!L41*LN('Phytopl Analysis'!L41))) | M41: =IF('Phytopl Count'!M41=0,"",('Phytopl Analysis'!M41*LN('Phytopl Analysis'!M41))) | N41: =IF('Phytopl Count'!N41=0,"",('Phytopl Analysis'!N41*LN('Phytopl Analysis'!N41))) | ... AF41: =IF('Phytopl Count'!AF41=0,"",('Phytopl Analysis'!AF41*LN('Phytopl Analysis'!AF41)))
E42: Genus: | F42: Asterionellopsis | G42: =IF('Phytopl Count'!G42=0,"",('Phytopl Analysis'!G42*LN('Phytopl Analysis'!G42))) | H42: =IF('Phytopl Count'!H42=0,"",('Phytopl Analysis'!H42*LN('Phytopl Analysis'!H42))) | I42: =IF('Phytopl Count'!I42=0,"",('Phytopl Analysis'!I42*LN('Phytopl Analysis'!I42))) | J42: =IF('Phytopl Count'!J42=0,"",('Phytopl Analysis'!J42*LN('Phytopl Analysis'!J42))) | K42: =IF('Phytopl Count'!K42=0,"",('Phytopl Analysis'!K42*LN('Phytopl Analysis'!K42))) | L42: =IF('Phytopl Count'!L42=0,"",('Phytopl Analysis'!L42*LN('Phytopl Analysis'!L42))) | M42: =IF('Phytopl Count'!M42=0,"",('Phytopl Analysis'!M42*LN('Phytopl Analysis'!M42))) | N42: =IF('Phytopl Count'!N42=0,"",('Phytopl Analysis'!N42*LN('Phytopl Analysis'!N42))) | ... AF42: =IF('Phytopl Count'!AF42=0,"",('Phytopl Analysis'!AF42*LN('Phytopl Analysis'!AF42)))
D43: Family: | E43: Tabellariaceae | G43: =IF('Phytopl Count'!G43=0,"",('Phytopl Analysis'!G43*LN('Phytopl Analysis'!G43))) | H43: =IF('Phytopl Count'!H43=0,"",('Phytopl Analysis'!H43*LN('Phytopl Analysis'!H43))) | I43: =IF('Phytopl Count'!I43=0,"",('Phytopl Analysis'!I43*LN('Phytopl Analysis'!I43))) | J43: =IF('Phytopl Count'!J43=0,"",('Phytopl Analysis'!J43*LN('Phytopl Analysis'!J43))) | K43: =IF('Phytopl Count'!K43=0,"",('Phytopl Analysis'!K43*LN('Phytopl Analysis'!K43))) | L43: =IF('Phytopl Count'!L43=0,"",('Phytopl Analysis'!L43*LN('Phytopl Analysis'!L43))) | M43: =IF('Phytopl Count'!M43=0,"",('Phytopl Analysis'!M43*LN('Phytopl Analysis'!M43))) | N43: =IF('Phytopl Count'!N43=0,"",('Phytopl Analysis'!N43*LN('Phytopl Analysis'!N43))) | ... AF43: =IF('Phytopl Count'!AF43=0,"",('Phytopl Analysis'!AF43*LN('Phytopl Analysis'!AF43)))
E44: Genus: | F44: Asterionella | G44: =IF('Phytopl Count'!G44=0,"",('Phytopl Analysis'!G44*LN('Phytopl Analysis'!G44))) | H44: =IF('Phytopl Count'!H44=0,"",('Phytopl Analysis'!H44*LN('Phytopl Analysis'!H44))) | I44: =IF('Phytopl Count'!I44=0,"",('Phytopl Analysis'!I44*LN('Phytopl Analysis'!I44))) | J44: =IF('Phytopl Count'!J44=0,"",('Phytopl Analysis'!J44*LN('Phytopl Analysis'!J44))) | K44: =IF('Phytopl Count'!K44=0,"",('Phytopl Analysis'!K44*LN('Phytopl Analysis'!K44))) | L44: =IF('Phytopl Count'!L44=0,"",('Phytopl Analysis'!L44*LN('Phytopl Analysis'!L44))) | M44: =IF('Phytopl Count'!M44=0,"",('Phytopl Analysis'!M44*LN('Phytopl Analysis'!M44))) | N44: =IF('Phytopl Count'!N44=0,"",('Phytopl Analysis'!N44*LN('Phytopl Analysis'!N44))) | ... AF44: =IF('Phytopl Count'!AF44=0,"",('Phytopl Analysis'!AF44*LN('Phytopl Analysis'!AF44)))
C45: Order: | D45: Licmophorales | G45: =IF('Phytopl Count'!G45=0,"",('Phytopl Analysis'!G45*LN('Phytopl Analysis'!G45))) | H45: =IF('Phytopl Count'!H45=0,"",('Phytopl Analysis'!H45*LN('Phytopl Analysis'!H45))) | I45: =IF('Phytopl Count'!I45=0,"",('Phytopl Analysis'!I45*LN('Phytopl Analysis'!I45))) | J45: =IF('Phytopl Count'!J45=0,"",('Phytopl Analysis'!J45*LN('Phytopl Analysis'!J45))) | K45: =IF('Phytopl Count'!K45=0,"",('Phytopl Analysis'!K45*LN('Phytopl Analysis'!K45))) | L45: =IF('Phytopl Count'!L45=0,"",('Phytopl Analysis'!L45*LN('Phytopl Analysis'!L45))) | M45: =IF('Phytopl Count'!M45=0,"",('Phytopl Analysis'!M45*LN('Phytopl Analysis'!M45))) | N45: =IF('Phytopl Count'!N45=0,"",('Phytopl Analysis'!N45*LN('Phytopl Analysis'!N45))) | ... AF45: =IF('Phytopl Count'!AF45=0,"",('Phytopl Analysis'!AF45*LN('Phytopl Analysis'!AF45)))
D46: Family: | E46: Licmophoraceae | G46: =IF('Phytopl Count'!G46=0,"",('Phytopl Analysis'!G46*LN('Phytopl Analysis'!G46))) | H46: =IF('Phytopl Count'!H46=0,"",('Phytopl Analysis'!H46*LN('Phytopl Analysis'!H46))) | I46: =IF('Phytopl Count'!I46=0,"",('Phytopl Analysis'!I46*LN('Phytopl Analysis'!I46))) | J46: =IF('Phytopl Count'!J46=0,"",('Phytopl Analysis'!J46*LN('Phytopl Analysis'!J46))) | K46: =IF('Phytopl Count'!K46=0,"",('Phytopl Analysis'!K46*LN('Phytopl Analysis'!K46))) | L46: =IF('Phytopl Count'!L46=0,"",('Phytopl Analysis'!L46*LN('Phytopl Analysis'!L46))) | M46: =IF('Phytopl Count'!M46=0,"",('Phytopl Analysis'!M46*LN('Phytopl Analysis'!M46))) | N46: =IF('Phytopl Count'!N46=0,"",('Phytopl Analysis'!N46*LN('Phytopl Analysis'!N46))) | ... AF46: =IF('Phytopl Count'!AF46=0,"",('Phytopl Analysis'!AF46*LN('Phytopl Analysis'!AF46)))
E47: Genus: | F47: Licmophora | G47: =IF('Phytopl Count'!G47=0,"",('Phytopl Analysis'!G47*LN('Phytopl Analysis'!G47))) | H47: =IF('Phytopl Count'!H47=0,"",('Phytopl Analysis'!H47*LN('Phytopl Analysis'!H47))) | I47: =IF('Phytopl Count'!I47=0,"",('Phytopl Analysis'!I47*LN('Phytopl Analysis'!I47))) | J47: =IF('Phytopl Count'!J47=0,"",('Phytopl Analysis'!J47*LN('Phytopl Analysis'!J47))) -> -0.25456257 | K47: =IF('Phytopl Count'!K47=0,"",('Phytopl Analysis'!K47*LN('Phytopl Analysis'!K47))) | L47: =IF('Phytopl Count'!L47=0,"",('Phytopl Analysis'!L47*LN('Phytopl Analysis'!L47))) | M47: =IF('Phytopl Count'!M47=0,"",('Phytopl Analysis'!M47*LN('Phytopl Analysis'!M47))) | N47: =IF('Phytopl Count'!N47=0,"",('Phytopl Analysis'!N47*LN('Phytopl Analysis'!N47))) | ... AF47: =IF('Phytopl Count'!AF47=0,"",('Phytopl Analysis'!AF47*LN('Phytopl Analysis'!AF47)))
D48: Family: | E48: Ulnariaceae | G48: =IF('Phytopl Count'!G48=0,"",('Phytopl Analysis'!G48*LN('Phytopl Analysis'!G48))) | H48: =IF('Phytopl Count'!H48=0,"",('Phytopl Analysis'!H48*LN('Phytopl Analysis'!H48))) | I48: =IF('Phytopl Count'!I48=0,"",('Phytopl Analysis'!I48*LN('Phytopl Analysis'!I48))) | J48: =IF('Phytopl Count'!J48=0,"",('Phytopl Analysis'!J48*LN('Phytopl Analysis'!J48))) | K48: =IF('Phytopl Count'!K48=0,"",('Phytopl Analysis'!K48*LN('Phytopl Analysis'!K48))) | L48: =IF('Phytopl Count'!L48=0,"",('Phytopl Analysis'!L48*LN('Phytopl Analysis'!L48))) | M48: =IF('Phytopl Count'!M48=0,"",('Phytopl Analysis'!M48*LN('Phytopl Analysis'!M48))) | N48: =IF('Phytopl Count'!N48=0,"",('Phytopl Analysis'!N48*LN('Phytopl Analysis'!N48))) | ... AF48: =IF('Phytopl Count'!AF48=0,"",('Phytopl Analysis'!AF48*LN('Phytopl Analysis'!AF48)))
E49: Genus: | F49: Ulnaria | G49: =IF('Phytopl Count'!G49=0,"",('Phytopl Analysis'!G49*LN('Phytopl Analysis'!G49))) | H49: =IF('Phytopl Count'!H49=0,"",('Phytopl Analysis'!H49*LN('Phytopl Analysis'!H49))) | I49: =IF('Phytopl Count'!I49=0,"",('Phytopl Analysis'!I49*LN('Phytopl Analysis'!I49))) | J49: =IF('Phytopl Count'!J49=0,"",('Phytopl Analysis'!J49*LN('Phytopl Analysis'!J49))) | K49: =IF('Phytopl Count'!K49=0,"",('Phytopl Analysis'!K49*LN('Phytopl Analysis'!K49))) | L49: =IF('Phytopl Count'!L49=0,"",('Phytopl Analysis'!L49*LN('Phytopl Analysis'!L49))) | M49: =IF('Phytopl Count'!M49=0,"",('Phytopl Analysis'!M49*LN('Phytopl Analysis'!M49))) | N49: =IF('Phytopl Count'!N49=0,"",('Phytopl Analysis'!N49*LN('Phytopl Analysis'!N49))) | ... AF49: =IF('Phytopl Count'!AF49=0,"",('Phytopl Analysis'!AF49*LN('Phytopl Analysis'!AF49)))
C50: Order: | D50: Thalassionematales | G50: =IF('Phytopl Count'!G50=0,"",('Phytopl Analysis'!G50*LN('Phytopl Analysis'!G50))) | H50: =IF('Phytopl Count'!H50=0,"",('Phytopl Analysis'!H50*LN('Phytopl Analysis'!H50))) | I50: =IF('Phytopl Count'!I50=0,"",('Phytopl Analysis'!I50*LN('Phytopl Analysis'!I50))) | J50: =IF('Phytopl Count'!J50=0,"",('Phytopl Analysis'!J50*LN('Phytopl Analysis'!J50))) | K50: =IF('Phytopl Count'!K50=0,"",('Phytopl Analysis'!K50*LN('Phytopl Analysis'!K50))) | L50: =IF('Phytopl Count'!L50=0,"",('Phytopl Analysis'!L50*LN('Phytopl Analysis'!L50))) | M50: =IF('Phytopl Count'!M50=0,"",('Phytopl Analysis'!M50*LN('Phytopl Analysis'!M50))) | N50: =IF('Phytopl Count'!N50=0,"",('Phytopl Analysis'!N50*LN('Phytopl Analysis'!N50))) | ... AF50: =IF('Phytopl Count'!AF50=0,"",('Phytopl Analysis'!AF50*LN('Phytopl Analysis'!AF50)))
D51: Family: | E51: Thalassionemataceae | G51: =IF('Phytopl Count'!G51=0,"",('Phytopl Analysis'!G51*LN('Phytopl Analysis'!G51))) | H51: =IF('Phytopl Count'!H51=0,"",('Phytopl Analysis'!H51*LN('Phytopl Analysis'!H51))) | I51: =IF('Phytopl Count'!I51=0,"",('Phytopl Analysis'!I51*LN('Phytopl Analysis'!I51))) | J51: =IF('Phytopl Count'!J51=0,"",('Phytopl Analysis'!J51*LN('Phytopl Analysis'!J51))) | K51: =IF('Phytopl Count'!K51=0,"",('Phytopl Analysis'!K51*LN('Phytopl Analysis'!K51))) | L51: =IF('Phytopl Count'!L51=0,"",('Phytopl Analysis'!L51*LN('Phytopl Analysis'!L51))) | M51: =IF('Phytopl Count'!M51=0,"",('Phytopl Analysis'!M51*LN('Phytopl Analysis'!M51))) | N51: =IF('Phytopl Count'!N51=0,"",('Phytopl Analysis'!N51*LN('Phytopl Analysis'!N51))) | ... AF51: =IF('Phytopl Count'!AF51=0,"",('Phytopl Analysis'!AF51*LN('Phytopl Analysis'!AF51)))
F52: Thalassionema | G52: =IF('Phytopl Count'!G52=0,"",('Phytopl Analysis'!G52*LN('Phytopl Analysis'!G52))) | H52: =IF('Phytopl Count'!H52=0,"",('Phytopl Analysis'!H52*LN('Phytopl Analysis'!H52))) | I52: =IF('Phytopl Count'!I52=0,"",('Phytopl Analysis'!I52*LN('Phytopl Analysis'!I52))) | J52: =IF('Phytopl Count'!J52=0,"",('Phytopl Analysis'!J52*LN('Phytopl Analysis'!J52))) | K52: =IF('Phytopl Count'!K52=0,"",('Phytopl Analysis'!K52*LN('Phytopl Analysis'!K52))) | L52: =IF('Phytopl Count'!L52=0,"",('Phytopl Analysis'!L52*LN('Phytopl Analysis'!L52))) | M52: =IF('Phytopl Count'!M52=0,"",('Phytopl Analysis'!M52*LN('Phytopl Analysis'!M52))) | N52: =IF('Phytopl Count'!N52=0,"",('Phytopl Analysis'!N52*LN('Phytopl Analysis'!N52))) | ... AF52: =IF('Phytopl Count'!AF52=0,"",('Phytopl Analysis'!AF52*LN('Phytopl Analysis'!AF52)))
E53: Genus: | F53: Thalassiothrix | G53: =IF('Phytopl Count'!G53=0,"",('Phytopl Analysis'!G53*LN('Phytopl Analysis'!G53))) -> -0.28409956 | H53: =IF('Phytopl Count'!H53=0,"",('Phytopl Analysis'!H53*LN('Phytopl Analysis'!H53))) -> -0.35218054 | I53: =IF('Phytopl Count'!I53=0,"",('Phytopl Analysis'!I53*LN('Phytopl Analysis'!I53))) -> -0.24532646 | J53: =IF('Phytopl Count'!J53=0,"",('Phytopl Analysis'!J53*LN('Phytopl Analysis'!J53))) -> -0.1288415 | K53: =IF('Phytopl Count'!K53=0,"",('Phytopl Analysis'!K53*LN('Phytopl Analysis'!K53))) -> -0.31697148 | L53: =IF('Phytopl Count'!L53=0,"",('Phytopl Analysis'!L53*LN('Phytopl Analysis'!L53))) -> -0.18955283 | M53: =IF('Phytopl Count'!M53=0,"",('Phytopl Analysis'!M53*LN('Phytopl Analysis'!M53))) -> -0.1288415 | N53: =IF('Phytopl Count'!N53=0,"",('Phytopl Analysis'!N53*LN('Phytopl Analysis'!N53))) -> -0.3426077 | ... AF53: =IF('Phytopl Count'!AF53=0,"",('Phytopl Analysis'!AF53*LN('Phytopl Analysis'!AF53))) -> -0.26326443
C54: Order: | D54: Thalassiophysales | G54: =IF('Phytopl Count'!G54=0,"",('Phytopl Analysis'!G54*LN('Phytopl Analysis'!G54))) | H54: =IF('Phytopl Count'!H54=0,"",('Phytopl Analysis'!H54*LN('Phytopl Analysis'!H54))) | I54: =IF('Phytopl Count'!I54=0,"",('Phytopl Analysis'!I54*LN('Phytopl Analysis'!I54))) | J54: =IF('Phytopl Count'!J54=0,"",('Phytopl Analysis'!J54*LN('Phytopl Analysis'!J54))) | K54: =IF('Phytopl Count'!K54=0,"",('Phytopl Analysis'!K54*LN('Phytopl Analysis'!K54))) | L54: =IF('Phytopl Count'!L54=0,"",('Phytopl Analysis'!L54*LN('Phytopl Analysis'!L54))) | M54: =IF('Phytopl Count'!M54=0,"",('Phytopl Analysis'!M54*LN('Phytopl Analysis'!M54))) | N54: =IF('Phytopl Count'!N54=0,"",('Phytopl Analysis'!N54*LN('Phytopl Analysis'!N54))) | ... AF54: =IF('Phytopl Count'!AF54=0,"",('Phytopl Analysis'!AF54*LN('Phytopl Analysis'!AF54)))
D55: Family: | E55: Catenulaceae | G55: =IF('Phytopl Count'!G55=0,"",('Phytopl Analysis'!G55*LN('Phytopl Analysis'!G55))) | H55: =IF('Phytopl Count'!H55=0,"",('Phytopl Analysis'!H55*LN('Phytopl Analysis'!H55))) | I55: =IF('Phytopl Count'!I55=0,"",('Phytopl Analysis'!I55*LN('Phytopl Analysis'!I55))) | J55: =IF('Phytopl Count'!J55=0,"",('Phytopl Analysis'!J55*LN('Phytopl Analysis'!J55))) | K55: =IF('Phytopl Count'!K55=0,"",('Phytopl Analysis'!K55*LN('Phytopl Analysis'!K55))) | L55: =IF('Phytopl Count'!L55=0,"",('Phytopl Analysis'!L55*LN('Phytopl Analysis'!L55))) | M55: =IF('Phytopl Count'!M55=0,"",('Phytopl Analysis'!M55*LN('Phytopl Analysis'!M55))) | N55: =IF('Phytopl Count'!N55=0,"",('Phytopl Analysis'!N55*LN('Phytopl Analysis'!N55))) | ... AF55: =IF('Phytopl Count'!AF55=0,"",('Phytopl Analysis'!AF55*LN('Phytopl Analysis'!AF55)))
E56: Genus: | F56: Amphora | G56: =IF('Phytopl Count'!G56=0,"",('Phytopl Analysis'!G56*LN('Phytopl Analysis'!G56))) | H56: =IF('Phytopl Count'!H56=0,"",('Phytopl Analysis'!H56*LN('Phytopl Analysis'!H56))) | I56: =IF('Phytopl Count'!I56=0,"",('Phytopl Analysis'!I56*LN('Phytopl Analysis'!I56))) | J56: =IF('Phytopl Count'!J56=0,"",('Phytopl Analysis'!J56*LN('Phytopl Analysis'!J56))) | K56: =IF('Phytopl Count'!K56=0,"",('Phytopl Analysis'!K56*LN('Phytopl Analysis'!K56))) | L56: =IF('Phytopl Count'!L56=0,"",('Phytopl Analysis'!L56*LN('Phytopl Analysis'!L56))) | M56: =IF('Phytopl Count'!M56=0,"",('Phytopl Analysis'!M56*LN('Phytopl Analysis'!M56))) | N56: =IF('Phytopl Count'!N56=0,"",('Phytopl Analysis'!N56*LN('Phytopl Analysis'!N56))) | ... AF56: =IF('Phytopl Count'!AF56=0,"",('Phytopl Analysis'!AF56*LN('Phytopl Analysis'!AF56)))
C57: Order: | D57: Naviculales | G57: =IF('Phytopl Count'!G57=0,"",('Phytopl Analysis'!G57*LN('Phytopl Analysis'!G57))) | H57: =IF('Phytopl Count'!H57=0,"",('Phytopl Analysis'!H57*LN('Phytopl Analysis'!H57))) | I57: =IF('Phytopl Count'!I57=0,"",('Phytopl Analysis'!I57*LN('Phytopl Analysis'!I57))) | J57: =IF('Phytopl Count'!J57=0,"",('Phytopl Analysis'!J57*LN('Phytopl Analysis'!J57))) | K57: =IF('Phytopl Count'!K57=0,"",('Phytopl Analysis'!K57*LN('Phytopl Analysis'!K57))) | L57: =IF('Phytopl Count'!L57=0,"",('Phytopl Analysis'!L57*LN('Phytopl Analysis'!L57))) | M57: =IF('Phytopl Count'!M57=0,"",('Phytopl Analysis'!M57*LN('Phytopl Analysis'!M57))) | N57: =IF('Phytopl Count'!N57=0,"",('Phytopl Analysis'!N57*LN('Phytopl Analysis'!N57))) | ... AF57: =IF('Phytopl Count'!AF57=0,"",('Phytopl Analysis'!AF57*LN('Phytopl Analysis'!AF57)))
D58: Family: | E58: Diadesmidaceae | G58: =IF('Phytopl Count'!G58=0,"",('Phytopl Analysis'!G58*LN('Phytopl Analysis'!G58))) | H58: =IF('Phytopl Count'!H58=0,"",('Phytopl Analysis'!H58*LN('Phytopl Analysis'!H58))) | I58: =IF('Phytopl Count'!I58=0,"",('Phytopl Analysis'!I58*LN('Phytopl Analysis'!I58))) | J58: =IF('Phytopl Count'!J58=0,"",('Phytopl Analysis'!J58*LN('Phytopl Analysis'!J58))) | K58: =IF('Phytopl Count'!K58=0,"",('Phytopl Analysis'!K58*LN('Phytopl Analysis'!K58))) | L58: =IF('Phytopl Count'!L58=0,"",('Phytopl Analysis'!L58*LN('Phytopl Analysis'!L58))) | M58: =IF('Phytopl Count'!M58=0,"",('Phytopl Analysis'!M58*LN('Phytopl Analysis'!M58))) | N58: =IF('Phytopl Count'!N58=0,"",('Phytopl Analysis'!N58*LN('Phytopl Analysis'!N58))) | ... AF58: =IF('Phytopl Count'!AF58=0,"",('Phytopl Analysis'!AF58*LN('Phytopl Analysis'!AF58)))
E59: Genus: | F59: Diadesmis | G59: =IF('Phytopl Count'!G59=0,"",('Phytopl Analysis'!G59*LN('Phytopl Analysis'!G59))) | H59: =IF('Phytopl Count'!H59=0,"",('Phytopl Analysis'!H59*LN('Phytopl Analysis'!H59))) | I59: =IF('Phytopl Count'!I59=0,"",('Phytopl Analysis'!I59*LN('Phytopl Analysis'!I59))) | J59: =IF('Phytopl Count'!J59=0,"",('Phytopl Analysis'!J59*LN('Phytopl Analysis'!J59))) | K59: =IF('Phytopl Count'!K59=0,"",('Phytopl Analysis'!K59*LN('Phytopl Analysis'!K59))) | L59: =IF('Phytopl Count'!L59=0,"",('Phytopl Analysis'!L59*LN('Phytopl Analysis'!L59))) | M59: =IF('Phytopl Count'!M59=0,"",('Phytopl Analysis'!M59*LN('Phytopl Analysis'!M59))) | N59: =IF('Phytopl Count'!N59=0,"",('Phytopl Analysis'!N59*LN('Phytopl Analysis'!N59))) | ... AF59: =IF('Phytopl Count'!AF59=0,"",('Phytopl Analysis'!AF59*LN('Phytopl Analysis'!AF59)))
D60: Family: | E60: Diploneidaceae | G60: =IF('Phytopl Count'!G60=0,"",('Phytopl Analysis'!G60*LN('Phytopl Analysis'!G60))) | H60: =IF('Phytopl Count'!H60=0,"",('Phytopl Analysis'!H60*LN('Phytopl Analysis'!H60))) | I60: =IF('Phytopl Count'!I60=0,"",('Phytopl Analysis'!I60*LN('Phytopl Analysis'!I60))) | J60: =IF('Phytopl Count'!J60=0,"",('Phytopl Analysis'!J60*LN('Phytopl Analysis'!J60))) | K60: =IF('Phytopl Count'!K60=0,"",('Phytopl Analysis'!K60*LN('Phytopl Analysis'!K60))) | L60: =IF('Phytopl Count'!L60=0,"",('Phytopl Analysis'!L60*LN('Phytopl Analysis'!L60))) | M60: =IF('Phytopl Count'!M60=0,"",('Phytopl Analysis'!M60*LN('Phytopl Analysis'!M60))) | N60: =IF('Phytopl Count'!N60=0,"",('Phytopl Analysis'!N60*LN('Phytopl Analysis'!N60))) | ... AF60: =IF('Phytopl Count'!AF60=0,"",('Phytopl Analysis'!AF60*LN('Phytopl Analysis'!AF60)))
E61: Genus: | F61: Diploneis | G61: =IF('Phytopl Count'!G61=0,"",('Phytopl Analysis'!G61*LN('Phytopl Analysis'!G61))) | H61: =IF('Phytopl Count'!H61=0,"",('Phytopl Analysis'!H61*LN('Phytopl Analysis'!H61))) | I61: =IF('Phytopl Count'!I61=0,"",('Phytopl Analysis'!I61*LN('Phytopl Analysis'!I61))) | J61: =IF('Phytopl Count'!J61=0,"",('Phytopl Analysis'!J61*LN('Phytopl Analysis'!J61))) | K61: =IF('Phytopl Count'!K61=0,"",('Phytopl Analysis'!K61*LN('Phytopl Analysis'!K61))) | L61: =IF('Phytopl Count'!L61=0,"",('Phytopl Analysis'!L61*LN('Phytopl Analysis'!L61))) | M61: =IF('Phytopl Count'!M61=0,"",('Phytopl Analysis'!M61*LN('Phytopl Analysis'!M61))) | N61: =IF('Phytopl Count'!N61=0,"",('Phytopl Analysis'!N61*LN('Phytopl Analysis'!N61))) | ... AF61: =IF('Phytopl Count'!AF61=0,"",('Phytopl Analysis'!AF61*LN('Phytopl Analysis'!AF61)))
D62: Family: | E62: Naviculaceae | G62: =IF('Phytopl Count'!G62=0,"",('Phytopl Analysis'!G62*LN('Phytopl Analysis'!G62))) | H62: =IF('Phytopl Count'!H62=0,"",('Phytopl Analysis'!H62*LN('Phytopl Analysis'!H62))) | I62: =IF('Phytopl Count'!I62=0,"",('Phytopl Analysis'!I62*LN('Phytopl Analysis'!I62))) | J62: =IF('Phytopl Count'!J62=0,"",('Phytopl Analysis'!J62*LN('Phytopl Analysis'!J62))) | K62: =IF('Phytopl Count'!K62=0,"",('Phytopl Analysis'!K62*LN('Phytopl Analysis'!K62))) | L62: =IF('Phytopl Count'!L62=0,"",('Phytopl Analysis'!L62*LN('Phytopl Analysis'!L62))) | M62: =IF('Phytopl Count'!M62=0,"",('Phytopl Analysis'!M62*LN('Phytopl Analysis'!M62))) | N62: =IF('Phytopl Count'!N62=0,"",('Phytopl Analysis'!N62*LN('Phytopl Analysis'!N62))) | ... AF62: =IF('Phytopl Count'!AF62=0,"",('Phytopl Analysis'!AF62*LN('Phytopl Analysis'!AF62)))
F63: Gyrosigma | G63: =IF('Phytopl Count'!G63=0,"",('Phytopl Analysis'!G63*LN('Phytopl Analysis'!G63))) | H63: =IF('Phytopl Count'!H63=0,"",('Phytopl Analysis'!H63*LN('Phytopl Analysis'!H63))) | I63: =IF('Phytopl Count'!I63=0,"",('Phytopl Analysis'!I63*LN('Phytopl Analysis'!I63))) | J63: =IF('Phytopl Count'!J63=0,"",('Phytopl Analysis'!J63*LN('Phytopl Analysis'!J63))) | K63: =IF('Phytopl Count'!K63=0,"",('Phytopl Analysis'!K63*LN('Phytopl Analysis'!K63))) | L63: =IF('Phytopl Count'!L63=0,"",('Phytopl Analysis'!L63*LN('Phytopl Analysis'!L63))) | M63: =IF('Phytopl Count'!M63=0,"",('Phytopl Analysis'!M63*LN('Phytopl Analysis'!M63))) | N63: =IF('Phytopl Count'!N63=0,"",('Phytopl Analysis'!N63*LN('Phytopl Analysis'!N63))) | ... AF63: =IF('Phytopl Count'!AF63=0,"",('Phytopl Analysis'!AF63*LN('Phytopl Analysis'!AF63)))
E64: Genus: | F64: Haslea | G64: =IF('Phytopl Count'!G64=0,"",('Phytopl Analysis'!G64*LN('Phytopl Analysis'!G64))) | H64: =IF('Phytopl Count'!H64=0,"",('Phytopl Analysis'!H64*LN('Phytopl Analysis'!H64))) | I64: =IF('Phytopl Count'!I64=0,"",('Phytopl Analysis'!I64*LN('Phytopl Analysis'!I64))) | J64: =IF('Phytopl Count'!J64=0,"",('Phytopl Analysis'!J64*LN('Phytopl Analysis'!J64))) | K64: =IF('Phytopl Count'!K64=0,"",('Phytopl Analysis'!K64*LN('Phytopl Analysis'!K64))) -> -0.17603686 | L64: =IF('Phytopl Count'!L64=0,"",('Phytopl Analysis'!L64*LN('Phytopl Analysis'!L64))) | M64: =IF('Phytopl Count'!M64=0,"",('Phytopl Analysis'!M64*LN('Phytopl Analysis'!M64))) -> -0.1288415 | N64: =IF('Phytopl Count'!N64=0,"",('Phytopl Analysis'!N64*LN('Phytopl Analysis'!N64))) -> -0.14584984 | ... AF64: =IF('Phytopl Count'!AF64=0,"",('Phytopl Analysis'!AF64*LN('Phytopl Analysis'!AF64)))
F65: Navicula | G65: =IF('Phytopl Count'!G65=0,"",('Phytopl Analysis'!G65*LN('Phytopl Analysis'!G65))) | H65: =IF('Phytopl Count'!H65=0,"",('Phytopl Analysis'!H65*LN('Phytopl Analysis'!H65))) | I65: =IF('Phytopl Count'!I65=0,"",('Phytopl Analysis'!I65*LN('Phytopl Analysis'!I65))) | J65: =IF('Phytopl Count'!J65=0,"",('Phytopl Analysis'!J65*LN('Phytopl Analysis'!J65))) | K65: =IF('Phytopl Count'!K65=0,"",('Phytopl Analysis'!K65*LN('Phytopl Analysis'!K65))) | L65: =IF('Phytopl Count'!L65=0,"",('Phytopl Analysis'!L65*LN('Phytopl Analysis'!L65))) | M65: =IF('Phytopl Count'!M65=0,"",('Phytopl Analysis'!M65*LN('Phytopl Analysis'!M65))) | N65: =IF('Phytopl Count'!N65=0,"",('Phytopl Analysis'!N65*LN('Phytopl Analysis'!N65))) | ... AF65: =IF('Phytopl Count'!AF65=0,"",('Phytopl Analysis'!AF65*LN('Phytopl Analysis'!AF65)))
D66: Family: | E66: Pinnulariaceae | G66: =IF('Phytopl Count'!G66=0,"",('Phytopl Analysis'!G66*LN('Phytopl Analysis'!G66))) | H66: =IF('Phytopl Count'!H66=0,"",('Phytopl Analysis'!H66*LN('Phytopl Analysis'!H66))) | I66: =IF('Phytopl Count'!I66=0,"",('Phytopl Analysis'!I66*LN('Phytopl Analysis'!I66))) | J66: =IF('Phytopl Count'!J66=0,"",('Phytopl Analysis'!J66*LN('Phytopl Analysis'!J66))) | K66: =IF('Phytopl Count'!K66=0,"",('Phytopl Analysis'!K66*LN('Phytopl Analysis'!K66))) | L66: =IF('Phytopl Count'!L66=0,"",('Phytopl Analysis'!L66*LN('Phytopl Analysis'!L66))) | M66: =IF('Phytopl Count'!M66=0,"",('Phytopl Analysis'!M66*LN('Phytopl Analysis'!M66))) | N66: =IF('Phytopl Count'!N66=0,"",('Phytopl Analysis'!N66*LN('Phytopl Analysis'!N66))) | ... AF66: =IF('Phytopl Count'!AF66=0,"",('Phytopl Analysis'!AF66*LN('Phytopl Analysis'!AF66)))
E67: Genus: | F67: Pinnularia | G67: =IF('Phytopl Count'!G67=0,"",('Phytopl Analysis'!G67*LN('Phytopl Analysis'!G67))) | H67: =IF('Phytopl Count'!H67=0,"",('Phytopl Analysis'!H67*LN('Phytopl Analysis'!H67))) | I67: =IF('Phytopl Count'!I67=0,"",('Phytopl Analysis'!I67*LN('Phytopl Analysis'!I67))) | J67: =IF('Phytopl Count'!J67=0,"",('Phytopl Analysis'!J67*LN('Phytopl Analysis'!J67))) | K67: =IF('Phytopl Count'!K67=0,"",('Phytopl Analysis'!K67*LN('Phytopl Analysis'!K67))) | L67: =IF('Phytopl Count'!L67=0,"",('Phytopl Analysis'!L67*LN('Phytopl Analysis'!L67))) | M67: =IF('Phytopl Count'!M67=0,"",('Phytopl Analysis'!M67*LN('Phytopl Analysis'!M67))) | N67: =IF('Phytopl Count'!N67=0,"",('Phytopl Analysis'!N67*LN('Phytopl Analysis'!N67))) | ... AF67: =IF('Phytopl Count'!AF67=0,"",('Phytopl Analysis'!AF67*LN('Phytopl Analysis'!AF67)))
D68: Family: | E68: Plagiotropidaceae | G68: =IF('Phytopl Count'!G68=0,"",('Phytopl Analysis'!G68*LN('Phytopl Analysis'!G68))) | H68: =IF('Phytopl Count'!H68=0,"",('Phytopl Analysis'!H68*LN('Phytopl Analysis'!H68))) | I68: =IF('Phytopl Count'!I68=0,"",('Phytopl Analysis'!I68*LN('Phytopl Analysis'!I68))) | J68: =IF('Phytopl Count'!J68=0,"",('Phytopl Analysis'!J68*LN('Phytopl Analysis'!J68))) | K68: =IF('Phytopl Count'!K68=0,"",('Phytopl Analysis'!K68*LN('Phytopl Analysis'!K68))) | L68: =IF('Phytopl Count'!L68=0,"",('Phytopl Analysis'!L68*LN('Phytopl Analysis'!L68))) | M68: =IF('Phytopl Count'!M68=0,"",('Phytopl Analysis'!M68*LN('Phytopl Analysis'!M68))) | N68: =IF('Phytopl Count'!N68=0,"",('Phytopl Analysis'!N68*LN('Phytopl Analysis'!N68))) | ... AF68: =IF('Phytopl Count'!AF68=0,"",('Phytopl Analysis'!AF68*LN('Phytopl Analysis'!AF68)))
E69: Genus: | F69: Meuniera | G69: =IF('Phytopl Count'!G69=0,"",('Phytopl Analysis'!G69*LN('Phytopl Analysis'!G69))) | H69: =IF('Phytopl Count'!H69=0,"",('Phytopl Analysis'!H69*LN('Phytopl Analysis'!H69))) | I69: =IF('Phytopl Count'!I69=0,"",('Phytopl Analysis'!I69*LN('Phytopl Analysis'!I69))) | J69: =IF('Phytopl Count'!J69=0,"",('Phytopl Analysis'!J69*LN('Phytopl Analysis'!J69))) | K69: =IF('Phytopl Count'!K69=0,"",('Phytopl Analysis'!K69*LN('Phytopl Analysis'!K69))) | L69: =IF('Phytopl Count'!L69=0,"",('Phytopl Analysis'!L69*LN('Phytopl Analysis'!L69))) | M69: =IF('Phytopl Count'!M69=0,"",('Phytopl Analysis'!M69*LN('Phytopl Analysis'!M69))) | N69: =IF('Phytopl Count'!N69=0,"",('Phytopl Analysis'!N69*LN('Phytopl Analysis'!N69))) | ... AF69: =IF('Phytopl Count'!AF69=0,"",('Phytopl Analysis'!AF69*LN('Phytopl Analysis'!AF69)))
F70: Plagiolemma | G70: =IF('Phytopl Count'!G70=0,"",('Phytopl Analysis'!G70*LN('Phytopl Analysis'!G70))) | H70: =IF('Phytopl Count'!H70=0,"",('Phytopl Analysis'!H70*LN('Phytopl Analysis'!H70))) | I70: =IF('Phytopl Count'!I70=0,"",('Phytopl Analysis'!I70*LN('Phytopl Analysis'!I70))) | J70: =IF('Phytopl Count'!J70=0,"",('Phytopl Analysis'!J70*LN('Phytopl Analysis'!J70))) | K70: =IF('Phytopl Count'!K70=0,"",('Phytopl Analysis'!K70*LN('Phytopl Analysis'!K70))) | L70: =IF('Phytopl Count'!L70=0,"",('Phytopl Analysis'!L70*LN('Phytopl Analysis'!L70))) | M70: =IF('Phytopl Count'!M70=0,"",('Phytopl Analysis'!M70*LN('Phytopl Analysis'!M70))) | N70: =IF('Phytopl Count'!N70=0,"",('Phytopl Analysis'!N70*LN('Phytopl Analysis'!N70))) | ... AF70: =IF('Phytopl Count'!AF70=0,"",('Phytopl Analysis'!AF70*LN('Phytopl Analysis'!AF70)))
D71: Family: | E71: Pleurosigmataceae | G71: =IF('Phytopl Count'!G71=0,"",('Phytopl Analysis'!G71*LN('Phytopl Analysis'!G71))) | H71: =IF('Phytopl Count'!H71=0,"",('Phytopl Analysis'!H71*LN('Phytopl Analysis'!H71))) | I71: =IF('Phytopl Count'!I71=0,"",('Phytopl Analysis'!I71*LN('Phytopl Analysis'!I71))) | J71: =IF('Phytopl Count'!J71=0,"",('Phytopl Analysis'!J71*LN('Phytopl Analysis'!J71))) | K71: =IF('Phytopl Count'!K71=0,"",('Phytopl Analysis'!K71*LN('Phytopl Analysis'!K71))) | L71: =IF('Phytopl Count'!L71=0,"",('Phytopl Analysis'!L71*LN('Phytopl Analysis'!L71))) | M71: =IF('Phytopl Count'!M71=0,"",('Phytopl Analysis'!M71*LN('Phytopl Analysis'!M71))) | N71: =IF('Phytopl Count'!N71=0,"",('Phytopl Analysis'!N71*LN('Phytopl Analysis'!N71))) | ... AF71: =IF('Phytopl Count'!AF71=0,"",('Phytopl Analysis'!AF71*LN('Phytopl Analysis'!AF71)))
E72: Genus: | F72: Pleurosigma | G72: =IF('Phytopl Count'!G72=0,"",('Phytopl Analysis'!G72*LN('Phytopl Analysis'!G72))) | H72: =IF('Phytopl Count'!H72=0,"",('Phytopl Analysis'!H72*LN('Phytopl Analysis'!H72))) | I72: =IF('Phytopl Count'!I72=0,"",('Phytopl Analysis'!I72*LN('Phytopl Analysis'!I72))) | J72: =IF('Phytopl Count'!J72=0,"",('Phytopl Analysis'!J72*LN('Phytopl Analysis'!J72))) | K72: =IF('Phytopl Count'!K72=0,"",('Phytopl Analysis'!K72*LN('Phytopl Analysis'!K72))) -> -0.17603686 | L72: =IF('Phytopl Count'!L72=0,"",('Phytopl Analysis'!L72*LN('Phytopl Analysis'!L72))) | M72: =IF('Phytopl Count'!M72=0,"",('Phytopl Analysis'!M72*LN('Phytopl Analysis'!M72))) | N72: =IF('Phytopl Count'!N72=0,"",('Phytopl Analysis'!N72*LN('Phytopl Analysis'!N72))) | ... AF72: =IF('Phytopl Count'!AF72=0,"",('Phytopl Analysis'!AF72*LN('Phytopl Analysis'!AF72)))
G73: =IF('Phytopl Count'!G73=0,"",('Phytopl Analysis'!G73*LN('Phytopl Analysis'!G73))) | H73: =IF('Phytopl Count'!H73=0,"",('Phytopl Analysis'!H73*LN('Phytopl Analysis'!H73))) | I73: =IF('Phytopl Count'!I73=0,"",('Phytopl Analysis'!I73*LN('Phytopl Analysis'!I73))) | J73: =IF('Phytopl Count'!J73=0,"",('Phytopl Analysis'!J73*LN('Phytopl Analysis'!J73))) | K73: =IF('Phytopl Count'!K73=0,"",('Phytopl Analysis'!K73*LN('Phytopl Analysis'!K73))) | L73: =IF('Phytopl Count'!L73=0,"",('Phytopl Analysis'!L73*LN('Phytopl Analysis'!L73))) | M73: =IF('Phytopl Count'!M73=0,"",('Phytopl Analysis'!M73*LN('Phytopl Analysis'!M73))) | N73: =IF('Phytopl Count'!N73=0,"",('Phytopl Analysis'!N73*LN('Phytopl Analysis'!N73))) | ... AF73: =IF('Phytopl Count'!AF73=0,"",('Phytopl Analysis'!AF73*LN('Phytopl Analysis'!AF73)))
B74: Class: | C74: Coscinodiscophyceae | G74: =IF('Phytopl Count'!G74=0,"",('Phytopl Analysis'!G74*LN('Phytopl Analysis'!G74))) | H74: =IF('Phytopl Count'!H74=0,"",('Phytopl Analysis'!H74*LN('Phytopl Analysis'!H74))) | I74: =IF('Phytopl Count'!I74=0,"",('Phytopl Analysis'!I74*LN('Phytopl Analysis'!I74))) | J74: =IF('Phytopl Count'!J74=0,"",('Phytopl Analysis'!J74*LN('Phytopl Analysis'!J74))) | K74: =IF('Phytopl Count'!K74=0,"",('Phytopl Analysis'!K74*LN('Phytopl Analysis'!K74))) | L74: =IF('Phytopl Count'!L74=0,"",('Phytopl Analysis'!L74*LN('Phytopl Analysis'!L74))) | M74: =IF('Phytopl Count'!M74=0,"",('Phytopl Analysis'!M74*LN('Phytopl Analysis'!M74))) | N74: =IF('Phytopl Count'!N74=0,"",('Phytopl Analysis'!N74*LN('Phytopl Analysis'!N74))) | ... AF74: =IF('Phytopl Count'!AF74=0,"",('Phytopl Analysis'!AF74*LN('Phytopl Analysis'!AF74)))
C75: Order: | D75: Asterolamprales | G75: =IF('Phytopl Count'!G75=0,"",('Phytopl Analysis'!G75*LN('Phytopl Analysis'!G75))) | H75: =IF('Phytopl Count'!H75=0,"",('Phytopl Analysis'!H75*LN('Phytopl Analysis'!H75))) | I75: =IF('Phytopl Count'!I75=0,"",('Phytopl Analysis'!I75*LN('Phytopl Analysis'!I75))) | J75: =IF('Phytopl Count'!J75=0,"",('Phytopl Analysis'!J75*LN('Phytopl Analysis'!J75))) | K75: =IF('Phytopl Count'!K75=0,"",('Phytopl Analysis'!K75*LN('Phytopl Analysis'!K75))) | L75: =IF('Phytopl Count'!L75=0,"",('Phytopl Analysis'!L75*LN('Phytopl Analysis'!L75))) | M75: =IF('Phytopl Count'!M75=0,"",('Phytopl Analysis'!M75*LN('Phytopl Analysis'!M75))) | N75: =IF('Phytopl Count'!N75=0,"",('Phytopl Analysis'!N75*LN('Phytopl Analysis'!N75))) | ... AF75: =IF('Phytopl Count'!AF75=0,"",('Phytopl Analysis'!AF75*LN('Phytopl Analysis'!AF75)))
D76: Family: | E76: Asterolampraceae | G76: =IF('Phytopl Count'!G76=0,"",('Phytopl Analysis'!G76*LN('Phytopl Analysis'!G76))) | H76: =IF('Phytopl Count'!H76=0,"",('Phytopl Analysis'!H76*LN('Phytopl Analysis'!H76))) | I76: =IF('Phytopl Count'!I76=0,"",('Phytopl Analysis'!I76*LN('Phytopl Analysis'!I76))) | J76: =IF('Phytopl Count'!J76=0,"",('Phytopl Analysis'!J76*LN('Phytopl Analysis'!J76))) | K76: =IF('Phytopl Count'!K76=0,"",('Phytopl Analysis'!K76*LN('Phytopl Analysis'!K76))) | L76: =IF('Phytopl Count'!L76=0,"",('Phytopl Analysis'!L76*LN('Phytopl Analysis'!L76))) | M76: =IF('Phytopl Count'!M76=0,"",('Phytopl Analysis'!M76*LN('Phytopl Analysis'!M76))) | N76: =IF('Phytopl Count'!N76=0,"",('Phytopl Analysis'!N76*LN('Phytopl Analysis'!N76))) | ... AF76: =IF('Phytopl Count'!AF76=0,"",('Phytopl Analysis'!AF76*LN('Phytopl Analysis'!AF76)))
E77: Genus: | F77: Asterolampra | G77: =IF('Phytopl Count'!G77=0,"",('Phytopl Analysis'!G77*LN('Phytopl Analysis'!G77))) | H77: =IF('Phytopl Count'!H77=0,"",('Phytopl Analysis'!H77*LN('Phytopl Analysis'!H77))) -> -0.14584984 | I77: =IF('Phytopl Count'!I77=0,"",('Phytopl Analysis'!I77*LN('Phytopl Analysis'!I77))) | J77: =IF('Phytopl Count'!J77=0,"",('Phytopl Analysis'!J77*LN('Phytopl Analysis'!J77))) | K77: =IF('Phytopl Count'!K77=0,"",('Phytopl Analysis'!K77*LN('Phytopl Analysis'!K77))) -> -0.11022076 | L77: =IF('Phytopl Count'!L77=0,"",('Phytopl Analysis'!L77*LN('Phytopl Analysis'!L77))) | M77: =IF('Phytopl Count'!M77=0,"",('Phytopl Analysis'!M77*LN('Phytopl Analysis'!M77))) | N77: =IF('Phytopl Count'!N77=0,"",('Phytopl Analysis'!N77*LN('Phytopl Analysis'!N77))) -> -0.14584984 | ... AF77: =IF('Phytopl Count'!AF77=0,"",('Phytopl Analysis'!AF77*LN('Phytopl Analysis'!AF77))) -> -0.31697148
F78: Asteromphalus | G78: =IF('Phytopl Count'!G78=0,"",('Phytopl Analysis'!G78*LN('Phytopl Analysis'!G78))) | H78: =IF('Phytopl Count'!H78=0,"",('Phytopl Analysis'!H78*LN('Phytopl Analysis'!H78))) | I78: =IF('Phytopl Count'!I78=0,"",('Phytopl Analysis'!I78*LN('Phytopl Analysis'!I78))) | J78: =IF('Phytopl Count'!J78=0,"",('Phytopl Analysis'!J78*LN('Phytopl Analysis'!J78))) | K78: =IF('Phytopl Count'!K78=0,"",('Phytopl Analysis'!K78*LN('Phytopl Analysis'!K78))) | L78: =IF('Phytopl Count'!L78=0,"",('Phytopl Analysis'!L78*LN('Phytopl Analysis'!L78))) | M78: =IF('Phytopl Count'!M78=0,"",('Phytopl Analysis'!M78*LN('Phytopl Analysis'!M78))) | N78: =IF('Phytopl Count'!N78=0,"",('Phytopl Analysis'!N78*LN('Phytopl Analysis'!N78))) | ... AF78: =IF('Phytopl Count'!AF78=0,"",('Phytopl Analysis'!AF78*LN('Phytopl Analysis'!AF78)))
C79: Order: | D79: Aulacoseirales | G79: =IF('Phytopl Count'!G79=0,"",('Phytopl Analysis'!G79*LN('Phytopl Analysis'!G79))) | H79: =IF('Phytopl Count'!H79=0,"",('Phytopl Analysis'!H79*LN('Phytopl Analysis'!H79))) | I79: =IF('Phytopl Count'!I79=0,"",('Phytopl Analysis'!I79*LN('Phytopl Analysis'!I79))) | J79: =IF('Phytopl Count'!J79=0,"",('Phytopl Analysis'!J79*LN('Phytopl Analysis'!J79))) | K79: =IF('Phytopl Count'!K79=0,"",('Phytopl Analysis'!K79*LN('Phytopl Analysis'!K79))) | L79: =IF('Phytopl Count'!L79=0,"",('Phytopl Analysis'!L79*LN('Phytopl Analysis'!L79))) | M79: =IF('Phytopl Count'!M79=0,"",('Phytopl Analysis'!M79*LN('Phytopl Analysis'!M79))) | N79: =IF('Phytopl Count'!N79=0,"",('Phytopl Analysis'!N79*LN('Phytopl Analysis'!N79))) | ... AF79: =IF('Phytopl Count'!AF79=0,"",('Phytopl Analysis'!AF79*LN('Phytopl Analysis'!AF79)))
D80: Family: | E80: Aulacoseiraceae | G80: =IF('Phytopl Count'!G80=0,"",('Phytopl Analysis'!G80*LN('Phytopl Analysis'!G80))) | H80: =IF('Phytopl Count'!H80=0,"",('Phytopl Analysis'!H80*LN('Phytopl Analysis'!H80))) | I80: =IF('Phytopl Count'!I80=0,"",('Phytopl Analysis'!I80*LN('Phytopl Analysis'!I80))) | J80: =IF('Phytopl Count'!J80=0,"",('Phytopl Analysis'!J80*LN('Phytopl Analysis'!J80))) | K80: =IF('Phytopl Count'!K80=0,"",('Phytopl Analysis'!K80*LN('Phytopl Analysis'!K80))) | L80: =IF('Phytopl Count'!L80=0,"",('Phytopl Analysis'!L80*LN('Phytopl Analysis'!L80))) | M80: =IF('Phytopl Count'!M80=0,"",('Phytopl Analysis'!M80*LN('Phytopl Analysis'!M80))) | N80: =IF('Phytopl Count'!N80=0,"",('Phytopl Analysis'!N80*LN('Phytopl Analysis'!N80))) | ... AF80: =IF('Phytopl Count'!AF80=0,"",('Phytopl Analysis'!AF80*LN('Phytopl Analysis'!AF80)))
E81: Genus: | F81: Aulacoseira | G81: =IF('Phytopl Count'!G81=0,"",('Phytopl Analysis'!G81*LN('Phytopl Analysis'!G81))) | H81: =IF('Phytopl Count'!H81=0,"",('Phytopl Analysis'!H81*LN('Phytopl Analysis'!H81))) | I81: =IF('Phytopl Count'!I81=0,"",('Phytopl Analysis'!I81*LN('Phytopl Analysis'!I81))) | J81: =IF('Phytopl Count'!J81=0,"",('Phytopl Analysis'!J81*LN('Phytopl Analysis'!J81))) | K81: =IF('Phytopl Count'!K81=0,"",('Phytopl Analysis'!K81*LN('Phytopl Analysis'!K81))) | L81: =IF('Phytopl Count'!L81=0,"",('Phytopl Analysis'!L81*LN('Phytopl Analysis'!L81))) | M81: =IF('Phytopl Count'!M81=0,"",('Phytopl Analysis'!M81*LN('Phytopl Analysis'!M81))) | N81: =IF('Phytopl Count'!N81=0,"",('Phytopl Analysis'!N81*LN('Phytopl Analysis'!N81))) | ... AF81: =IF('Phytopl Count'!AF81=0,"",('Phytopl Analysis'!AF81*LN('Phytopl Analysis'!AF81)))
C82: Order: | D82: Melosirales | G82: =IF('Phytopl Count'!G82=0,"",('Phytopl Analysis'!G82*LN('Phytopl Analysis'!G82))) | H82: =IF('Phytopl Count'!H82=0,"",('Phytopl Analysis'!H82*LN('Phytopl Analysis'!H82))) | I82: =IF('Phytopl Count'!I82=0,"",('Phytopl Analysis'!I82*LN('Phytopl Analysis'!I82))) | J82: =IF('Phytopl Count'!J82=0,"",('Phytopl Analysis'!J82*LN('Phytopl Analysis'!J82))) | K82: =IF('Phytopl Count'!K82=0,"",('Phytopl Analysis'!K82*LN('Phytopl Analysis'!K82))) | L82: =IF('Phytopl Count'!L82=0,"",('Phytopl Analysis'!L82*LN('Phytopl Analysis'!L82))) | M82: =IF('Phytopl Count'!M82=0,"",('Phytopl Analysis'!M82*LN('Phytopl Analysis'!M82))) | N82: =IF('Phytopl Count'!N82=0,"",('Phytopl Analysis'!N82*LN('Phytopl Analysis'!N82))) | ... AF82: =IF('Phytopl Count'!AF82=0,"",('Phytopl Analysis'!AF82*LN('Phytopl Analysis'!AF82)))
D83: Family: | E83: Melosiraceae | G83: =IF('Phytopl Count'!G83=0,"",('Phytopl Analysis'!G83*LN('Phytopl Analysis'!G83))) | H83: =IF('Phytopl Count'!H83=0,"",('Phytopl Analysis'!H83*LN('Phytopl Analysis'!H83))) | I83: =IF('Phytopl Count'!I83=0,"",('Phytopl Analysis'!I83*LN('Phytopl Analysis'!I83))) | J83: =IF('Phytopl Count'!J83=0,"",('Phytopl Analysis'!J83*LN('Phytopl Analysis'!J83))) | K83: =IF('Phytopl Count'!K83=0,"",('Phytopl Analysis'!K83*LN('Phytopl Analysis'!K83))) | L83: =IF('Phytopl Count'!L83=0,"",('Phytopl Analysis'!L83*LN('Phytopl Analysis'!L83))) | M83: =IF('Phytopl Count'!M83=0,"",('Phytopl Analysis'!M83*LN('Phytopl Analysis'!M83))) | N83: =IF('Phytopl Count'!N83=0,"",('Phytopl Analysis'!N83*LN('Phytopl Analysis'!N83))) | ... AF83: =IF('Phytopl Count'!AF83=0,"",('Phytopl Analysis'!AF83*LN('Phytopl Analysis'!AF83)))
E84: Genus: | F84: Melosira | G84: =IF('Phytopl Count'!G84=0,"",('Phytopl Analysis'!G84*LN('Phytopl Analysis'!G84))) | H84: =IF('Phytopl Count'!H84=0,"",('Phytopl Analysis'!H84*LN('Phytopl Analysis'!H84))) | I84: =IF('Phytopl Count'!I84=0,"",('Phytopl Analysis'!I84*LN('Phytopl Analysis'!I84))) | J84: =IF('Phytopl Count'!J84=0,"",('Phytopl Analysis'!J84*LN('Phytopl Analysis'!J84))) | K84: =IF('Phytopl Count'!K84=0,"",('Phytopl Analysis'!K84*LN('Phytopl Analysis'!K84))) | L84: =IF('Phytopl Count'!L84=0,"",('Phytopl Analysis'!L84*LN('Phytopl Analysis'!L84))) | M84: =IF('Phytopl Count'!M84=0,"",('Phytopl Analysis'!M84*LN('Phytopl Analysis'!M84))) | N84: =IF('Phytopl Count'!N84=0,"",('Phytopl Analysis'!N84*LN('Phytopl Analysis'!N84))) | ... AF84: =IF('Phytopl Count'!AF84=0,"",('Phytopl Analysis'!AF84*LN('Phytopl Analysis'!AF84)))
D85: Family: | E85: Paraliaceae | G85: =IF('Phytopl Count'!G85=0,"",('Phytopl Analysis'!G85*LN('Phytopl Analysis'!G85))) | H85: =IF('Phytopl Count'!H85=0,"",('Phytopl Analysis'!H85*LN('Phytopl Analysis'!H85))) | I85: =IF('Phytopl Count'!I85=0,"",('Phytopl Analysis'!I85*LN('Phytopl Analysis'!I85))) | J85: =IF('Phytopl Count'!J85=0,"",('Phytopl Analysis'!J85*LN('Phytopl Analysis'!J85))) | K85: =IF('Phytopl Count'!K85=0,"",('Phytopl Analysis'!K85*LN('Phytopl Analysis'!K85))) | L85: =IF('Phytopl Count'!L85=0,"",('Phytopl Analysis'!L85*LN('Phytopl Analysis'!L85))) | M85: =IF('Phytopl Count'!M85=0,"",('Phytopl Analysis'!M85*LN('Phytopl Analysis'!M85))) | N85: =IF('Phytopl Count'!N85=0,"",('Phytopl Analysis'!N85*LN('Phytopl Analysis'!N85))) | ... AF85: =IF('Phytopl Count'!AF85=0,"",('Phytopl Analysis'!AF85*LN('Phytopl Analysis'!AF85)))
E86: Genus: | F86: Paralia | G86: =IF('Phytopl Count'!G86=0,"",('Phytopl Analysis'!G86*LN('Phytopl Analysis'!G86))) | H86: =IF('Phytopl Count'!H86=0,"",('Phytopl Analysis'!H86*LN('Phytopl Analysis'!H86))) | I86: =IF('Phytopl Count'!I86=0,"",('Phytopl Analysis'!I86*LN('Phytopl Analysis'!I86))) | J86: =IF('Phytopl Count'!J86=0,"",('Phytopl Analysis'!J86*LN('Phytopl Analysis'!J86))) | K86: =IF('Phytopl Count'!K86=0,"",('Phytopl Analysis'!K86*LN('Phytopl Analysis'!K86))) | L86: =IF('Phytopl Count'!L86=0,"",('Phytopl Analysis'!L86*LN('Phytopl Analysis'!L86))) | M86: =IF('Phytopl Count'!M86=0,"",('Phytopl Analysis'!M86*LN('Phytopl Analysis'!M86))) | N86: =IF('Phytopl Count'!N86=0,"",('Phytopl Analysis'!N86*LN('Phytopl Analysis'!N86))) | ... AF86: =IF('Phytopl Count'!AF86=0,"",('Phytopl Analysis'!AF86*LN('Phytopl Analysis'!AF86)))
C87: Order: | D87: Stephanopyxales | G87: =IF('Phytopl Count'!G87=0,"",('Phytopl Analysis'!G87*LN('Phytopl Analysis'!G87))) | H87: =IF('Phytopl Count'!H87=0,"",('Phytopl Analysis'!H87*LN('Phytopl Analysis'!H87))) | I87: =IF('Phytopl Count'!I87=0,"",('Phytopl Analysis'!I87*LN('Phytopl Analysis'!I87))) | J87: =IF('Phytopl Count'!J87=0,"",('Phytopl Analysis'!J87*LN('Phytopl Analysis'!J87))) | K87: =IF('Phytopl Count'!K87=0,"",('Phytopl Analysis'!K87*LN('Phytopl Analysis'!K87))) | L87: =IF('Phytopl Count'!L87=0,"",('Phytopl Analysis'!L87*LN('Phytopl Analysis'!L87))) | M87: =IF('Phytopl Count'!M87=0,"",('Phytopl Analysis'!M87*LN('Phytopl Analysis'!M87))) | N87: =IF('Phytopl Count'!N87=0,"",('Phytopl Analysis'!N87*LN('Phytopl Analysis'!N87))) | ... AF87: =IF('Phytopl Count'!AF87=0,"",('Phytopl Analysis'!AF87*LN('Phytopl Analysis'!AF87)))
D88: Family: | E88: Stephanopyxidaceae | G88: =IF('Phytopl Count'!G88=0,"",('Phytopl Analysis'!G88*LN('Phytopl Analysis'!G88))) | H88: =IF('Phytopl Count'!H88=0,"",('Phytopl Analysis'!H88*LN('Phytopl Analysis'!H88))) | I88: =IF('Phytopl Count'!I88=0,"",('Phytopl Analysis'!I88*LN('Phytopl Analysis'!I88))) | J88: =IF('Phytopl Count'!J88=0,"",('Phytopl Analysis'!J88*LN('Phytopl Analysis'!J88))) | K88: =IF('Phytopl Count'!K88=0,"",('Phytopl Analysis'!K88*LN('Phytopl Analysis'!K88))) | L88: =IF('Phytopl Count'!L88=0,"",('Phytopl Analysis'!L88*LN('Phytopl Analysis'!L88))) | M88: =IF('Phytopl Count'!M88=0,"",('Phytopl Analysis'!M88*LN('Phytopl Analysis'!M88))) | N88: =IF('Phytopl Count'!N88=0,"",('Phytopl Analysis'!N88*LN('Phytopl Analysis'!N88))) | ... AF88: =IF('Phytopl Count'!AF88=0,"",('Phytopl Analysis'!AF88*LN('Phytopl Analysis'!AF88)))
E89: Genus: | F89: Stephanopyxis | G89: =IF('Phytopl Count'!G89=0,"",('Phytopl Analysis'!G89*LN('Phytopl Analysis'!G89))) | H89: =IF('Phytopl Count'!H89=0,"",('Phytopl Analysis'!H89*LN('Phytopl Analysis'!H89))) | I89: =IF('Phytopl Count'!I89=0,"",('Phytopl Analysis'!I89*LN('Phytopl Analysis'!I89))) | J89: =IF('Phytopl Count'!J89=0,"",('Phytopl Analysis'!J89*LN('Phytopl Analysis'!J89))) | K89: =IF('Phytopl Count'!K89=0,"",('Phytopl Analysis'!K89*LN('Phytopl Analysis'!K89))) | L89: =IF('Phytopl Count'!L89=0,"",('Phytopl Analysis'!L89*LN('Phytopl Analysis'!L89))) | M89: =IF('Phytopl Count'!M89=0,"",('Phytopl Analysis'!M89*LN('Phytopl Analysis'!M89))) | N89: =IF('Phytopl Count'!N89=0,"",('Phytopl Analysis'!N89*LN('Phytopl Analysis'!N89))) | ... AF89: =IF('Phytopl Count'!AF89=0,"",('Phytopl Analysis'!AF89*LN('Phytopl Analysis'!AF89)))
C90: Order: | D90: Corethrales | G90: =IF('Phytopl Count'!G90=0,"",('Phytopl Analysis'!G90*LN('Phytopl Analysis'!G90))) | H90: =IF('Phytopl Count'!H90=0,"",('Phytopl Analysis'!H90*LN('Phytopl Analysis'!H90))) | I90: =IF('Phytopl Count'!I90=0,"",('Phytopl Analysis'!I90*LN('Phytopl Analysis'!I90))) | J90: =IF('Phytopl Count'!J90=0,"",('Phytopl Analysis'!J90*LN('Phytopl Analysis'!J90))) | K90: =IF('Phytopl Count'!K90=0,"",('Phytopl Analysis'!K90*LN('Phytopl Analysis'!K90))) | L90: =IF('Phytopl Count'!L90=0,"",('Phytopl Analysis'!L90*LN('Phytopl Analysis'!L90))) | M90: =IF('Phytopl Count'!M90=0,"",('Phytopl Analysis'!M90*LN('Phytopl Analysis'!M90))) | N90: =IF('Phytopl Count'!N90=0,"",('Phytopl Analysis'!N90*LN('Phytopl Analysis'!N90))) | ... AF90: =IF('Phytopl Count'!AF90=0,"",('Phytopl Analysis'!AF90*LN('Phytopl Analysis'!AF90)))
D91: Family: | E91: Corethraceae | G91: =IF('Phytopl Count'!G91=0,"",('Phytopl Analysis'!G91*LN('Phytopl Analysis'!G91))) | H91: =IF('Phytopl Count'!H91=0,"",('Phytopl Analysis'!H91*LN('Phytopl Analysis'!H91))) | I91: =IF('Phytopl Count'!I91=0,"",('Phytopl Analysis'!I91*LN('Phytopl Analysis'!I91))) | J91: =IF('Phytopl Count'!J91=0,"",('Phytopl Analysis'!J91*LN('Phytopl Analysis'!J91))) | K91: =IF('Phytopl Count'!K91=0,"",('Phytopl Analysis'!K91*LN('Phytopl Analysis'!K91))) | L91: =IF('Phytopl Count'!L91=0,"",('Phytopl Analysis'!L91*LN('Phytopl Analysis'!L91))) | M91: =IF('Phytopl Count'!M91=0,"",('Phytopl Analysis'!M91*LN('Phytopl Analysis'!M91))) | N91: =IF('Phytopl Count'!N91=0,"",('Phytopl Analysis'!N91*LN('Phytopl Analysis'!N91))) | ... AF91: =IF('Phytopl Count'!AF91=0,"",('Phytopl Analysis'!AF91*LN('Phytopl Analysis'!AF91)))
E92: Genus: | F92: Corethron | G92: =IF('Phytopl Count'!G92=0,"",('Phytopl Analysis'!G92*LN('Phytopl Analysis'!G92))) | H92: =IF('Phytopl Count'!H92=0,"",('Phytopl Analysis'!H92*LN('Phytopl Analysis'!H92))) | I92: =IF('Phytopl Count'!I92=0,"",('Phytopl Analysis'!I92*LN('Phytopl Analysis'!I92))) | J92: =IF('Phytopl Count'!J92=0,"",('Phytopl Analysis'!J92*LN('Phytopl Analysis'!J92))) | K92: =IF('Phytopl Count'!K92=0,"",('Phytopl Analysis'!K92*LN('Phytopl Analysis'!K92))) | L92: =IF('Phytopl Count'!L92=0,"",('Phytopl Analysis'!L92*LN('Phytopl Analysis'!L92))) | M92: =IF('Phytopl Count'!M92=0,"",('Phytopl Analysis'!M92*LN('Phytopl Analysis'!M92))) | N92: =IF('Phytopl Count'!N92=0,"",('Phytopl Analysis'!N92*LN('Phytopl Analysis'!N92))) | ... AF92: =IF('Phytopl Count'!AF92=0,"",('Phytopl Analysis'!AF92*LN('Phytopl Analysis'!AF92))) -> -0.17603686
C93: Order: | D93: Coscinodiscales | G93: =IF('Phytopl Count'!G93=0,"",('Phytopl Analysis'!G93*LN('Phytopl Analysis'!G93))) | H93: =IF('Phytopl Count'!H93=0,"",('Phytopl Analysis'!H93*LN('Phytopl Analysis'!H93))) | I93: =IF('Phytopl Count'!I93=0,"",('Phytopl Analysis'!I93*LN('Phytopl Analysis'!I93))) | J93: =IF('Phytopl Count'!J93=0,"",('Phytopl Analysis'!J93*LN('Phytopl Analysis'!J93))) | K93: =IF('Phytopl Count'!K93=0,"",('Phytopl Analysis'!K93*LN('Phytopl Analysis'!K93))) | L93: =IF('Phytopl Count'!L93=0,"",('Phytopl Analysis'!L93*LN('Phytopl Analysis'!L93))) | M93: =IF('Phytopl Count'!M93=0,"",('Phytopl Analysis'!M93*LN('Phytopl Analysis'!M93))) | N93: =IF('Phytopl Count'!N93=0,"",('Phytopl Analysis'!N93*LN('Phytopl Analysis'!N93))) | ... AF93: =IF('Phytopl Count'!AF93=0,"",('Phytopl Analysis'!AF93*LN('Phytopl Analysis'!AF93)))
D94: Family: | E94: Coscinodiscaceae | G94: =IF('Phytopl Count'!G94=0,"",('Phytopl Analysis'!G94*LN('Phytopl Analysis'!G94))) | H94: =IF('Phytopl Count'!H94=0,"",('Phytopl Analysis'!H94*LN('Phytopl Analysis'!H94))) | I94: =IF('Phytopl Count'!I94=0,"",('Phytopl Analysis'!I94*LN('Phytopl Analysis'!I94))) | J94: =IF('Phytopl Count'!J94=0,"",('Phytopl Analysis'!J94*LN('Phytopl Analysis'!J94))) | K94: =IF('Phytopl Count'!K94=0,"",('Phytopl Analysis'!K94*LN('Phytopl Analysis'!K94))) | L94: =IF('Phytopl Count'!L94=0,"",('Phytopl Analysis'!L94*LN('Phytopl Analysis'!L94))) | M94: =IF('Phytopl Count'!M94=0,"",('Phytopl Analysis'!M94*LN('Phytopl Analysis'!M94))) | N94: =IF('Phytopl Count'!N94=0,"",('Phytopl Analysis'!N94*LN('Phytopl Analysis'!N94))) | ... AF94: =IF('Phytopl Count'!AF94=0,"",('Phytopl Analysis'!AF94*LN('Phytopl Analysis'!AF94)))
E95: Genus: | F95: Coscinodiscus | G95: =IF('Phytopl Count'!G95=0,"",('Phytopl Analysis'!G95*LN('Phytopl Analysis'!G95))) -> -0.23885361 | H95: =IF('Phytopl Count'!H95=0,"",('Phytopl Analysis'!H95*LN('Phytopl Analysis'!H95))) -> -0.26672307 | I95: =IF('Phytopl Count'!I95=0,"",('Phytopl Analysis'!I95*LN('Phytopl Analysis'!I95))) -> -0.1615173 | J95: =IF('Phytopl Count'!J95=0,"",('Phytopl Analysis'!J95*LN('Phytopl Analysis'!J95))) -> -0.35650474 | K95: =IF('Phytopl Count'!K95=0,"",('Phytopl Analysis'!K95*LN('Phytopl Analysis'!K95))) -> -0.31697148 | L95: =IF('Phytopl Count'!L95=0,"",('Phytopl Analysis'!L95*LN('Phytopl Analysis'!L95))) -> -0.14584984 | M95: =IF('Phytopl Count'!M95=0,"",('Phytopl Analysis'!M95*LN('Phytopl Analysis'!M95))) | N95: =IF('Phytopl Count'!N95=0,"",('Phytopl Analysis'!N95*LN('Phytopl Analysis'!N95))) -> -0.3426077 | ... AF95: =IF('Phytopl Count'!AF95=0,"",('Phytopl Analysis'!AF95*LN('Phytopl Analysis'!AF95))) -> -0.20217432
F96: Palmeria | G96: =IF('Phytopl Count'!G96=0,"",('Phytopl Analysis'!G96*LN('Phytopl Analysis'!G96))) | H96: =IF('Phytopl Count'!H96=0,"",('Phytopl Analysis'!H96*LN('Phytopl Analysis'!H96))) | I96: =IF('Phytopl Count'!I96=0,"",('Phytopl Analysis'!I96*LN('Phytopl Analysis'!I96))) | J96: =IF('Phytopl Count'!J96=0,"",('Phytopl Analysis'!J96*LN('Phytopl Analysis'!J96))) | K96: =IF('Phytopl Count'!K96=0,"",('Phytopl Analysis'!K96*LN('Phytopl Analysis'!K96))) | L96: =IF('Phytopl Count'!L96=0,"",('Phytopl Analysis'!L96*LN('Phytopl Analysis'!L96))) | M96: =IF('Phytopl Count'!M96=0,"",('Phytopl Analysis'!M96*LN('Phytopl Analysis'!M96))) | N96: =IF('Phytopl Count'!N96=0,"",('Phytopl Analysis'!N96*LN('Phytopl Analysis'!N96))) | ... AF96: =IF('Phytopl Count'!AF96=0,"",('Phytopl Analysis'!AF96*LN('Phytopl Analysis'!AF96)))
D97: Family: | E97: Heliopeltaceae | G97: =IF('Phytopl Count'!G97=0,"",('Phytopl Analysis'!G97*LN('Phytopl Analysis'!G97))) | H97: =IF('Phytopl Count'!H97=0,"",('Phytopl Analysis'!H97*LN('Phytopl Analysis'!H97))) | I97: =IF('Phytopl Count'!I97=0,"",('Phytopl Analysis'!I97*LN('Phytopl Analysis'!I97))) | J97: =IF('Phytopl Count'!J97=0,"",('Phytopl Analysis'!J97*LN('Phytopl Analysis'!J97))) | K97: =IF('Phytopl Count'!K97=0,"",('Phytopl Analysis'!K97*LN('Phytopl Analysis'!K97))) | L97: =IF('Phytopl Count'!L97=0,"",('Phytopl Analysis'!L97*LN('Phytopl Analysis'!L97))) | M97: =IF('Phytopl Count'!M97=0,"",('Phytopl Analysis'!M97*LN('Phytopl Analysis'!M97))) | N97: =IF('Phytopl Count'!N97=0,"",('Phytopl Analysis'!N97*LN('Phytopl Analysis'!N97))) | ... AF97: =IF('Phytopl Count'!AF97=0,"",('Phytopl Analysis'!AF97*LN('Phytopl Analysis'!AF97)))
E98: Genus: | F98: Actinoptychus | G98: =IF('Phytopl Count'!G98=0,"",('Phytopl Analysis'!G98*LN('Phytopl Analysis'!G98))) | H98: =IF('Phytopl Count'!H98=0,"",('Phytopl Analysis'!H98*LN('Phytopl Analysis'!H98))) | I98: =IF('Phytopl Count'!I98=0,"",('Phytopl Analysis'!I98*LN('Phytopl Analysis'!I98))) | J98: =IF('Phytopl Count'!J98=0,"",('Phytopl Analysis'!J98*LN('Phytopl Analysis'!J98))) | K98: =IF('Phytopl Count'!K98=0,"",('Phytopl Analysis'!K98*LN('Phytopl Analysis'!K98))) | L98: =IF('Phytopl Count'!L98=0,"",('Phytopl Analysis'!L98*LN('Phytopl Analysis'!L98))) | M98: =IF('Phytopl Count'!M98=0,"",('Phytopl Analysis'!M98*LN('Phytopl Analysis'!M98))) | N98: =IF('Phytopl Count'!N98=0,"",('Phytopl Analysis'!N98*LN('Phytopl Analysis'!N98))) | ... AF98: =IF('Phytopl Count'!AF98=0,"",('Phytopl Analysis'!AF98*LN('Phytopl Analysis'!AF98)))
D99: Family: | E99: Hemidiscaceae | G99: =IF('Phytopl Count'!G99=0,"",('Phytopl Analysis'!G99*LN('Phytopl Analysis'!G99))) | H99: =IF('Phytopl Count'!H99=0,"",('Phytopl Analysis'!H99*LN('Phytopl Analysis'!H99))) | I99: =IF('Phytopl Count'!I99=0,"",('Phytopl Analysis'!I99*LN('Phytopl Analysis'!I99))) | J99: =IF('Phytopl Count'!J99=0,"",('Phytopl Analysis'!J99*LN('Phytopl Analysis'!J99))) | K99: =IF('Phytopl Count'!K99=0,"",('Phytopl Analysis'!K99*LN('Phytopl Analysis'!K99))) | L99: =IF('Phytopl Count'!L99=0,"",('Phytopl Analysis'!L99*LN('Phytopl Analysis'!L99))) | M99: =IF('Phytopl Count'!M99=0,"",('Phytopl Analysis'!M99*LN('Phytopl Analysis'!M99))) | N99: =IF('Phytopl Count'!N99=0,"",('Phytopl Analysis'!N99*LN('Phytopl Analysis'!N99))) | ... AF99: =IF('Phytopl Count'!AF99=0,"",('Phytopl Analysis'!AF99*LN('Phytopl Analysis'!AF99)))
E100: Genus: | F100: Actinocyclus | G100: =IF('Phytopl Count'!G100=0,"",('Phytopl Analysis'!G100*LN('Phytopl Analysis'!G100))) | H100: =IF('Phytopl Count'!H100=0,"",('Phytopl Analysis'!H100*LN('Phytopl Analysis'!H100))) | I100: =IF('Phytopl Count'!I100=0,"",('Phytopl Analysis'!I100*LN('Phytopl Analysis'!I100))) | J100: =IF('Phytopl Count'!J100=0,"",('Phytopl Analysis'!J100*LN('Phytopl Analysis'!J100))) | K100: =IF('Phytopl Count'!K100=0,"",('Phytopl Analysis'!K100*LN('Phytopl Analysis'!K100))) | L100: =IF('Phytopl Count'!L100=0,"",('Phytopl Analysis'!L100*LN('Phytopl Analysis'!L100))) | M100: =IF('Phytopl Count'!M100=0,"",('Phytopl Analysis'!M100*LN('Phytopl Analysis'!M100))) | N100: =IF('Phytopl Count'!N100=0,"",('Phytopl Analysis'!N100*LN('Phytopl Analysis'!N100))) | ... AF100: =IF('Phytopl Count'!AF100=0,"",('Phytopl Analysis'!AF100*LN('Phytopl Analysis'!AF100)))
F101: Hemidiscus | G101: =IF('Phytopl Count'!G101=0,"",('Phytopl Analysis'!G101*LN('Phytopl Analysis'!G101))) | H101: =IF('Phytopl Count'!H101=0,"",('Phytopl Analysis'!H101*LN('Phytopl Analysis'!H101))) | I101: =IF('Phytopl Count'!I101=0,"",('Phytopl Analysis'!I101*LN('Phytopl Analysis'!I101))) | J101: =IF('Phytopl Count'!J101=0,"",('Phytopl Analysis'!J101*LN('Phytopl Analysis'!J101))) | K101: =IF('Phytopl Count'!K101=0,"",('Phytopl Analysis'!K101*LN('Phytopl Analysis'!K101))) | L101: =IF('Phytopl Count'!L101=0,"",('Phytopl Analysis'!L101*LN('Phytopl Analysis'!L101))) | M101: =IF('Phytopl Count'!M101=0,"",('Phytopl Analysis'!M101*LN('Phytopl Analysis'!M101))) | N101: =IF('Phytopl Count'!N101=0,"",('Phytopl Analysis'!N101*LN('Phytopl Analysis'!N101))) | ... AF101: =IF('Phytopl Count'!AF101=0,"",('Phytopl Analysis'!AF101*LN('Phytopl Analysis'!AF101)))
C102: Order: | D102: Rhizosoleniales | G102: =IF('Phytopl Count'!G102=0,"",('Phytopl Analysis'!G102*LN('Phytopl Analysis'!G102))) | H102: =IF('Phytopl Count'!H102=0,"",('Phytopl Analysis'!H102*LN('Phytopl Analysis'!H102))) | I102: =IF('Phytopl Count'!I102=0,"",('Phytopl Analysis'!I102*LN('Phytopl Analysis'!I102))) | J102: =IF('Phytopl Count'!J102=0,"",('Phytopl Analysis'!J102*LN('Phytopl Analysis'!J102))) | K102: =IF('Phytopl Count'!K102=0,"",('Phytopl Analysis'!K102*LN('Phytopl Analysis'!K102))) | L102: =IF('Phytopl Count'!L102=0,"",('Phytopl Analysis'!L102*LN('Phytopl Analysis'!L102))) | M102: =IF('Phytopl Count'!M102=0,"",('Phytopl Analysis'!M102*LN('Phytopl Analysis'!M102))) | N102: =IF('Phytopl Count'!N102=0,"",('Phytopl Analysis'!N102*LN('Phytopl Analysis'!N102))) | ... AF102: =IF('Phytopl Count'!AF102=0,"",('Phytopl Analysis'!AF102*LN('Phytopl Analysis'!AF102)))
D103: Family: | E103: Rhizosoleniaceae | G103: =IF('Phytopl Count'!G103=0,"",('Phytopl Analysis'!G103*LN('Phytopl Analysis'!G103))) | H103: =IF('Phytopl Count'!H103=0,"",('Phytopl Analysis'!H103*LN('Phytopl Analysis'!H103))) | I103: =IF('Phytopl Count'!I103=0,"",('Phytopl Analysis'!I103*LN('Phytopl Analysis'!I103))) | J103: =IF('Phytopl Count'!J103=0,"",('Phytopl Analysis'!J103*LN('Phytopl Analysis'!J103))) | K103: =IF('Phytopl Count'!K103=0,"",('Phytopl Analysis'!K103*LN('Phytopl Analysis'!K103))) | L103: =IF('Phytopl Count'!L103=0,"",('Phytopl Analysis'!L103*LN('Phytopl Analysis'!L103))) | M103: =IF('Phytopl Count'!M103=0,"",('Phytopl Analysis'!M103*LN('Phytopl Analysis'!M103))) | N103: =IF('Phytopl Count'!N103=0,"",('Phytopl Analysis'!N103*LN('Phytopl Analysis'!N103))) | ... AF103: =IF('Phytopl Count'!AF103=0,"",('Phytopl Analysis'!AF103*LN('Phytopl Analysis'!AF103)))
E104: Genus: | F104: Rhizosolenia | G104: =IF('Phytopl Count'!G104=0,"",('Phytopl Analysis'!G104*LN('Phytopl Analysis'!G104))) -> 0.60088223 | H104: =IF('Phytopl Count'!H104=0,"",('Phytopl Analysis'!H104*LN('Phytopl Analysis'!H104))) -> 0.33762125 | I104: =IF('Phytopl Count'!I104=0,"",('Phytopl Analysis'!I104*LN('Phytopl Analysis'!I104))) -> -0.35650474 | J104: =IF('Phytopl Count'!J104=0,"",('Phytopl Analysis'!J104*LN('Phytopl Analysis'!J104))) -> 0.47288512 | K104: =IF('Phytopl Count'!K104=0,"",('Phytopl Analysis'!K104*LN('Phytopl Analysis'!K104))) -> -0.068506263 | L104: =IF('Phytopl Count'!L104=0,"",('Phytopl Analysis'!L104*LN('Phytopl Analysis'!L104))) -> -0.29395986 | M104: =IF('Phytopl Count'!M104=0,"",('Phytopl Analysis'!M104*LN('Phytopl Analysis'!M104))) -> 0.041843248 | N104: =IF('Phytopl Count'!N104=0,"",('Phytopl Analysis'!N104*LN('Phytopl Analysis'!N104))) -> 0.66136293 | ... AF104: =IF('Phytopl Count'!AF104=0,"",('Phytopl Analysis'!AF104*LN('Phytopl Analysis'!AF104))) -> 3.8681049
F105: Guinardia | G105: =IF('Phytopl Count'!G105=0,"",('Phytopl Analysis'!G105*LN('Phytopl Analysis'!G105))) -> -0.13467461 | H105: =IF('Phytopl Count'!H105=0,"",('Phytopl Analysis'!H105*LN('Phytopl Analysis'!H105))) | I105: =IF('Phytopl Count'!I105=0,"",('Phytopl Analysis'!I105*LN('Phytopl Analysis'!I105))) | J105: =IF('Phytopl Count'!J105=0,"",('Phytopl Analysis'!J105*LN('Phytopl Analysis'!J105))) -> -0.1288415 | K105: =IF('Phytopl Count'!K105=0,"",('Phytopl Analysis'!K105*LN('Phytopl Analysis'!K105))) -> -0.22509271 | L105: =IF('Phytopl Count'!L105=0,"",('Phytopl Analysis'!L105*LN('Phytopl Analysis'!L105))) -> -0.089576665 | M105: =IF('Phytopl Count'!M105=0,"",('Phytopl Analysis'!M105*LN('Phytopl Analysis'!M105))) | N105: =IF('Phytopl Count'!N105=0,"",('Phytopl Analysis'!N105*LN('Phytopl Analysis'!N105))) -> -0.14584984 | ... AF105: =IF('Phytopl Count'!AF105=0,"",('Phytopl Analysis'!AF105*LN('Phytopl Analysis'!AF105))) -> -0.34891026
F106: Pseudosolenia | G106: =IF('Phytopl Count'!G106=0,"",('Phytopl Analysis'!G106*LN('Phytopl Analysis'!G106))) | H106: =IF('Phytopl Count'!H106=0,"",('Phytopl Analysis'!H106*LN('Phytopl Analysis'!H106))) | I106: =IF('Phytopl Count'!I106=0,"",('Phytopl Analysis'!I106*LN('Phytopl Analysis'!I106))) | J106: =IF('Phytopl Count'!J106=0,"",('Phytopl Analysis'!J106*LN('Phytopl Analysis'!J106))) | K106: =IF('Phytopl Count'!K106=0,"",('Phytopl Analysis'!K106*LN('Phytopl Analysis'!K106))) | L106: =IF('Phytopl Count'!L106=0,"",('Phytopl Analysis'!L106*LN('Phytopl Analysis'!L106))) | M106: =IF('Phytopl Count'!M106=0,"",('Phytopl Analysis'!M106*LN('Phytopl Analysis'!M106))) | N106: =IF('Phytopl Count'!N106=0,"",('Phytopl Analysis'!N106*LN('Phytopl Analysis'!N106))) | ... AF106: =IF('Phytopl Count'!AF106=0,"",('Phytopl Analysis'!AF106*LN('Phytopl Analysis'!AF106)))
C107: Order: | D107: Triceratiales | G107: =IF('Phytopl Count'!G107=0,"",('Phytopl Analysis'!G107*LN('Phytopl Analysis'!G107))) | H107: =IF('Phytopl Count'!H107=0,"",('Phytopl Analysis'!H107*LN('Phytopl Analysis'!H107))) | I107: =IF('Phytopl Count'!I107=0,"",('Phytopl Analysis'!I107*LN('Phytopl Analysis'!I107))) | J107: =IF('Phytopl Count'!J107=0,"",('Phytopl Analysis'!J107*LN('Phytopl Analysis'!J107))) | K107: =IF('Phytopl Count'!K107=0,"",('Phytopl Analysis'!K107*LN('Phytopl Analysis'!K107))) | L107: =IF('Phytopl Count'!L107=0,"",('Phytopl Analysis'!L107*LN('Phytopl Analysis'!L107))) | M107: =IF('Phytopl Count'!M107=0,"",('Phytopl Analysis'!M107*LN('Phytopl Analysis'!M107))) | N107: =IF('Phytopl Count'!N107=0,"",('Phytopl Analysis'!N107*LN('Phytopl Analysis'!N107))) | ... AF107: =IF('Phytopl Count'!AF107=0,"",('Phytopl Analysis'!AF107*LN('Phytopl Analysis'!AF107)))
D108: Family: | E108: Triceratiaceae | G108: =IF('Phytopl Count'!G108=0,"",('Phytopl Analysis'!G108*LN('Phytopl Analysis'!G108))) | H108: =IF('Phytopl Count'!H108=0,"",('Phytopl Analysis'!H108*LN('Phytopl Analysis'!H108))) | I108: =IF('Phytopl Count'!I108=0,"",('Phytopl Analysis'!I108*LN('Phytopl Analysis'!I108))) | J108: =IF('Phytopl Count'!J108=0,"",('Phytopl Analysis'!J108*LN('Phytopl Analysis'!J108))) | K108: =IF('Phytopl Count'!K108=0,"",('Phytopl Analysis'!K108*LN('Phytopl Analysis'!K108))) | L108: =IF('Phytopl Count'!L108=0,"",('Phytopl Analysis'!L108*LN('Phytopl Analysis'!L108))) | M108: =IF('Phytopl Count'!M108=0,"",('Phytopl Analysis'!M108*LN('Phytopl Analysis'!M108))) | N108: =IF('Phytopl Count'!N108=0,"",('Phytopl Analysis'!N108*LN('Phytopl Analysis'!N108))) | ... AF108: =IF('Phytopl Count'!AF108=0,"",('Phytopl Analysis'!AF108*LN('Phytopl Analysis'!AF108)))
E109: Genus: | F109: Triceratium | G109: =IF('Phytopl Count'!G109=0,"",('Phytopl Analysis'!G109*LN('Phytopl Analysis'!G109))) | H109: =IF('Phytopl Count'!H109=0,"",('Phytopl Analysis'!H109*LN('Phytopl Analysis'!H109))) | I109: =IF('Phytopl Count'!I109=0,"",('Phytopl Analysis'!I109*LN('Phytopl Analysis'!I109))) | J109: =IF('Phytopl Count'!J109=0,"",('Phytopl Analysis'!J109*LN('Phytopl Analysis'!J109))) | K109: =IF('Phytopl Count'!K109=0,"",('Phytopl Analysis'!K109*LN('Phytopl Analysis'!K109))) | L109: =IF('Phytopl Count'!L109=0,"",('Phytopl Analysis'!L109*LN('Phytopl Analysis'!L109))) | M109: =IF('Phytopl Count'!M109=0,"",('Phytopl Analysis'!M109*LN('Phytopl Analysis'!M109))) | N109: =IF('Phytopl Count'!N109=0,"",('Phytopl Analysis'!N109*LN('Phytopl Analysis'!N109))) | ... AF109: =IF('Phytopl Count'!AF109=0,"",('Phytopl Analysis'!AF109*LN('Phytopl Analysis'!AF109)))
...

Sheet PivotTable
B3: Values
A4: Row Labels | B4: Sum of BP10282 | C4: Sum of BP10283 | D4: Sum of BP10284
A5: Bacillariophyta
A6: Bacillariophyceae
A7: Bacillariales
A8: Bacillariceae | B8: 148.27125 | C8: 0 | D8: 2525.4994
A9: Licmophorales
A10: Licmophoraceae | B10: 0 | C10: 0 | D10: 0
A11: Naviculales
A12: Naviculaceae | B12: 0 | C12: 0 | D12: 0
A13: Pleurosigmataceae | B13: 63.544824 | C13: 0 | D13: 1262.7497
A14: Surirellales
A15: Surirellaceae | B15: 0 | C15: 0 | D15: 0
A16: Tabellariales
A17: Tabellariaceae | B17: 21.181608 | C17: 0 | D17: 0
A18: Thalassionematales
A19: Thalassionemataceae | B19: 21.181608 | C19: 0 | D19: 0
A20: Coscinodiscophyceae
A21: Asterolamprales
A22: Asterolampraceae | B22: 0 | C22: 0 | D22: 0
A23: Corethrales
A24: Corethraceae | B24: 0 | C24: 0 | D24: 0
A25: Coscinodiscales
A26: Coscinodiscaceae | B26: 21.181608 | C26: 0 | D26: 1262.7497
A27: Hemidiscaceae | B27: 21.181608 | C27: 0 | D27: 0
A28: Melosirales
A29: Melosiraceae | B29: 360.08733 | C29: 441.01194 | D29: 6313.7485
A30: Paraliaceae | B30: 0 | C30: 0 | D30: 0
A31: Rhizosoleniales
A32: Rhizosoleniaceae | B32: 63.544824 | C32: 0 | D32: 0
A33: Stephanopyxis
A34: Stephanopyxidaceae | B34: 0 | C34: 0 | D34: 0
A35: Triceratiales
A36: Triceratiaceae | B36: 21.181608 | C36: 0 | D36: 0
A37: Mediophyceae
A38: Biddulphiales
A39: Biddulphiaceae | B39: 42.363216 | C39: 0 | D39: 0
A40: Chaetocerotales
A41: Chaetocerotaceae | B41: 338.90573 | C41: 30.414616 | D41: 2525.4994
A42: Leptocylindraceae | B42: 1779.2551 | C42: 1186.17 | D42: 10101.998
A43: Eupodiscales
A44: Euposdiscaceae | B44: 0 | C44: 0 | D44: 0
A45: Hemiaulales
A46: Hemiaulaceae | B46: 0 | C46: 0 | D46: 0
A47: Thalassiosirales
A48: Skeletonemataceae | B48: 931.99075 | C48: 653.91425 | D48: 39145.241
A49: Thalassiosiraceae | B49: 84.726431 | C49: 106.45116 | D49: 7576.4982
A50: (blank)
A51: Lithodesmiales
A52: Lithodesmiasceae | B52: 190.63447 | C52: 0 | D52: 0
A53: Cyanobacteria
A54: Cyanophyceae
A55: Oscillatoriales
A56: Microcoleaceae | B56: 0 | C56: 0 | D56: 0
A57: Oscillatoriaceae | B57: 0 | C57: 0 | D57: 0
A58: Miozoa
A59: Dinophyceae
A60: Dinophysiales
A61: Dinophysaceae | B61: 0 | C61: 0 | D61: 0
A62: Gonyaulacales
A63: Ceratiaceae | B63: 0 | C63: 0 | D63: 0
A64: Goniodomaceae | B64: 0 | C64: 30.414616 | D64: 0
A65: Gonyaulacaceae | B65: 0 | C65: 0 | D65: 0
A66: Gymnodiniales
A67: Brachidiniaceae | B67: 0 | C67: 30.414616 | D67: 7576.4982
A68: Gymnodiniaceae | B68: 0 | C68: 0 | D68: 0
A69: Peridiniales
A70: Peridiniaceae | B70: 21.181608 | C70: 60.829233 | D70: 1262.7497
A71: Prorocentrales
A72: Prorocentraceae | B72: 148.27125 | C72: 60.829233 | D72: 11364.747
A73: Noctilucea
A74: Noctilucales
A75: Noctilucaceae | B75: 63.544824 | C75: 15.207308 | D75: 1262.7497
A76: (blank)
A77: (blank)
A78: (blank)
A79: (blank) | B79: 0 | C79: 0 | D79: 0
A80: Grand Total | B80: 4342.2296 | C80: 2615.657 | D80: 92180.728

Sheet TaxaGroup
A1: ALCHEMY Laboratory & Services Sdn Bhd
A2: Phytoplankton Data Sheet : Analysed Phytoplankton Samples
A7: Phylum: | B7: Class: | C7: Order: | D7: Family: | E7: * | F7: Genus: | G7: ='Phytopl Count'!#REF! -> #REF! | H7: ='Phytopl Count'!#REF! -> #REF! | I7: ='Phytopl Count'!#REF! -> #REF!
G14: =IF('Phytopl Count'!#REF!=0,"",'Phytopl Count'!#REF!*'Phytopl Count'!#REF!/'Phytopl Count'!#REF!) -> #REF! | H14: =IF('Phytopl Count'!#REF!=0,"",'Phytopl Count'!#REF!*'Phytopl Count'!#REF!/'Phytopl Count'!#REF!) -> #REF! | I14: =IF('Phytopl Count'!#REF!=0,"",'Phytopl Count'!#REF!*'Phytopl Count'!#REF!/'Phytopl Count'!#REF!) -> #REF!
G15: =IF('Phytopl Count'!#REF!=0,"",'Phytopl Count'!#REF!*'Phytopl Count'!#REF!/'Phytopl Count'!#REF!) -> #REF! | H15: =IF('Phytopl Count'!#REF!=0,"",'Phytopl Count'!#REF!*'Phytopl Count'!#REF!/'Phytopl Count'!#REF!) -> #REF! | I15: =IF('Phytopl Count'!#REF!=0,"",'Phytopl Count'!#REF!*'Phytopl Count'!#REF!/'Phytopl Count'!#REF!) -> #REF!
G16: =IF('Phytopl Count'!#REF!=0,"",'Phytopl Count'!#REF!*'Phytopl Count'!#REF!/'Phytopl Count'!#REF!) -> #REF! | H16: =IF('Phytopl Count'!#REF!=0,"",'Phytopl Count'!#REF!*'Phytopl Count'!#REF!/'Phytopl Count'!#REF!) -> #REF! | I16: =IF('Phytopl Count'!#REF!=0,"",'Phytopl Count'!#REF!*'Phytopl Count'!#REF!/'Phytopl Count'!#REF!) -> #REF!
G17: =IF('Phytopl Count'!#REF!=0,"",'Phytopl Count'!#REF!*'Phytopl Count'!#REF!/'Phytopl Count'!#REF!) -> #REF! | H17: =IF('Phytopl Count'!#REF!=0,"",'Phytopl Count'!#REF!*'Phytopl Count'!#REF!/'Phytopl Count'!#REF!) -> #REF! | I17: =IF('Phytopl Count'!#REF!=0,"",'Phytopl Count'!#REF!*'Phytopl Count'!#REF!/'Phytopl Count'!#REF!) -> #REF!
A18: Bacillariophyta | B18: Bacillariophyceae | C18: Bacillariales | D18: Bacillariceae | F18: Bacillaria | G18: =IF('Phytopl Count'!#REF!=0,"",'Phytopl Count'!#REF!*'Phytopl Count'!#REF!/'Phytopl Count'!#REF!) -> #REF! | H18: =IF('Phytopl Count'!#REF!=0,"",'Phytopl Count'!#REF!*'Phytopl Count'!#REF!/'Phytopl Count'!#REF!) -> #REF! | I18: =IF('Phytopl Count'!#REF!=0,"",'Phytopl Count'!#REF!*'Phytopl Count'!#REF!/'Phytopl Count'!#REF!) -> #REF!
A19: Bacillariophyta | B19: Bacillariophyceae | C19: Bacillariales | D19: Bacillariceae | F19: Pseudo-nitzschia | G19: =IF('Phytopl Count'!#REF!=0,"",'Phytopl Count'!#REF!*'Phytopl Count'!#REF!/'Phytopl Count'!#REF!) -> #REF! | H19: =IF('Phytopl Count'!#REF!=0,"",'Phytopl Count'!#REF!*'Phytopl Count'!#REF!/'Phytopl Count'!#REF!) -> #REF! | I19: =IF('Phytopl Count'!#REF!=0,"",'Phytopl Count'!#REF!*'Phytopl Count'!#REF!/'Phytopl Count'!#REF!) -> #REF!
G20: =IF('Phytopl Count'!#REF!=0,"",'Phytopl Count'!#REF!*'Phytopl Count'!#REF!/'Phytopl Count'!#REF!) -> #REF! | H20: =IF('Phytopl Count'!#REF!=0,"",'Phytopl Count'!#REF!*'Phytopl Count'!#REF!/'Phytopl Count'!#REF!) -> #REF! | I20: =IF('Phytopl Count'!#REF!=0,"",'Phytopl Count'!#REF!*'Phytopl Count'!#REF!/'Phytopl Count'!#REF!) -> #REF!
G21: =IF('Phytopl Count'!#REF!=0,"",'Phytopl Count'!#REF!*'Phytopl Count'!#REF!/'Phytopl Count'!#REF!) -> #REF! | H21: =IF('Phytopl Count'!#REF!=0,"",'Phytopl Count'!#REF!*'Phytopl Count'!#REF!/'Phytopl Count'!#REF!) -> #REF! | I21: =IF('Phytopl Count'!#REF!=0,"",'Phytopl Count'!#REF!*'Phytopl Count'!#REF!/'Phytopl Count'!#REF!) -> #REF!
A22: Bacillariophyta | B22: Bacillariophyceae | C22: Surirellales | D22: Surirellaceae | F22: Surirella | G22: =IF('Phytopl Count'!#REF!=0,"",'Phytopl Count'!#REF!*'Phytopl Count'!#REF!/'Phytopl Count'!#REF!) -> #REF! | H22: =IF('Phytopl Count'!#REF!=0,"",'Phytopl Count'!#REF!*'Phytopl Count'!#REF!/'Phytopl Count'!#REF!) -> #REF! | I22: =IF('Phytopl Count'!#REF!=0,"",'Phytopl Count'!#REF!*'Phytopl Count'!#REF!/'Phytopl Count'!#REF!) -> #REF!
G23: =IF('Phytopl Count'!#REF!=0,"",'Phytopl Count'!#REF!*'Phytopl Count'!#REF!/'Phytopl Count'!#REF!) -> #REF! | H23: =IF('Phytopl Count'!#REF!=0,"",'Phytopl Count'!#REF!*'Phytopl Count'!#REF!/'Phytopl Count'!#REF!) -> #REF! | I23: =IF('Phytopl Count'!#REF!=0,"",'Phytopl Count'!#REF!*'Phytopl Count'!#REF!/'Phytopl Count'!#REF!) -> #REF!
G24: =IF('Phytopl Count'!#REF!=0,"",'Phytopl Count'!#REF!*'Phytopl Count'!#REF!/'Phytopl Count'!#REF!) -> #REF! | H24: =IF('Phytopl Count'!#REF!=0,"",'Phytopl Count'!#REF!*'Phytopl Count'!#REF!/'Phytopl Count'!#REF!) -> #REF! | I24: =IF('Phytopl Count'!#REF!=0,"",'Phytopl Count'!#REF!*'Phytopl Count'!#REF!/'Phytopl Count'!#REF!) -> #REF!
A25: Bacillariophyta | B25: Bacillariophyceae | C25: Tabellariales | D25: Tabellariaceae | F25: Asterionella | G25: =IF('Phytopl Count'!#REF!=0,"",'Phytopl Count'!#REF!*'Phytopl Count'!#REF!/'Phytopl Count'!#REF!) -> #REF! | H25: =IF('Phytopl Count'!#REF!=0,"",'Phytopl Count'!#REF!*'Phytopl Count'!#REF!/'Phytopl Count'!#REF!) -> #REF! | I25: =IF('Phytopl Count'!#REF!=0,"",'Phytopl Count'!#REF!*'Phytopl Count'!#REF!/'Phytopl Count'!#REF!) -> #REF!
G26: =IF('Phytopl Count'!#REF!=0,"",'Phytopl Count'!#REF!*'Phytopl Count'!#REF!/'Phytopl Count'!#REF!) -> #REF! | H26: =IF('Phytopl Count'!#REF!=0,"",'Phytopl Count'!#REF!*'Phytopl Count'!#REF!/'Phytopl Count'!#REF!) -> #REF! | I26: =IF('Phytopl Count'!#REF!=0,"",'Phytopl Count'!#REF!*'Phytopl Count'!#REF!/'Phytopl Count'!#REF!) -> #REF!
G27: =IF('Phytopl Count'!#REF!=0,"",'Phytopl Count'!#REF!*'Phytopl Count'!#REF!/'Phytopl Count'!#REF!) -> #REF! | H27: =IF('Phytopl Count'!#REF!=0,"",'Phytopl Count'!#REF!*'Phytopl Count'!#REF!/'Phytopl Count'!#REF!) -> #REF! | I27: =IF('Phytopl Count'!#REF!=0,"",'Phytopl Count'!#REF!*'Phytopl Count'!#REF!/'Phytopl Count'!#REF!) -> #REF!
A28: Bacillariophyta | B28: Bacillariophyceae | C28: Licmophorales | D28: Licmophoraceae | F28: Licmophora | G28: =IF('Phytopl Count'!#REF!=0,"",'Phytopl Count'!#REF!*'Phytopl Count'!#REF!/'Phytopl Count'!#REF!) -> #REF! | H28: =IF('Phytopl Count'!#REF!=0,"",'Phytopl Count'!#REF!*'Phytopl Count'!#REF!/'Phytopl Count'!#REF!) -> #REF! | I28: =IF('Phytopl Count'!#REF!=0,"",'Phytopl Count'!#REF!*'Phytopl Count'!#REF!/'Phytopl Count'!#REF!) -> #REF!
G29: =IF('Phytopl Count'!#REF!=0,"",'Phytopl Count'!#REF!*'Phytopl Count'!#REF!/'Phytopl Count'!#REF!) -> #REF! | H29: =IF('Phytopl Count'!#REF!=0,"",'Phytopl Count'!#REF!*'Phytopl Count'!#REF!/'Phytopl Count'!#REF!) -> #REF! | I29: =IF('Phytopl Count'!#REF!=0,"",'Phytopl Count'!#REF!*'Phytopl Count'!#REF!/'Phytopl Count'!#REF!) -> #REF!
G30: =IF('Phytopl Count'!#REF!=0,"",'Phytopl Count'!#REF!*'Phytopl Count'!#REF!/'Phytopl Count'!#REF!) -> #REF! | H30: =IF('Phytopl Count'!#REF!=0,"",'Phytopl Count'!#REF!*'Phytopl Count'!#REF!/'Phytopl Count'!#REF!) -> #REF! | I30: =IF('Phytopl Count'!#REF!=0,"",'Phytopl Count'!#REF!*'Phytopl Count'!#REF!/'Phytopl Count'!#REF!) -> #REF!
A31: Bacillariophyta | B31: Bacillariophyceae | C31: Thalassionematales | D31: Thalassionemataceae | F31: Thalassionema | G31: =IF('Phytopl Count'!#REF!=0,"",'Phytopl Count'!#REF!*'Phytopl Count'!#REF!/'Phytopl Count'!#REF!) -> #REF! | H31: =IF('Phytopl Count'!#REF!=0,"",'Phytopl Count'!#REF!*'Phytopl Count'!#REF!/'Phytopl Count'!#REF!) -> #REF! | I31: =IF('Phytopl Count'!#REF!=0,"",'Phytopl Count'!#REF!*'Phytopl Count'!#REF!/'Phytopl Count'!#REF!) -> #REF!
A32: Bacillariophyta | B32: Bacillariophyceae | C32: Thalassionematales | D32: Thalassionemataceae | F32: Thalassiothrix | G32: =IF('Phytopl Count'!#REF!=0,"",'Phytopl Count'!#REF!*'Phytopl Count'!#REF!/'Phytopl Count'!#REF!) -> #REF! | H32: =IF('Phytopl Count'!#REF!=0,"",'Phytopl Count'!#REF!*'Phytopl Count'!#REF!/'Phytopl Count'!#REF!) -> #REF! | I32: =IF('Phytopl Count'!#REF!=0,"",'Phytopl Count'!#REF!*'Phytopl Count'!#REF!/'Phytopl Count'!#REF!) -> #REF!
G33: =IF('Phytopl Count'!#REF!=0,"",'Phytopl Count'!#REF!*'Phytopl Count'!#REF!/'Phytopl Count'!#REF!) -> #REF! | H33: =IF('Phytopl Count'!#REF!=0,"",'Phytopl Count'!#REF!*'Phytopl Count'!#REF!/'Phytopl Count'!#REF!) -> #REF! | I33: =IF('Phytopl Count'!#REF!=0,"",'Phytopl Count'!#REF!*'Phytopl Count'!#REF!/'Phytopl Count'!#REF!) -> #REF!
G34: =IF('Phytopl Count'!#REF!=0,"",'Phytopl Count'!#REF!*'Phytopl Count'!#REF!/'Phytopl Count'!#REF!) -> #REF! | H34: =IF('Phytopl Count'!#REF!=0,"",'Phytopl Count'!#REF!*'Phytopl Count'!#REF!/'Phytopl Count'!#REF!) -> #REF! | I34: =IF('Phytopl Count'!#REF!=0,"",'Phytopl Count'!#REF!*'Phytopl Count'!#REF!/'Phytopl Count'!#REF!) -> #REF!
A35: Bacillariophyta | B35: Bacillariophyceae | C35: Naviculales | D35: Naviculaceae | F35: Navicula | G35: =IF('Phytopl Count'!#REF!=0,"",'Phytopl Count'!#REF!*'Phytopl Count'!#REF!/'Phytopl Count'!#REF!) -> #REF! | H35: =IF('Phytopl Count'!#REF!=0,"",'Phytopl Count'!#REF!*'Phytopl Count'!#REF!/'Phytopl Count'!#REF!) -> #REF! | I35: =IF('Phytopl Count'!#REF!=0,"",'Phytopl Count'!#REF!*'Phytopl Count'!#REF!/'Phytopl Count'!#REF!) -> #REF!
G36: =IF('Phytopl Count'!#REF!=0,"",'Phytopl Count'!#REF!*'Phytopl Count'!#REF!/'Phytopl Count'!#REF!) -> #REF! | H36: =IF('Phytopl Count'!#REF!=0,"",'Phytopl Count'!#REF!*'Phytopl Count'!#REF!/'Phytopl Count'!#REF!) -> #REF! | I36: =IF('Phytopl Count'!#REF!=0,"",'Phytopl Count'!#REF!*'Phytopl Count'!#REF!/'Phytopl Count'!#REF!) -> #REF!
A37: Bacillariophyta | B37: Bacillariophyceae | C37: Naviculales | D37: Pleurosigmataceae | F37: Pleurosigma | G37: =IF('Phytopl Count'!#REF!=0,"",'Phytopl Count'!#REF!*'Phytopl Count'!#REF!/'Phytopl Count'!#REF!) -> #REF! | H37: =IF('Phytopl Count'!#REF!=0,"",'Phytopl Count'!#REF!*'Phytopl Count'!#REF!/'Phytopl Count'!#REF!) -> #REF! | I37: =IF('Phytopl Count'!#REF!=0,"",'Phytopl Count'!#REF!*'Phytopl Count'!#REF!/'Phytopl Count'!#REF!) -> #REF!
G38: =IF('Phytopl Count'!#REF!=0,"",'Phytopl Count'!#REF!*'Phytopl Count'!#REF!/'Phytopl Count'!#REF!) -> #REF!
G39: =IF('Phytopl Count'!#REF!=0,"",'Phytopl Count'!#REF!*'Phytopl Count'!#REF!/'Phytopl Count'!#REF!) -> #REF! | H39: =IF('Phytopl Count'!#REF!=0,"",'Phytopl Count'!#REF!*'Phytopl Count'!#REF!/'Phytopl Count'!#REF!) -> #REF! | I39: =IF('Phytopl Count'!#REF!=0,"",'Phytopl Count'!#REF!*'Phytopl Count'!#REF!/'Phytopl Count'!#REF!) -> #REF!
G40: =IF('Phytopl Count'!#REF!=0,"",'Phytopl Count'!#REF!*'Phytopl Count'!#REF!/'Phytopl Count'!#REF!) -> #REF! | H40: =IF('Phytopl Count'!#REF!=0,"",'Phytopl Count'!#REF!*'Phytopl Count'!#REF!/'Phytopl Count'!#REF!) -> #REF! | I40: =IF('Phytopl Count'!#REF!=0,"",'Phytopl Count'!#REF!*'Phytopl Count'!#REF!/'Phytopl Count'!#REF!) -> #REF!
G41: =IF('Phytopl Count'!#REF!=0,"",'Phytopl Count'!#REF!*'Phytopl Count'!#REF!/'Phytopl Count'!#REF!) -> #REF! | H41: =IF('Phytopl Count'!#REF!=0,"",'Phytopl Count'!#REF!*'Phytopl Count'!#REF!/'Phytopl Count'!#REF!) -> #REF! | I41: =IF('Phytopl Count'!#REF!=0,"",'Phytopl Count'!#REF!*'Phytopl Count'!#REF!/'Phytopl Count'!#REF!) -> #REF!
A42: Bacillariophyta | B42: Coscinodiscophyceae | C42: Asterolamprales | D42: Asterolampraceae | F42: Asterolampra | G42: =IF('Phytopl Count'!#REF!=0,"",'Phytopl Count'!#REF!*'Phytopl Count'!#REF!/'Phytopl Count'!#REF!) -> #REF! | H42: =IF('Phytopl Count'!#REF!=0,"",'Phytopl Count'!#REF!*'Phytopl Count'!#REF!/'Phytopl Count'!#REF!) -> #REF! | I42: =IF('Phytopl Count'!#REF!=0,"",'Phytopl Count'!#REF!*'Phytopl Count'!#REF!/'Phytopl Count'!#REF!) -> #REF!
G43: =IF('Phytopl Count'!#REF!=0,"",'Phytopl Count'!#REF!*'Phytopl Count'!#REF!/'Phytopl Count'!#REF!) -> #REF! | H43: =IF('Phytopl Count'!#REF!=0,"",'Phytopl Count'!#REF!*'Phytopl Count'!#REF!/'Phytopl Count'!#REF!) -> #REF! | I43: =IF('Phytopl Count'!#REF!=0,"",'Phytopl Count'!#REF!*'Phytopl Count'!#REF!/'Phytopl Count'!#REF!) -> #REF!
G44: =IF('Phytopl Count'!#REF!=0,"",'Phytopl Count'!#REF!*'Phytopl Count'!#REF!/'Phytopl Count'!#REF!) -> #REF! | H44: =IF('Phytopl Count'!#REF!=0,"",'Phytopl Count'!#REF!*'Phytopl Count'!#REF!/'Phytopl Count'!#REF!) -> #REF! | I44: =IF('Phytopl Count'!#REF!=0,"",'Phytopl Count'!#REF!*'Phytopl Count'!#REF!/'Phytopl Count'!#REF!) -> #REF!
A45: Bacillariophyta | B45: Coscinodiscophyceae | C45: Melosirales | D45: Melosiraceae | F45: Melosira | G45: =IF('Phytopl Count'!#REF!=0,"",'Phytopl Count'!#REF!*'Phytopl Count'!#REF!/'Phytopl Count'!#REF!) -> #REF! | H45: =IF('Phytopl Count'!#REF!=0,"",'Phytopl Count'!#REF!*'Phytopl Count'!#REF!/'Phytopl Count'!#REF!) -> #REF! | I45: =IF('Phytopl Count'!#REF!=0,"",'Phytopl Count'!#REF!*'Phytopl Count'!#REF!/'Phytopl Count'!#REF!) -> #REF!
G46: =IF('Phytopl Count'!#REF!=0,"",'Phytopl Count'!#REF!*'Phytopl Count'!#REF!/'Phytopl Count'!#REF!) -> #REF! | H46: =IF('Phytopl Count'!#REF!=0,"",'Phytopl Count'!#REF!*'Phytopl Count'!#REF!/'Phytopl Count'!#REF!) -> #REF! | I46: =IF('Phytopl Count'!#REF!=0,"",'Phytopl Count'!#REF!*'Phytopl Count'!#REF!/'Phytopl Count'!#REF!) -> #REF!
A47: Bacillariophyta | B47: Coscinodiscophyceae | C47: Melosirales | D47: Paraliaceae | F47: Paralia | G47: =IF('Phytopl Count'!#REF!=0,"",'Phytopl Count'!#REF!*'Phytopl Count'!#REF!/'Phytopl Count'!#REF!) -> #REF! | H47: =IF('Phytopl Count'!#REF!=0,"",'Phytopl Count'!#REF!*'Phytopl Count'!#REF!/'Phytopl Count'!#REF!) -> #REF! | I47: =IF('Phytopl Count'!#REF!=0,"",'Phytopl Count'!#REF!*'Phytopl Count'!#REF!/'Phytopl Count'!#REF!) -> #REF!
A50: Bacillariophyta | B50: Coscinodiscophyceae | C50: Stephanopyxis | D50: Stephanopyxidaceae | F50: Stephanopyxis | G50: =IF('Phytopl Count'!#REF!=0,"",'Phytopl Count'!#REF!*'Phytopl Count'!#REF!/'Phytopl Count'!#REF!) -> #REF! | H50: =IF('Phytopl Count'!#REF!=0,"",'Phytopl Count'!#REF!*'Phytopl Count'!#REF!/'Phytopl Count'!#REF!) -> #REF! | I50: =IF('Phytopl Count'!#REF!=0,"",'Phytopl Count'!#REF!*'Phytopl Count'!#REF!/'Phytopl Count'!#REF!) -> #REF!
A53: Bacillariophyta | B53: Coscinodiscophyceae | C53: Corethrales | D53: Corethraceae | F53: Corethron | G53: =IF('Phytopl Count'!#REF!=0,"",'Phytopl Count'!#REF!*'Phytopl Count'!#REF!/'Phytopl Count'!#REF!) -> #REF! | H53: =IF('Phytopl Count'!#REF!=0,"",'Phytopl Count'!#REF!*'Phytopl Count'!#REF!/'Phytopl Count'!#REF!) -> #REF! | I53: =IF('Phytopl Count'!#REF!=0,"",'Phytopl Count'!#REF!*'Phytopl Count'!#REF!/'Phytopl Count'!#REF!) -> #REF!
G54: =IF('Phytopl Count'!#REF!=0,"",'Phytopl Count'!#REF!*'Phytopl Count'!#REF!/'Phytopl Count'!#REF!) -> #REF! | H54: =IF('Phytopl Count'!#REF!=0,"",'Phytopl Count'!#REF!*'Phytopl Count'!#REF!/'Phytopl Count'!#REF!) -> #REF! | I54: =IF('Phytopl Count'!#REF!=0,"",'Phytopl Count'!#REF!*'Phytopl Count'!#REF!/'Phytopl Count'!#REF!) -> #REF!
G55: =IF('Phytopl Count'!#REF!=0,"",'Phytopl Count'!#REF!*'Phytopl Count'!#REF!/'Phytopl Count'!#REF!) -> #REF! | H55: =IF('Phytopl Count'!#REF!=0,"",'Phytopl Count'!#REF!*'Phytopl Count'!#REF!/'Phytopl Count'!#REF!) -> #REF! | I55: =IF('Phytopl Count'!#REF!=0,"",'Phytopl Count'!#REF!*'Phytopl Count'!#REF!/'Phytopl Count'!#REF!) -> #REF!
A56: Bacillariophyta | B56: Coscinodiscophyceae | C56: Coscinodiscales | D56: Coscinodiscaceae | F56: Coscinodiscus | G56: =IF('Phytopl Count'!#REF!=0,"",'Phytopl Count'!#REF!*'Phytopl Count'!#REF!/'Phytopl Count'!#REF!) -> #REF! | H56: =IF('Phytopl Count'!#REF!=0,"",'Phytopl Count'!#REF!*'Phytopl Count'!#REF!/'Phytopl Count'!#REF!) -> #REF! | I56: =IF('Phytopl Count'!#REF!=0,"",'Phytopl Count'!#REF!*'Phytopl Count'!#REF!/'Phytopl Count'!#REF!) -> #REF!
