Workbook

Sheet Sample Info
C3: ALCHEMY Laboratory & Services Sdn. Bhd. (Company No: 903112 K) | F3: SAMM NO. 554
C4: 326B, 1st Floor, Lot 2520, Jalan Hiliran, Mukim Losong,
C5: 20300, Kuala Terengganu, Terengganu, Malaysia.
C6: Tel: +609- 622 4166, Fax: +609- 622 4177
E8: Report no: | F8: TR/BZ/14748/25 - TR/BZ/14757/25
E10: Date:
E11: Pages:
C13: CERTIFICATE OF ANALYSIS
B14: Zooplankton: Sample Information
B16: Client Name: | C16: Permulab Sdn. Bhd.
B17: Client Address: | C17: A-G-16, Merchant Square@Tropicana,
C18: Jalan Tropicana Selatan 1, PJU 3,
C19: 47410 Petaling Jaya,
C20: Selangor
B22: Type of Sample: | C22: Marine Water
B23: Sample Marking: | C23: PLW-25-274014-1 - PLW-25-274014-5, PLW-25-274016-1 - PLW-25-274016-5
B24: Number of samples: | C24: 10
B25: Date Received: | C25: 45948
B26: Gear used: | C26: Plankton net | G26: Mouth surface area:
B27: Net diameter: | C27: 25 | D27: cm | G27: =PI()*(C27/200)^2 -> 0.049087385 | H27: m2
B28: Net mesh: | C28: 150 | D28: mm
B29: Tow type: | C29: Vertical
B30: Filtered volume: | C30: (see results table)
B31: Method of Analysis: | C31: SOP No.: ALC_B_002
B32: Comments: | C32: based on APHA 10200 G
B35: The details above are provided by the client. The reported results refer to sample(s) submitted by client only.
B37: Authorized by:
B41: …………………………………………..
B42: Muhammad Firdaus bin Daud
B43: Marine Biologist
B44: BSc. (Marine Science)

Sheet Sample List
A1: ALCHEMY Laboratory & Services Sdn Bhd
B3: Client: | C3: Permulab Sdn. Bhd.
B4: Institution: | C4: Permulab Sdn. Bhd.
B5: Description: | C5: Marine Water
B7: Date Received | C7: Sample Marking | D7: Date of Analysis | E7: Reference ID | F7: Report No.
A8: 1 | B8: 45918 | C8: PLW-25-274014-1 | D8: 45953 | E8: BZ14748 | F8: TR/BZ/14748/25
A9: 2 | B9: 45918 | C9: PLW-25-274014-2 | D9: 45953 | E9: BZ14749 | F9: TR/BZ/14749/25
A10: 3 | B10: 45918 | C10: PLW-25-274014-3 | D10: 45953 | E10: BZ14750 | F10: TR/BZ/14750/25
A11: 4 | B11: 45918 | C11: PLW-25-274014-4 | D11: 45953 | E11: BZ14751 | F11: TR/BZ/14751/25
A12: 5 | B12: 45918 | C12: PLW-25-274014-5 | D12: 45953 | E12: BZ14752 | F12: TR/BZ/14752/25
A13: 6 | B13: 45918 | C13: PLW-25-274016-1 | D13: 45953 | E13: BZ14753 | F13: TR/BZ/14753/25
A14: 7 | B14: 45918 | C14: PLW-25-274016-2 | D14: 45953 | E14: BZ14754 | F14: TR/BZ/14754/25
A15: 8 | B15: 45918 | C15: PLW-25-274016-3 | D15: 45953 | E15: BZ14755 | F15: TR/BZ/14755/25
A16: 9 | B16: 45918 | C16: PLW-25-274016-4 | D16: 45953 | E16: BZ14756 | F16: TR/BZ/14756/25
A17: 10 | B17: 45918 | C17: PLW-25-274016-5 | D17: 45953 | E17: BZ14757 | F17: TR/BZ/14757/25

Sheet Zoopl Count
A1: ALCHEMY Laboratory & Services Sdn Bhd
A2: Zooplankton Data Sheet : Raw Count Data
A3: ` | F3: Reference ID: | G3: BZ14748 | H3: BZ14749 | I3: BZ14750 | J3: BZ14751 | K3: BZ14752 | L3: BZ14753 | M3: BZ14754 | N3: BZ14755 | O3: BZ14756 | P3: BZ14757
F4: Sample Marking: | G4: PLW-25-274014-1 | H4: PLW-25-274014-2 | I4: PLW-25-274014-3 | J4: PLW-25-274014-4 | K4: PLW-25-274014-5 | L4: PLW-25-274016-1 | M4: PLW-25-274016-2 | N4: PLW-25-274016-3 | O4: PLW-25-274016-4 | P4: PLW-25-274016-5
F5: Date:
F6: Time:
F7: Tow distance(m): | G7: 5 | H7: 5 | I7: 5 | J7: 5 | K7: 5 | L7: 5 | M7: 5 | N7: 5 | O7: 5 | P7: 5
F8: Volume filtered (l): | G8: ='Sample Info'!$G$27*'Zoopl Count'!G7*1000 -> 245.43693 | H8: ='Sample Info'!$G$27*'Zoopl Count'!H7*1000 -> 245.43693 | I8: ='Sample Info'!$G$27*'Zoopl Count'!I7*1000 -> 245.43693 | J8: ='Sample Info'!$G$27*'Zoopl Count'!J7*1000 -> 245.43693 | K8: ='Sample Info'!$G$27*'Zoopl Count'!K7*1000 -> 245.43693 | L8: ='Sample Info'!$G$27*'Zoopl Count'!L7*1000 -> 245.43693 | M8: ='Sample Info'!$G$27*'Zoopl Count'!M7*1000 -> 245.43693 | N8: ='Sample Info'!$G$27*'Zoopl Count'!N7*1000 -> 245.43693 | ... P8: ='Sample Info'!$G$27*'Zoopl Count'!P7*1000 -> 245.43693
F9: Split factor: | G9: 5 | H9: 4 | I9: 3 | J9: 5 | K9: 5 | L9: 7 | M9: 5 | N9: 3 | O9: 8 | P9: 5
A10: Phylum: | B10: Foraminifera
B11: Class: | C11: Globothalamea
C12: Order: | D12: Rotaliida
D13: Family: | E13: Bolivinitinae
E14: Genus: | F14: Bolivina
D15: Family: | E15: Globigerinidae
E16: Genus: | F16: Globigerina
D17: Family: | E17: Globorotaliidae
E18: Genus: | F18: Globorotalia
D19: Family: | E19: Orbulininae
E20: Genus: | F20: Orbulina
D21: Family: | E21: Calcarinidae
E22: Genus: | F22: Baculogypsina
B24: Class: | C24: Tubothalamea
C25: Order: | D25: Miliolida
D26: Family: | E26: Spiroloculinidae
E27: Genus: | F27: Spiroloculina
B29: Class: | C29: Nodosariata
C30: Order: | D30: Vaginulinida
D31: Family: | E31: Vaginulinidae
E32: Genus: | F32: Planularia
F33: Lenticulina
F34: Vaginulina
A36: Phylum: | B36: Radiozoa
B37: Class: | C37: Acantharia
C38: Order: | D38: Arthracanthida
D39: Family: | E39: Acanthometridae
E40: Genus: | F40: Acanthometron
A43: Phylum: | B43: Ciliophora
B44: Class: | C44: Oligotrichea
C45: Order: | D45: Choreotrichida
D46: Family: | E46: Codonellidae
E47: Genus: | F47: Tintinnopsis
F48: Codonella
D49: Family: | E49: Codonellopsidae
E50: Genus: | F50: Codonellopsis
F51: Stenosemella
D52: Family: | E52: Distyocystidae
E53: Genus: | F53: Distyocysta
D54: Family: | E54: Epiplocylididae
E55: Genus: | F55: Epiplocylis
D56: Family: | E56: Eutintinnidae
E57: Genus: | F57: Eutintinnus
D58: Family: | E58: Metacylididae
E59: Genus: | F59: Metacylis
F60: Helicostomella
D61: Family: | E61: Ptychocylidae
E62: Genus: | F62: Favella
D63: Family: | E63: Rhabdonellidae
E64: Genus: | F64: Rhabdonella
D65: Family: | E65: Tintinnidae
E66: Genus: | F66: Salpingella
D67: Family: | E67: Undellididae
E68: Genus: | F68: Undella
F69: Proplectella
A71: Phylum: | B71: Cnidaria
F72: Anthozoa larvae
F73: Planulae larvae
B74: Class: | C74: Hydrozoa
F75: Actinula larvae | H75: 1 | K75: 2
C76: Order: | D76: Leptothecata
D77: Family: | E77: Campanulariidae
E78: Genus: | F78: Obelia | G78: 2 | M78: 1
C80: Order: | D80: Limnomedusae
D81: Family: | E81: Geryoniidae
E82: Genus: | F82: Liriope
C84: Order: | D84: Siphonophorae | G84: 1
C86: Order: | D86: Trachymedusae
D87: Family: | E87: Rhopalonematidae
E88: Genus: | F88: Aglaura
F89: Aglantha
B91: Class: | C91: Scyphozoa
F92: Ephyra larvae
A94: Phylum: | B94: Ctenophora
F95: Other ctenophores
B96: Class: | C96: Tentaculata
C97: Order: | D97: Lobata
D98: Family: | E98: Bolinopsidae
E99: Genus: | F99: Bolinopsis
C101: Order: | D101: Cydippida
D102: Family: | E102: Cydippidae
E103: Genus: | F103: Pleurobrachia
B105: Class: | C105: Nuda
C106: Order: | D106: Beroida
D107: Family: | E107: Beroidae
E108: Genus: | F108: Beroe
A110: Phylum: | B110: Annelida
F111: Other annelids
B112: Class: | C112: Polychaeta
F113: Polychaete larvae | G113: 4 | H113: 4 | I113: 7 | J113: 7 | K113: 2 | M113: 7 | N113: 8 | P113: 2
C114: Order: | D114: Phyllodocida
...

Sheet Zoopl Analysis
A1: ALCHEMY Laboratory & Services Sdn Bhd
A2: Zooplankton Data Sheet : Analysed Zooplankton samples
F5: Density in units per litre
F6: ='Zoopl Count'!F3 -> Reference ID: | G6: ='Zoopl Count'!G3 -> BZ14748 | H6: ='Zoopl Count'!H3 -> BZ14749 | I6: ='Zoopl Count'!I3 -> BZ14750 | J6: ='Zoopl Count'!J3 -> BZ14751 | K6: ='Zoopl Count'!K3 -> BZ14752 | L6: ='Zoopl Count'!L3 -> BZ14753 | M6: ='Zoopl Count'!M3 -> BZ14754 | ... P6: ='Zoopl Count'!P3 -> BZ14757
F7: ='Zoopl Count'!F4 -> Sample Marking: | G7: ='Zoopl Count'!G4 -> PLW-25-274014-1 | H7: ='Zoopl Count'!H4 -> PLW-25-274014-2 | I7: ='Zoopl Count'!I4 -> PLW-25-274014-3 | J7: ='Zoopl Count'!J4 -> PLW-25-274014-4 | K7: ='Zoopl Count'!K4 -> PLW-25-274014-5 | L7: ='Zoopl Count'!L4 -> PLW-25-274016-1 | M7: ='Zoopl Count'!M4 -> PLW-25-274016-2 | ... P7: ='Zoopl Count'!P4 -> PLW-25-274016-5
F8: Volume filtered (l): | G8: ='Zoopl Count'!G8 -> 245.43693 | H8: ='Zoopl Count'!H8 -> 245.43693 | I8: ='Zoopl Count'!I8 -> 245.43693 | J8: ='Zoopl Count'!J8 -> 245.43693 | K8: ='Zoopl Count'!K8 -> 245.43693 | L8: ='Zoopl Count'!L8 -> 245.43693 | M8: ='Zoopl Count'!M8 -> 245.43693 | N8: ='Zoopl Count'!N8 -> 245.43693 | ... P8: ='Zoopl Count'!P8 -> 245.43693
F9: Split factor: | G9: ='Zoopl Count'!G9 -> 5 | H9: ='Zoopl Count'!H9 -> 4 | I9: ='Zoopl Count'!I9 -> 3 | J9: ='Zoopl Count'!J9 -> 5 | K9: ='Zoopl Count'!K9 -> 5 | L9: ='Zoopl Count'!L9 -> 7 | M9: ='Zoopl Count'!M9 -> 5 | N9: ='Zoopl Count'!N9 -> 3 | ... P9: ='Zoopl Count'!P9 -> 5
A10: Phylum: | B10: Foraminifera | G10: =IF('Zoopl Count'!G10="","",'Zoopl Count'!G10*(2^G$9)/G$8) | H10: =IF('Zoopl Count'!H10="","",'Zoopl Count'!H10*(2^H$9)/H$8) | I10: =IF('Zoopl Count'!I10="","",'Zoopl Count'!I10*(2^I$9)/I$8) | J10: =IF('Zoopl Count'!J10="","",'Zoopl Count'!J10*(2^J$9)/J$8) | K10: =IF('Zoopl Count'!K10="","",'Zoopl Count'!K10*(2^K$9)/K$8) | L10: =IF('Zoopl Count'!L10="","",'Zoopl Count'!L10*(2^L$9)/L$8) | M10: =IF('Zoopl Count'!M10="","",'Zoopl Count'!M10*(2^M$9)/M$8) | N10: =IF('Zoopl Count'!N10="","",'Zoopl Count'!N10*(2^N$9)/N$8) | ... P10: =IF('Zoopl Count'!P10="","",'Zoopl Count'!P10*(2^P$9)/P$8)
B11: Class: | C11: Globothalamea | G11: =IF('Zoopl Count'!G11="","",'Zoopl Count'!G11*(2^G$9)/G$8) | H11: =IF('Zoopl Count'!H11="","",'Zoopl Count'!H11*(2^H$9)/H$8) | I11: =IF('Zoopl Count'!I11="","",'Zoopl Count'!I11*(2^I$9)/I$8) | J11: =IF('Zoopl Count'!J11="","",'Zoopl Count'!J11*(2^J$9)/J$8) | K11: =IF('Zoopl Count'!K11="","",'Zoopl Count'!K11*(2^K$9)/K$8) | L11: =IF('Zoopl Count'!L11="","",'Zoopl Count'!L11*(2^L$9)/L$8) | M11: =IF('Zoopl Count'!M11="","",'Zoopl Count'!M11*(2^M$9)/M$8) | N11: =IF('Zoopl Count'!N11="","",'Zoopl Count'!N11*(2^N$9)/N$8) | ... P11: =IF('Zoopl Count'!P11="","",'Zoopl Count'!P11*(2^P$9)/P$8)
C12: Order: | D12: Rotaliida | G12: =IF('Zoopl Count'!G12="","",'Zoopl Count'!G12*(2^G$9)/G$8) | H12: =IF('Zoopl Count'!H12="","",'Zoopl Count'!H12*(2^H$9)/H$8) | I12: =IF('Zoopl Count'!I12="","",'Zoopl Count'!I12*(2^I$9)/I$8) | J12: =IF('Zoopl Count'!J12="","",'Zoopl Count'!J12*(2^J$9)/J$8) | K12: =IF('Zoopl Count'!K12="","",'Zoopl Count'!K12*(2^K$9)/K$8) | L12: =IF('Zoopl Count'!L12="","",'Zoopl Count'!L12*(2^L$9)/L$8) | M12: =IF('Zoopl Count'!M12="","",'Zoopl Count'!M12*(2^M$9)/M$8) | N12: =IF('Zoopl Count'!N12="","",'Zoopl Count'!N12*(2^N$9)/N$8) | ... P12: =IF('Zoopl Count'!P12="","",'Zoopl Count'!P12*(2^P$9)/P$8)
D13: Family: | E13: Bolivinitinae | G13: =IF('Zoopl Count'!G13="","",'Zoopl Count'!G13*(2^G$9)/G$8) | H13: =IF('Zoopl Count'!H13="","",'Zoopl Count'!H13*(2^H$9)/H$8) | I13: =IF('Zoopl Count'!I13="","",'Zoopl Count'!I13*(2^I$9)/I$8) | J13: =IF('Zoopl Count'!J13="","",'Zoopl Count'!J13*(2^J$9)/J$8) | K13: =IF('Zoopl Count'!K13="","",'Zoopl Count'!K13*(2^K$9)/K$8) | L13: =IF('Zoopl Count'!L13="","",'Zoopl Count'!L13*(2^L$9)/L$8) | M13: =IF('Zoopl Count'!M13="","",'Zoopl Count'!M13*(2^M$9)/M$8) | N13: =IF('Zoopl Count'!N13="","",'Zoopl Count'!N13*(2^N$9)/N$8) | ... P13: =IF('Zoopl Count'!P13="","",'Zoopl Count'!P13*(2^P$9)/P$8)
E14: Genus: | F14: Bolivina | G14: =IF('Zoopl Count'!G14="","",'Zoopl Count'!G14*(2^G$9)/G$8) | H14: =IF('Zoopl Count'!H14="","",'Zoopl Count'!H14*(2^H$9)/H$8) | I14: =IF('Zoopl Count'!I14="","",'Zoopl Count'!I14*(2^I$9)/I$8) | J14: =IF('Zoopl Count'!J14="","",'Zoopl Count'!J14*(2^J$9)/J$8) | K14: =IF('Zoopl Count'!K14="","",'Zoopl Count'!K14*(2^K$9)/K$8) | L14: =IF('Zoopl Count'!L14="","",'Zoopl Count'!L14*(2^L$9)/L$8) | M14: =IF('Zoopl Count'!M14="","",'Zoopl Count'!M14*(2^M$9)/M$8) | N14: =IF('Zoopl Count'!N14="","",'Zoopl Count'!N14*(2^N$9)/N$8) | ... P14: =IF('Zoopl Count'!P14="","",'Zoopl Count'!P14*(2^P$9)/P$8)
D15: Family: | E15: Globigerinidae | G15: =IF('Zoopl Count'!G15="","",'Zoopl Count'!G15*(2^G$9)/G$8) | H15: =IF('Zoopl Count'!H15="","",'Zoopl Count'!H15*(2^H$9)/H$8) | I15: =IF('Zoopl Count'!I15="","",'Zoopl Count'!I15*(2^I$9)/I$8) | J15: =IF('Zoopl Count'!J15="","",'Zoopl Count'!J15*(2^J$9)/J$8) | K15: =IF('Zoopl Count'!K15="","",'Zoopl Count'!K15*(2^K$9)/K$8) | L15: =IF('Zoopl Count'!L15="","",'Zoopl Count'!L15*(2^L$9)/L$8) | M15: =IF('Zoopl Count'!M15="","",'Zoopl Count'!M15*(2^M$9)/M$8) | N15: =IF('Zoopl Count'!N15="","",'Zoopl Count'!N15*(2^N$9)/N$8) | ... P15: =IF('Zoopl Count'!P15="","",'Zoopl Count'!P15*(2^P$9)/P$8)
E16: Genus: | F16: Globigerina | G16: =IF('Zoopl Count'!G16="","",'Zoopl Count'!G16*(2^G$9)/G$8) | H16: =IF('Zoopl Count'!H16="","",'Zoopl Count'!H16*(2^H$9)/H$8) | I16: =IF('Zoopl Count'!I16="","",'Zoopl Count'!I16*(2^I$9)/I$8) | J16: =IF('Zoopl Count'!J16="","",'Zoopl Count'!J16*(2^J$9)/J$8) | K16: =IF('Zoopl Count'!K16="","",'Zoopl Count'!K16*(2^K$9)/K$8) | L16: =IF('Zoopl Count'!L16="","",'Zoopl Count'!L16*(2^L$9)/L$8) | M16: =IF('Zoopl Count'!M16="","",'Zoopl Count'!M16*(2^M$9)/M$8) | N16: =IF('Zoopl Count'!N16="","",'Zoopl Count'!N16*(2^N$9)/N$8) | ... P16: =IF('Zoopl Count'!P16="","",'Zoopl Count'!P16*(2^P$9)/P$8)
D17: Family: | E17: Globorotaliidae | G17: =IF('Zoopl Count'!G17="","",'Zoopl Count'!G17*(2^G$9)/G$8) | H17: =IF('Zoopl Count'!H17="","",'Zoopl Count'!H17*(2^H$9)/H$8) | I17: =IF('Zoopl Count'!I17="","",'Zoopl Count'!I17*(2^I$9)/I$8) | J17: =IF('Zoopl Count'!J17="","",'Zoopl Count'!J17*(2^J$9)/J$8) | K17: =IF('Zoopl Count'!K17="","",'Zoopl Count'!K17*(2^K$9)/K$8) | L17: =IF('Zoopl Count'!L17="","",'Zoopl Count'!L17*(2^L$9)/L$8) | M17: =IF('Zoopl Count'!M17="","",'Zoopl Count'!M17*(2^M$9)/M$8) | N17: =IF('Zoopl Count'!N17="","",'Zoopl Count'!N17*(2^N$9)/N$8) | ... P17: =IF('Zoopl Count'!P17="","",'Zoopl Count'!P17*(2^P$9)/P$8)
E18: Genus: | F18: Globorotalia | G18: =IF('Zoopl Count'!G18="","",'Zoopl Count'!G18*(2^G$9)/G$8) | H18: =IF('Zoopl Count'!H18="","",'Zoopl Count'!H18*(2^H$9)/H$8) | I18: =IF('Zoopl Count'!I18="","",'Zoopl Count'!I18*(2^I$9)/I$8) | J18: =IF('Zoopl Count'!J18="","",'Zoopl Count'!J18*(2^J$9)/J$8) | K18: =IF('Zoopl Count'!K18="","",'Zoopl Count'!K18*(2^K$9)/K$8) | L18: =IF('Zoopl Count'!L18="","",'Zoopl Count'!L18*(2^L$9)/L$8) | M18: =IF('Zoopl Count'!M18="","",'Zoopl Count'!M18*(2^M$9)/M$8) | N18: =IF('Zoopl Count'!N18="","",'Zoopl Count'!N18*(2^N$9)/N$8) | ... P18: =IF('Zoopl Count'!P18="","",'Zoopl Count'!P18*(2^P$9)/P$8)
D19: Family: | E19: Orbulininae | G19: =IF('Zoopl Count'!G19="","",'Zoopl Count'!G19*(2^G$9)/G$8) | H19: =IF('Zoopl Count'!H19="","",'Zoopl Count'!H19*(2^H$9)/H$8) | I19: =IF('Zoopl Count'!I19="","",'Zoopl Count'!I19*(2^I$9)/I$8) | J19: =IF('Zoopl Count'!J19="","",'Zoopl Count'!J19*(2^J$9)/J$8) | K19: =IF('Zoopl Count'!K19="","",'Zoopl Count'!K19*(2^K$9)/K$8) | L19: =IF('Zoopl Count'!L19="","",'Zoopl Count'!L19*(2^L$9)/L$8) | M19: =IF('Zoopl Count'!M19="","",'Zoopl Count'!M19*(2^M$9)/M$8) | N19: =IF('Zoopl Count'!N19="","",'Zoopl Count'!N19*(2^N$9)/N$8) | ... P19: =IF('Zoopl Count'!P19="","",'Zoopl Count'!P19*(2^P$9)/P$8)
E20: Genus: | F20: Orbulina | G20: =IF('Zoopl Count'!G20="","",'Zoopl Count'!G20*(2^G$9)/G$8) | H20: =IF('Zoopl Count'!H20="","",'Zoopl Count'!H20*(2^H$9)/H$8) | I20: =IF('Zoopl Count'!I20="","",'Zoopl Count'!I20*(2^I$9)/I$8) | J20: =IF('Zoopl Count'!J20="","",'Zoopl Count'!J20*(2^J$9)/J$8) | K20: =IF('Zoopl Count'!K20="","",'Zoopl Count'!K20*(2^K$9)/K$8) | L20: =IF('Zoopl Count'!L20="","",'Zoopl Count'!L20*(2^L$9)/L$8) | M20: =IF('Zoopl Count'!M20="","",'Zoopl Count'!M20*(2^M$9)/M$8) | N20: =IF('Zoopl Count'!N20="","",'Zoopl Count'!N20*(2^N$9)/N$8) | ... P20: =IF('Zoopl Count'!P20="","",'Zoopl Count'!P20*(2^P$9)/P$8)
D21: Family: | E21: Calcarinidae | G21: =IF('Zoopl Count'!G21="","",'Zoopl Count'!G21*(2^G$9)/G$8) | H21: =IF('Zoopl Count'!H21="","",'Zoopl Count'!H21*(2^H$9)/H$8) | I21: =IF('Zoopl Count'!I21="","",'Zoopl Count'!I21*(2^I$9)/I$8) | J21: =IF('Zoopl Count'!J21="","",'Zoopl Count'!J21*(2^J$9)/J$8) | K21: =IF('Zoopl Count'!K21="","",'Zoopl Count'!K21*(2^K$9)/K$8) | L21: =IF('Zoopl Count'!L21="","",'Zoopl Count'!L21*(2^L$9)/L$8) | M21: =IF('Zoopl Count'!M21="","",'Zoopl Count'!M21*(2^M$9)/M$8) | N21: =IF('Zoopl Count'!N21="","",'Zoopl Count'!N21*(2^N$9)/N$8) | ... P21: =IF('Zoopl Count'!P21="","",'Zoopl Count'!P21*(2^P$9)/P$8)
E22: Genus: | F22: Baculogypsina | G22: =IF('Zoopl Count'!G22="","",'Zoopl Count'!G22*(2^G$9)/G$8) | H22: =IF('Zoopl Count'!H22="","",'Zoopl Count'!H22*(2^H$9)/H$8) | I22: =IF('Zoopl Count'!I22="","",'Zoopl Count'!I22*(2^I$9)/I$8) | J22: =IF('Zoopl Count'!J22="","",'Zoopl Count'!J22*(2^J$9)/J$8) | K22: =IF('Zoopl Count'!K22="","",'Zoopl Count'!K22*(2^K$9)/K$8) | L22: =IF('Zoopl Count'!L22="","",'Zoopl Count'!L22*(2^L$9)/L$8) | M22: =IF('Zoopl Count'!M22="","",'Zoopl Count'!M22*(2^M$9)/M$8) | N22: =IF('Zoopl Count'!N22="","",'Zoopl Count'!N22*(2^N$9)/N$8) | ... P22: =IF('Zoopl Count'!P22="","",'Zoopl Count'!P22*(2^P$9)/P$8)
G23: =IF('Zoopl Count'!G23="","",'Zoopl Count'!G23*(2^G$9)/G$8) | H23: =IF('Zoopl Count'!H23="","",'Zoopl Count'!H23*(2^H$9)/H$8) | I23: =IF('Zoopl Count'!I23="","",'Zoopl Count'!I23*(2^I$9)/I$8) | J23: =IF('Zoopl Count'!J23="","",'Zoopl Count'!J23*(2^J$9)/J$8) | K23: =IF('Zoopl Count'!K23="","",'Zoopl Count'!K23*(2^K$9)/K$8) | L23: =IF('Zoopl Count'!L23="","",'Zoopl Count'!L23*(2^L$9)/L$8) | M23: =IF('Zoopl Count'!M23="","",'Zoopl Count'!M23*(2^M$9)/M$8) | N23: =IF('Zoopl Count'!N23="","",'Zoopl Count'!N23*(2^N$9)/N$8) | ... P23: =IF('Zoopl Count'!P23="","",'Zoopl Count'!P23*(2^P$9)/P$8)
B24: Class: | C24: Tubothalamea | G24: =IF('Zoopl Count'!G24="","",'Zoopl Count'!G24*(2^G$9)/G$8) | H24: =IF('Zoopl Count'!H24="","",'Zoopl Count'!H24*(2^H$9)/H$8) | I24: =IF('Zoopl Count'!I24="","",'Zoopl Count'!I24*(2^I$9)/I$8) | J24: =IF('Zoopl Count'!J24="","",'Zoopl Count'!J24*(2^J$9)/J$8) | K24: =IF('Zoopl Count'!K24="","",'Zoopl Count'!K24*(2^K$9)/K$8) | L24: =IF('Zoopl Count'!L24="","",'Zoopl Count'!L24*(2^L$9)/L$8) | M24: =IF('Zoopl Count'!M24="","",'Zoopl Count'!M24*(2^M$9)/M$8) | N24: =IF('Zoopl Count'!N24="","",'Zoopl Count'!N24*(2^N$9)/N$8) | ... P24: =IF('Zoopl Count'!P24="","",'Zoopl Count'!P24*(2^P$9)/P$8)
C25: Order: | D25: Miliolida | G25: =IF('Zoopl Count'!G25="","",'Zoopl Count'!G25*(2^G$9)/G$8) | H25: =IF('Zoopl Count'!H25="","",'Zoopl Count'!H25*(2^H$9)/H$8) | I25: =IF('Zoopl Count'!I25="","",'Zoopl Count'!I25*(2^I$9)/I$8) | J25: =IF('Zoopl Count'!J25="","",'Zoopl Count'!J25*(2^J$9)/J$8) | K25: =IF('Zoopl Count'!K25="","",'Zoopl Count'!K25*(2^K$9)/K$8) | L25: =IF('Zoopl Count'!L25="","",'Zoopl Count'!L25*(2^L$9)/L$8) | M25: =IF('Zoopl Count'!M25="","",'Zoopl Count'!M25*(2^M$9)/M$8) | N25: =IF('Zoopl Count'!N25="","",'Zoopl Count'!N25*(2^N$9)/N$8) | ... P25: =IF('Zoopl Count'!P25="","",'Zoopl Count'!P25*(2^P$9)/P$8)
D26: Family: | E26: Spiroloculinidae | G26: =IF('Zoopl Count'!G26="","",'Zoopl Count'!G26*(2^G$9)/G$8) | H26: =IF('Zoopl Count'!H26="","",'Zoopl Count'!H26*(2^H$9)/H$8) | I26: =IF('Zoopl Count'!I26="","",'Zoopl Count'!I26*(2^I$9)/I$8) | J26: =IF('Zoopl Count'!J26="","",'Zoopl Count'!J26*(2^J$9)/J$8) | K26: =IF('Zoopl Count'!K26="","",'Zoopl Count'!K26*(2^K$9)/K$8) | L26: =IF('Zoopl Count'!L26="","",'Zoopl Count'!L26*(2^L$9)/L$8) | M26: =IF('Zoopl Count'!M26="","",'Zoopl Count'!M26*(2^M$9)/M$8) | N26: =IF('Zoopl Count'!N26="","",'Zoopl Count'!N26*(2^N$9)/N$8) | ... P26: =IF('Zoopl Count'!P26="","",'Zoopl Count'!P26*(2^P$9)/P$8)
E27: Genus: | F27: Spiroloculina | G27: =IF('Zoopl Count'!G27="","",'Zoopl Count'!G27*(2^G$9)/G$8) | H27: =IF('Zoopl Count'!H27="","",'Zoopl Count'!H27*(2^H$9)/H$8) | I27: =IF('Zoopl Count'!I27="","",'Zoopl Count'!I27*(2^I$9)/I$8) | J27: =IF('Zoopl Count'!J27="","",'Zoopl Count'!J27*(2^J$9)/J$8) | K27: =IF('Zoopl Count'!K27="","",'Zoopl Count'!K27*(2^K$9)/K$8) | L27: =IF('Zoopl Count'!L27="","",'Zoopl Count'!L27*(2^L$9)/L$8) | M27: =IF('Zoopl Count'!M27="","",'Zoopl Count'!M27*(2^M$9)/M$8) | N27: =IF('Zoopl Count'!N27="","",'Zoopl Count'!N27*(2^N$9)/N$8) | ... P27: =IF('Zoopl Count'!P27="","",'Zoopl Count'!P27*(2^P$9)/P$8)
G28: =IF('Zoopl Count'!G28="","",'Zoopl Count'!G28*(2^G$9)/G$8) | H28: =IF('Zoopl Count'!H28="","",'Zoopl Count'!H28*(2^H$9)/H$8) | I28: =IF('Zoopl Count'!I28="","",'Zoopl Count'!I28*(2^I$9)/I$8) | J28: =IF('Zoopl Count'!J28="","",'Zoopl Count'!J28*(2^J$9)/J$8) | K28: =IF('Zoopl Count'!K28="","",'Zoopl Count'!K28*(2^K$9)/K$8) | L28: =IF('Zoopl Count'!L28="","",'Zoopl Count'!L28*(2^L$9)/L$8) | M28: =IF('Zoopl Count'!M28="","",'Zoopl Count'!M28*(2^M$9)/M$8) | N28: =IF('Zoopl Count'!N28="","",'Zoopl Count'!N28*(2^N$9)/N$8) | ... P28: =IF('Zoopl Count'!P28="","",'Zoopl Count'!P28*(2^P$9)/P$8)
B29: Class: | C29: Nodosariata | G29: =IF('Zoopl Count'!G29="","",'Zoopl Count'!G29*(2^G$9)/G$8) | H29: =IF('Zoopl Count'!H29="","",'Zoopl Count'!H29*(2^H$9)/H$8) | I29: =IF('Zoopl Count'!I29="","",'Zoopl Count'!I29*(2^I$9)/I$8) | J29: =IF('Zoopl Count'!J29="","",'Zoopl Count'!J29*(2^J$9)/J$8) | K29: =IF('Zoopl Count'!K29="","",'Zoopl Count'!K29*(2^K$9)/K$8) | L29: =IF('Zoopl Count'!L29="","",'Zoopl Count'!L29*(2^L$9)/L$8) | M29: =IF('Zoopl Count'!M29="","",'Zoopl Count'!M29*(2^M$9)/M$8) | N29: =IF('Zoopl Count'!N29="","",'Zoopl Count'!N29*(2^N$9)/N$8) | ... P29: =IF('Zoopl Count'!P29="","",'Zoopl Count'!P29*(2^P$9)/P$8)
C30: Order: | D30: Vaginulida | G30: =IF('Zoopl Count'!G30="","",'Zoopl Count'!G30*(2^G$9)/G$8) | H30: =IF('Zoopl Count'!H30="","",'Zoopl Count'!H30*(2^H$9)/H$8) | I30: =IF('Zoopl Count'!I30="","",'Zoopl Count'!I30*(2^I$9)/I$8) | J30: =IF('Zoopl Count'!J30="","",'Zoopl Count'!J30*(2^J$9)/J$8) | K30: =IF('Zoopl Count'!K30="","",'Zoopl Count'!K30*(2^K$9)/K$8) | L30: =IF('Zoopl Count'!L30="","",'Zoopl Count'!L30*(2^L$9)/L$8) | M30: =IF('Zoopl Count'!M30="","",'Zoopl Count'!M30*(2^M$9)/M$8) | N30: =IF('Zoopl Count'!N30="","",'Zoopl Count'!N30*(2^N$9)/N$8) | ... P30: =IF('Zoopl Count'!P30="","",'Zoopl Count'!P30*(2^P$9)/P$8)
D31: Family: | E31: Vaginulinidae | G31: =IF('Zoopl Count'!G31="","",'Zoopl Count'!G31*(2^G$9)/G$8) | H31: =IF('Zoopl Count'!H31="","",'Zoopl Count'!H31*(2^H$9)/H$8) | I31: =IF('Zoopl Count'!I31="","",'Zoopl Count'!I31*(2^I$9)/I$8) | J31: =IF('Zoopl Count'!J31="","",'Zoopl Count'!J31*(2^J$9)/J$8) | K31: =IF('Zoopl Count'!K31="","",'Zoopl Count'!K31*(2^K$9)/K$8) | L31: =IF('Zoopl Count'!L31="","",'Zoopl Count'!L31*(2^L$9)/L$8) | M31: =IF('Zoopl Count'!M31="","",'Zoopl Count'!M31*(2^M$9)/M$8) | N31: =IF('Zoopl Count'!N31="","",'Zoopl Count'!N31*(2^N$9)/N$8) | ... P31: =IF('Zoopl Count'!P31="","",'Zoopl Count'!P31*(2^P$9)/P$8)
E32: Genus: | F32: Planularia | G32: =IF('Zoopl Count'!G32="","",'Zoopl Count'!G32*(2^G$9)/G$8) | H32: =IF('Zoopl Count'!H32="","",'Zoopl Count'!H32*(2^H$9)/H$8) | I32: =IF('Zoopl Count'!I32="","",'Zoopl Count'!I32*(2^I$9)/I$8) | J32: =IF('Zoopl Count'!J32="","",'Zoopl Count'!J32*(2^J$9)/J$8) | K32: =IF('Zoopl Count'!K32="","",'Zoopl Count'!K32*(2^K$9)/K$8) | L32: =IF('Zoopl Count'!L32="","",'Zoopl Count'!L32*(2^L$9)/L$8) | M32: =IF('Zoopl Count'!M32="","",'Zoopl Count'!M32*(2^M$9)/M$8) | N32: =IF('Zoopl Count'!N32="","",'Zoopl Count'!N32*(2^N$9)/N$8) | ... P32: =IF('Zoopl Count'!P32="","",'Zoopl Count'!P32*(2^P$9)/P$8)
F33: Lenticulina | G33: =IF('Zoopl Count'!G33="","",'Zoopl Count'!G33*(2^G$9)/G$8) | H33: =IF('Zoopl Count'!H33="","",'Zoopl Count'!H33*(2^H$9)/H$8) | I33: =IF('Zoopl Count'!I33="","",'Zoopl Count'!I33*(2^I$9)/I$8) | J33: =IF('Zoopl Count'!J33="","",'Zoopl Count'!J33*(2^J$9)/J$8) | K33: =IF('Zoopl Count'!K33="","",'Zoopl Count'!K33*(2^K$9)/K$8) | L33: =IF('Zoopl Count'!L33="","",'Zoopl Count'!L33*(2^L$9)/L$8) | M33: =IF('Zoopl Count'!M33="","",'Zoopl Count'!M33*(2^M$9)/M$8) | N33: =IF('Zoopl Count'!N33="","",'Zoopl Count'!N33*(2^N$9)/N$8) | ... P33: =IF('Zoopl Count'!P33="","",'Zoopl Count'!P33*(2^P$9)/P$8)
F34: Vaginulina | G34: =IF('Zoopl Count'!G34="","",'Zoopl Count'!G34*(2^G$9)/G$8) | H34: =IF('Zoopl Count'!H34="","",'Zoopl Count'!H34*(2^H$9)/H$8) | I34: =IF('Zoopl Count'!I34="","",'Zoopl Count'!I34*(2^I$9)/I$8) | J34: =IF('Zoopl Count'!J34="","",'Zoopl Count'!J34*(2^J$9)/J$8) | K34: =IF('Zoopl Count'!K34="","",'Zoopl Count'!K34*(2^K$9)/K$8) | L34: =IF('Zoopl Count'!L34="","",'Zoopl Count'!L34*(2^L$9)/L$8) | M34: =IF('Zoopl Count'!M34="","",'Zoopl Count'!M34*(2^M$9)/M$8) | N34: =IF('Zoopl Count'!N34="","",'Zoopl Count'!N34*(2^N$9)/N$8) | ... P34: =IF('Zoopl Count'!P34="","",'Zoopl Count'!P34*(2^P$9)/P$8)
G35: =IF('Zoopl Count'!G35="","",'Zoopl Count'!G35*(2^G$9)/G$8) | H35: =IF('Zoopl Count'!H35="","",'Zoopl Count'!H35*(2^H$9)/H$8) | I35: =IF('Zoopl Count'!I35="","",'Zoopl Count'!I35*(2^I$9)/I$8) | J35: =IF('Zoopl Count'!J35="","",'Zoopl Count'!J35*(2^J$9)/J$8) | K35: =IF('Zoopl Count'!K35="","",'Zoopl Count'!K35*(2^K$9)/K$8) | L35: =IF('Zoopl Count'!L35="","",'Zoopl Count'!L35*(2^L$9)/L$8) | M35: =IF('Zoopl Count'!M35="","",'Zoopl Count'!M35*(2^M$9)/M$8) | N35: =IF('Zoopl Count'!N35="","",'Zoopl Count'!N35*(2^N$9)/N$8) | ... P35: =IF('Zoopl Count'!P35="","",'Zoopl Count'!P35*(2^P$9)/P$8)
A36: Phylum: | B36: Radiozoa | G36: =IF('Zoopl Count'!G36="","",'Zoopl Count'!G36*(2^G$9)/G$8) | H36: =IF('Zoopl Count'!H36="","",'Zoopl Count'!H36*(2^H$9)/H$8) | I36: =IF('Zoopl Count'!I36="","",'Zoopl Count'!I36*(2^I$9)/I$8) | J36: =IF('Zoopl Count'!J36="","",'Zoopl Count'!J36*(2^J$9)/J$8) | K36: =IF('Zoopl Count'!K36="","",'Zoopl Count'!K36*(2^K$9)/K$8) | L36: =IF('Zoopl Count'!L36="","",'Zoopl Count'!L36*(2^L$9)/L$8) | M36: =IF('Zoopl Count'!M36="","",'Zoopl Count'!M36*(2^M$9)/M$8) | N36: =IF('Zoopl Count'!N36="","",'Zoopl Count'!N36*(2^N$9)/N$8) | ... P36: =IF('Zoopl Count'!P36="","",'Zoopl Count'!P36*(2^P$9)/P$8)
B37: Class: | C37: Acantharia | G37: =IF('Zoopl Count'!G37="","",'Zoopl Count'!G37*(2^G$9)/G$8) | H37: =IF('Zoopl Count'!H37="","",'Zoopl Count'!H37*(2^H$9)/H$8) | I37: =IF('Zoopl Count'!I37="","",'Zoopl Count'!I37*(2^I$9)/I$8) | J37: =IF('Zoopl Count'!J37="","",'Zoopl Count'!J37*(2^J$9)/J$8) | K37: =IF('Zoopl Count'!K37="","",'Zoopl Count'!K37*(2^K$9)/K$8) | L37: =IF('Zoopl Count'!L37="","",'Zoopl Count'!L37*(2^L$9)/L$8) | M37: =IF('Zoopl Count'!M37="","",'Zoopl Count'!M37*(2^M$9)/M$8) | N37: =IF('Zoopl Count'!N37="","",'Zoopl Count'!N37*(2^N$9)/N$8) | ... P37: =IF('Zoopl Count'!P37="","",'Zoopl Count'!P37*(2^P$9)/P$8)
C38: Order: | D38: Arthracanthida | G38: =IF('Zoopl Count'!G38="","",'Zoopl Count'!G38*(2^G$9)/G$8) | H38: =IF('Zoopl Count'!H38="","",'Zoopl Count'!H38*(2^H$9)/H$8) | I38: =IF('Zoopl Count'!I38="","",'Zoopl Count'!I38*(2^I$9)/I$8) | J38: =IF('Zoopl Count'!J38="","",'Zoopl Count'!J38*(2^J$9)/J$8) | K38: =IF('Zoopl Count'!K38="","",'Zoopl Count'!K38*(2^K$9)/K$8) | L38: =IF('Zoopl Count'!L38="","",'Zoopl Count'!L38*(2^L$9)/L$8) | M38: =IF('Zoopl Count'!M38="","",'Zoopl Count'!M38*(2^M$9)/M$8) | N38: =IF('Zoopl Count'!N38="","",'Zoopl Count'!N38*(2^N$9)/N$8) | ... P38: =IF('Zoopl Count'!P38="","",'Zoopl Count'!P38*(2^P$9)/P$8)
D39: Family: | E39: Acanthometridae | G39: =IF('Zoopl Count'!G39="","",'Zoopl Count'!G39*(2^G$9)/G$8) | H39: =IF('Zoopl Count'!H39="","",'Zoopl Count'!H39*(2^H$9)/H$8) | I39: =IF('Zoopl Count'!I39="","",'Zoopl Count'!I39*(2^I$9)/I$8) | J39: =IF('Zoopl Count'!J39="","",'Zoopl Count'!J39*(2^J$9)/J$8) | K39: =IF('Zoopl Count'!K39="","",'Zoopl Count'!K39*(2^K$9)/K$8) | L39: =IF('Zoopl Count'!L39="","",'Zoopl Count'!L39*(2^L$9)/L$8) | M39: =IF('Zoopl Count'!M39="","",'Zoopl Count'!M39*(2^M$9)/M$8) | N39: =IF('Zoopl Count'!N39="","",'Zoopl Count'!N39*(2^N$9)/N$8) | ... P39: =IF('Zoopl Count'!P39="","",'Zoopl Count'!P39*(2^P$9)/P$8)
E40: Genus: | F40: Acanthometron | G40: =IF('Zoopl Count'!G40="","",'Zoopl Count'!G40*(2^G$9)/G$8) | H40: =IF('Zoopl Count'!H40="","",'Zoopl Count'!H40*(2^H$9)/H$8) | I40: =IF('Zoopl Count'!I40="","",'Zoopl Count'!I40*(2^I$9)/I$8) | J40: =IF('Zoopl Count'!J40="","",'Zoopl Count'!J40*(2^J$9)/J$8) | K40: =IF('Zoopl Count'!K40="","",'Zoopl Count'!K40*(2^K$9)/K$8) | L40: =IF('Zoopl Count'!L40="","",'Zoopl Count'!L40*(2^L$9)/L$8) | M40: =IF('Zoopl Count'!M40="","",'Zoopl Count'!M40*(2^M$9)/M$8) | N40: =IF('Zoopl Count'!N40="","",'Zoopl Count'!N40*(2^N$9)/N$8) | ... P40: =IF('Zoopl Count'!P40="","",'Zoopl Count'!P40*(2^P$9)/P$8)
G41: =IF('Zoopl Count'!G41="","",'Zoopl Count'!G41*(2^G$9)/G$8) | H41: =IF('Zoopl Count'!H41="","",'Zoopl Count'!H41*(2^H$9)/H$8) | I41: =IF('Zoopl Count'!I41="","",'Zoopl Count'!I41*(2^I$9)/I$8) | J41: =IF('Zoopl Count'!J41="","",'Zoopl Count'!J41*(2^J$9)/J$8) | K41: =IF('Zoopl Count'!K41="","",'Zoopl Count'!K41*(2^K$9)/K$8) | L41: =IF('Zoopl Count'!L41="","",'Zoopl Count'!L41*(2^L$9)/L$8) | M41: =IF('Zoopl Count'!M41="","",'Zoopl Count'!M41*(2^M$9)/M$8) | N41: =IF('Zoopl Count'!N41="","",'Zoopl Count'!N41*(2^N$9)/N$8) | ... P41: =IF('Zoopl Count'!P41="","",'Zoopl Count'!P41*(2^P$9)/P$8)
G42: =IF('Zoopl Count'!G42="","",'Zoopl Count'!G42*(2^G$9)/G$8) | H42: =IF('Zoopl Count'!H42="","",'Zoopl Count'!H42*(2^H$9)/H$8) | I42: =IF('Zoopl Count'!I42="","",'Zoopl Count'!I42*(2^I$9)/I$8) | J42: =IF('Zoopl Count'!J42="","",'Zoopl Count'!J42*(2^J$9)/J$8) | K42: =IF('Zoopl Count'!K42="","",'Zoopl Count'!K42*(2^K$9)/K$8) | L42: =IF('Zoopl Count'!L42="","",'Zoopl Count'!L42*(2^L$9)/L$8) | M42: =IF('Zoopl Count'!M42="","",'Zoopl Count'!M42*(2^M$9)/M$8) | N42: =IF('Zoopl Count'!N42="","",'Zoopl Count'!N42*(2^N$9)/N$8) | ... P42: =IF('Zoopl Count'!P42="","",'Zoopl Count'!P42*(2^P$9)/P$8)
A43: Phylum: | B43: Ciliophora | G43: =IF('Zoopl Count'!G43="","",'Zoopl Count'!G43*(2^G$9)/G$8) | H43: =IF('Zoopl Count'!H43="","",'Zoopl Count'!H43*(2^H$9)/H$8) | I43: =IF('Zoopl Count'!I43="","",'Zoopl Count'!I43*(2^I$9)/I$8) | J43: =IF('Zoopl Count'!J43="","",'Zoopl Count'!J43*(2^J$9)/J$8) | K43: =IF('Zoopl Count'!K43="","",'Zoopl Count'!K43*(2^K$9)/K$8) | L43: =IF('Zoopl Count'!L43="","",'Zoopl Count'!L43*(2^L$9)/L$8) | M43: =IF('Zoopl Count'!M43="","",'Zoopl Count'!M43*(2^M$9)/M$8) | N43: =IF('Zoopl Count'!N43="","",'Zoopl Count'!N43*(2^N$9)/N$8) | ... P43: =IF('Zoopl Count'!P43="","",'Zoopl Count'!P43*(2^P$9)/P$8)
B44: Class: | C44: Oligotrichea | G44: =IF('Zoopl Count'!G44="","",'Zoopl Count'!G44*(2^G$9)/G$8) | H44: =IF('Zoopl Count'!H44="","",'Zoopl Count'!H44*(2^H$9)/H$8) | I44: =IF('Zoopl Count'!I44="","",'Zoopl Count'!I44*(2^I$9)/I$8) | J44: =IF('Zoopl Count'!J44="","",'Zoopl Count'!J44*(2^J$9)/J$8) | K44: =IF('Zoopl Count'!K44="","",'Zoopl Count'!K44*(2^K$9)/K$8) | L44: =IF('Zoopl Count'!L44="","",'Zoopl Count'!L44*(2^L$9)/L$8) | M44: =IF('Zoopl Count'!M44="","",'Zoopl Count'!M44*(2^M$9)/M$8) | N44: =IF('Zoopl Count'!N44="","",'Zoopl Count'!N44*(2^N$9)/N$8) | ... P44: =IF('Zoopl Count'!P44="","",'Zoopl Count'!P44*(2^P$9)/P$8)
C45: Order: | D45: Choreotrichida | G45: =IF('Zoopl Count'!G45="","",'Zoopl Count'!G45*(2^G$9)/G$8) | H45: =IF('Zoopl Count'!H45="","",'Zoopl Count'!H45*(2^H$9)/H$8) | I45: =IF('Zoopl Count'!I45="","",'Zoopl Count'!I45*(2^I$9)/I$8) | J45: =IF('Zoopl Count'!J45="","",'Zoopl Count'!J45*(2^J$9)/J$8) | K45: =IF('Zoopl Count'!K45="","",'Zoopl Count'!K45*(2^K$9)/K$8) | L45: =IF('Zoopl Count'!L45="","",'Zoopl Count'!L45*(2^L$9)/L$8) | M45: =IF('Zoopl Count'!M45="","",'Zoopl Count'!M45*(2^M$9)/M$8) | N45: =IF('Zoopl Count'!N45="","",'Zoopl Count'!N45*(2^N$9)/N$8) | ... P45: =IF('Zoopl Count'!P45="","",'Zoopl Count'!P45*(2^P$9)/P$8)
D46: Family: | E46: Codonellidae | G46: =IF('Zoopl Count'!G46="","",'Zoopl Count'!G46*(2^G$9)/G$8) | H46: =IF('Zoopl Count'!H46="","",'Zoopl Count'!H46*(2^H$9)/H$8) | I46: =IF('Zoopl Count'!I46="","",'Zoopl Count'!I46*(2^I$9)/I$8) | J46: =IF('Zoopl Count'!J46="","",'Zoopl Count'!J46*(2^J$9)/J$8) | K46: =IF('Zoopl Count'!K46="","",'Zoopl Count'!K46*(2^K$9)/K$8) | L46: =IF('Zoopl Count'!L46="","",'Zoopl Count'!L46*(2^L$9)/L$8) | M46: =IF('Zoopl Count'!M46="","",'Zoopl Count'!M46*(2^M$9)/M$8) | N46: =IF('Zoopl Count'!N46="","",'Zoopl Count'!N46*(2^N$9)/N$8) | ... P46: =IF('Zoopl Count'!P46="","",'Zoopl Count'!P46*(2^P$9)/P$8)
E47: Genus: | F47: Tintinnopsis | G47: =IF('Zoopl Count'!G47="","",'Zoopl Count'!G47*(2^G$9)/G$8) | H47: =IF('Zoopl Count'!H47="","",'Zoopl Count'!H47*(2^H$9)/H$8) | I47: =IF('Zoopl Count'!I47="","",'Zoopl Count'!I47*(2^I$9)/I$8) | J47: =IF('Zoopl Count'!J47="","",'Zoopl Count'!J47*(2^J$9)/J$8) | K47: =IF('Zoopl Count'!K47="","",'Zoopl Count'!K47*(2^K$9)/K$8) | L47: =IF('Zoopl Count'!L47="","",'Zoopl Count'!L47*(2^L$9)/L$8) | M47: =IF('Zoopl Count'!M47="","",'Zoopl Count'!M47*(2^M$9)/M$8) | N47: =IF('Zoopl Count'!N47="","",'Zoopl Count'!N47*(2^N$9)/N$8) | ... P47: =IF('Zoopl Count'!P47="","",'Zoopl Count'!P47*(2^P$9)/P$8)
F48: Codonella | G48: =IF('Zoopl Count'!G48="","",'Zoopl Count'!G48*(2^G$9)/G$8) | H48: =IF('Zoopl Count'!H48="","",'Zoopl Count'!H48*(2^H$9)/H$8) | I48: =IF('Zoopl Count'!I48="","",'Zoopl Count'!I48*(2^I$9)/I$8) | J48: =IF('Zoopl Count'!J48="","",'Zoopl Count'!J48*(2^J$9)/J$8) | K48: =IF('Zoopl Count'!K48="","",'Zoopl Count'!K48*(2^K$9)/K$8) | L48: =IF('Zoopl Count'!L48="","",'Zoopl Count'!L48*(2^L$9)/L$8) | M48: =IF('Zoopl Count'!M48="","",'Zoopl Count'!M48*(2^M$9)/M$8) | N48: =IF('Zoopl Count'!N48="","",'Zoopl Count'!N48*(2^N$9)/N$8) | ... P48: =IF('Zoopl Count'!P48="","",'Zoopl Count'!P48*(2^P$9)/P$8)
D49: Family: | E49: Codonellopsis | G49: =IF('Zoopl Count'!G49="","",'Zoopl Count'!G49*(2^G$9)/G$8) | H49: =IF('Zoopl Count'!H49="","",'Zoopl Count'!H49*(2^H$9)/H$8) | I49: =IF('Zoopl Count'!I49="","",'Zoopl Count'!I49*(2^I$9)/I$8) | J49: =IF('Zoopl Count'!J49="","",'Zoopl Count'!J49*(2^J$9)/J$8) | K49: =IF('Zoopl Count'!K49="","",'Zoopl Count'!K49*(2^K$9)/K$8) | L49: =IF('Zoopl Count'!L49="","",'Zoopl Count'!L49*(2^L$9)/L$8) | M49: =IF('Zoopl Count'!M49="","",'Zoopl Count'!M49*(2^M$9)/M$8) | N49: =IF('Zoopl Count'!N49="","",'Zoopl Count'!N49*(2^N$9)/N$8) | ... P49: =IF('Zoopl Count'!P49="","",'Zoopl Count'!P49*(2^P$9)/P$8)
E50: Genus: | F50: Codonellopsis | G50: =IF('Zoopl Count'!G50="","",'Zoopl Count'!G50*(2^G$9)/G$8) | H50: =IF('Zoopl Count'!H50="","",'Zoopl Count'!H50*(2^H$9)/H$8) | I50: =IF('Zoopl Count'!I50="","",'Zoopl Count'!I50*(2^I$9)/I$8) | J50: =IF('Zoopl Count'!J50="","",'Zoopl Count'!J50*(2^J$9)/J$8) | K50: =IF('Zoopl Count'!K50="","",'Zoopl Count'!K50*(2^K$9)/K$8) | L50: =IF('Zoopl Count'!L50="","",'Zoopl Count'!L50*(2^L$9)/L$8) | M50: =IF('Zoopl Count'!M50="","",'Zoopl Count'!M50*(2^M$9)/M$8) | N50: =IF('Zoopl Count'!N50="","",'Zoopl Count'!N50*(2^N$9)/N$8) | ... P50: =IF('Zoopl Count'!P50="","",'Zoopl Count'!P50*(2^P$9)/P$8)
F51: Stenosemella | G51: =IF('Zoopl Count'!G51="","",'Zoopl Count'!G51*(2^G$9)/G$8) | H51: =IF('Zoopl Count'!H51="","",'Zoopl Count'!H51*(2^H$9)/H$8) | I51: =IF('Zoopl Count'!I51="","",'Zoopl Count'!I51*(2^I$9)/I$8) | J51: =IF('Zoopl Count'!J51="","",'Zoopl Count'!J51*(2^J$9)/J$8) | K51: =IF('Zoopl Count'!K51="","",'Zoopl Count'!K51*(2^K$9)/K$8) | L51: =IF('Zoopl Count'!L51="","",'Zoopl Count'!L51*(2^L$9)/L$8) | M51: =IF('Zoopl Count'!M51="","",'Zoopl Count'!M51*(2^M$9)/M$8) | N51: =IF('Zoopl Count'!N51="","",'Zoopl Count'!N51*(2^N$9)/N$8) | ... P51: =IF('Zoopl Count'!P51="","",'Zoopl Count'!P51*(2^P$9)/P$8)
D52: Family: | E52: Distyocstidae | G52: =IF('Zoopl Count'!G52="","",'Zoopl Count'!G52*(2^G$9)/G$8) | H52: =IF('Zoopl Count'!H52="","",'Zoopl Count'!H52*(2^H$9)/H$8) | I52: =IF('Zoopl Count'!I52="","",'Zoopl Count'!I52*(2^I$9)/I$8) | J52: =IF('Zoopl Count'!J52="","",'Zoopl Count'!J52*(2^J$9)/J$8) | K52: =IF('Zoopl Count'!K52="","",'Zoopl Count'!K52*(2^K$9)/K$8) | L52: =IF('Zoopl Count'!L52="","",'Zoopl Count'!L52*(2^L$9)/L$8) | M52: =IF('Zoopl Count'!M52="","",'Zoopl Count'!M52*(2^M$9)/M$8) | N52: =IF('Zoopl Count'!N52="","",'Zoopl Count'!N52*(2^N$9)/N$8) | ... P52: =IF('Zoopl Count'!P52="","",'Zoopl Count'!P52*(2^P$9)/P$8)
E53: Genus: | F53: Distyocysta | G53: =IF('Zoopl Count'!G53="","",'Zoopl Count'!G53*(2^G$9)/G$8) | H53: =IF('Zoopl Count'!H53="","",'Zoopl Count'!H53*(2^H$9)/H$8) | I53: =IF('Zoopl Count'!I53="","",'Zoopl Count'!I53*(2^I$9)/I$8) | J53: =IF('Zoopl Count'!J53="","",'Zoopl Count'!J53*(2^J$9)/J$8) | K53: =IF('Zoopl Count'!K53="","",'Zoopl Count'!K53*(2^K$9)/K$8) | L53: =IF('Zoopl Count'!L53="","",'Zoopl Count'!L53*(2^L$9)/L$8) | M53: =IF('Zoopl Count'!M53="","",'Zoopl Count'!M53*(2^M$9)/M$8) | N53: =IF('Zoopl Count'!N53="","",'Zoopl Count'!N53*(2^N$9)/N$8) | ... P53: =IF('Zoopl Count'!P53="","",'Zoopl Count'!P53*(2^P$9)/P$8)
D54: Family: | E54: Epiplocylididae | G54: =IF('Zoopl Count'!G54="","",'Zoopl Count'!G54*(2^G$9)/G$8) | H54: =IF('Zoopl Count'!H54="","",'Zoopl Count'!H54*(2^H$9)/H$8) | I54: =IF('Zoopl Count'!I54="","",'Zoopl Count'!I54*(2^I$9)/I$8) | J54: =IF('Zoopl Count'!J54="","",'Zoopl Count'!J54*(2^J$9)/J$8) | K54: =IF('Zoopl Count'!K54="","",'Zoopl Count'!K54*(2^K$9)/K$8) | L54: =IF('Zoopl Count'!L54="","",'Zoopl Count'!L54*(2^L$9)/L$8) | M54: =IF('Zoopl Count'!M54="","",'Zoopl Count'!M54*(2^M$9)/M$8) | N54: =IF('Zoopl Count'!N54="","",'Zoopl Count'!N54*(2^N$9)/N$8) | ... P54: =IF('Zoopl Count'!P54="","",'Zoopl Count'!P54*(2^P$9)/P$8)
E55: Genus: | F55: Epiplocylis | G55: =IF('Zoopl Count'!G55="","",'Zoopl Count'!G55*(2^G$9)/G$8) | H55: =IF('Zoopl Count'!H55="","",'Zoopl Count'!H55*(2^H$9)/H$8) | I55: =IF('Zoopl Count'!I55="","",'Zoopl Count'!I55*(2^I$9)/I$8) | J55: =IF('Zoopl Count'!J55="","",'Zoopl Count'!J55*(2^J$9)/J$8) | K55: =IF('Zoopl Count'!K55="","",'Zoopl Count'!K55*(2^K$9)/K$8) | L55: =IF('Zoopl Count'!L55="","",'Zoopl Count'!L55*(2^L$9)/L$8) | M55: =IF('Zoopl Count'!M55="","",'Zoopl Count'!M55*(2^M$9)/M$8) | N55: =IF('Zoopl Count'!N55="","",'Zoopl Count'!N55*(2^N$9)/N$8) | ... P55: =IF('Zoopl Count'!P55="","",'Zoopl Count'!P55*(2^P$9)/P$8)
D56: Family: | E56: Eutintinnidae | G56: =IF('Zoopl Count'!G56="","",'Zoopl Count'!G56*(2^G$9)/G$8) | H56: =IF('Zoopl Count'!H56="","",'Zoopl Count'!H56*(2^H$9)/H$8) | I56: =IF('Zoopl Count'!I56="","",'Zoopl Count'!I56*(2^I$9)/I$8) | J56: =IF('Zoopl Count'!J56="","",'Zoopl Count'!J56*(2^J$9)/J$8) | K56: =IF('Zoopl Count'!K56="","",'Zoopl Count'!K56*(2^K$9)/K$8) | L56: =IF('Zoopl Count'!L56="","",'Zoopl Count'!L56*(2^L$9)/L$8) | M56: =IF('Zoopl Count'!M56="","",'Zoopl Count'!M56*(2^M$9)/M$8) | N56: =IF('Zoopl Count'!N56="","",'Zoopl Count'!N56*(2^N$9)/N$8) | ... P56: =IF('Zoopl Count'!P56="","",'Zoopl Count'!P56*(2^P$9)/P$8)
E57: Genus: | F57: Eutintinnus | G57: =IF('Zoopl Count'!G57="","",'Zoopl Count'!G57*(2^G$9)/G$8) | H57: =IF('Zoopl Count'!H57="","",'Zoopl Count'!H57*(2^H$9)/H$8) | I57: =IF('Zoopl Count'!I57="","",'Zoopl Count'!I57*(2^I$9)/I$8) | J57: =IF('Zoopl Count'!J57="","",'Zoopl Count'!J57*(2^J$9)/J$8) | K57: =IF('Zoopl Count'!K57="","",'Zoopl Count'!K57*(2^K$9)/K$8) | L57: =IF('Zoopl Count'!L57="","",'Zoopl Count'!L57*(2^L$9)/L$8) | M57: =IF('Zoopl Count'!M57="","",'Zoopl Count'!M57*(2^M$9)/M$8) | N57: =IF('Zoopl Count'!N57="","",'Zoopl Count'!N57*(2^N$9)/N$8) | ... P57: =IF('Zoopl Count'!P57="","",'Zoopl Count'!P57*(2^P$9)/P$8)
D58: Family: | E58: Metacylididae | G58: =IF('Zoopl Count'!G58="","",'Zoopl Count'!G58*(2^G$9)/G$8) | H58: =IF('Zoopl Count'!H58="","",'Zoopl Count'!H58*(2^H$9)/H$8) | I58: =IF('Zoopl Count'!I58="","",'Zoopl Count'!I58*(2^I$9)/I$8) | J58: =IF('Zoopl Count'!J58="","",'Zoopl Count'!J58*(2^J$9)/J$8) | K58: =IF('Zoopl Count'!K58="","",'Zoopl Count'!K58*(2^K$9)/K$8) | L58: =IF('Zoopl Count'!L58="","",'Zoopl Count'!L58*(2^L$9)/L$8) | M58: =IF('Zoopl Count'!M58="","",'Zoopl Count'!M58*(2^M$9)/M$8) | N58: =IF('Zoopl Count'!N58="","",'Zoopl Count'!N58*(2^N$9)/N$8) | ... P58: =IF('Zoopl Count'!P58="","",'Zoopl Count'!P58*(2^P$9)/P$8)
E59: Genus: | F59: Metacylis | G59: =IF('Zoopl Count'!G59="","",'Zoopl Count'!G59*(2^G$9)/G$8) | H59: =IF('Zoopl Count'!H59="","",'Zoopl Count'!H59*(2^H$9)/H$8) | I59: =IF('Zoopl Count'!I59="","",'Zoopl Count'!I59*(2^I$9)/I$8) | J59: =IF('Zoopl Count'!J59="","",'Zoopl Count'!J59*(2^J$9)/J$8) | K59: =IF('Zoopl Count'!K59="","",'Zoopl Count'!K59*(2^K$9)/K$8) | L59: =IF('Zoopl Count'!L59="","",'Zoopl Count'!L59*(2^L$9)/L$8) | M59: =IF('Zoopl Count'!M59="","",'Zoopl Count'!M59*(2^M$9)/M$8) | N59: =IF('Zoopl Count'!N59="","",'Zoopl Count'!N59*(2^N$9)/N$8) | ... P59: =IF('Zoopl Count'!P59="","",'Zoopl Count'!P59*(2^P$9)/P$8)
F60: Helicostomella | G60: =IF('Zoopl Count'!G60="","",'Zoopl Count'!G60*(2^G$9)/G$8) | H60: =IF('Zoopl Count'!H60="","",'Zoopl Count'!H60*(2^H$9)/H$8) | I60: =IF('Zoopl Count'!I60="","",'Zoopl Count'!I60*(2^I$9)/I$8) | J60: =IF('Zoopl Count'!J60="","",'Zoopl Count'!J60*(2^J$9)/J$8) | K60: =IF('Zoopl Count'!K60="","",'Zoopl Count'!K60*(2^K$9)/K$8) | L60: =IF('Zoopl Count'!L60="","",'Zoopl Count'!L60*(2^L$9)/L$8) | M60: =IF('Zoopl Count'!M60="","",'Zoopl Count'!M60*(2^M$9)/M$8) | N60: =IF('Zoopl Count'!N60="","",'Zoopl Count'!N60*(2^N$9)/N$8) | ... P60: =IF('Zoopl Count'!P60="","",'Zoopl Count'!P60*(2^P$9)/P$8)
D61: Family: | E61: Ptychocylidae | G61: =IF('Zoopl Count'!G61="","",'Zoopl Count'!G61*(2^G$9)/G$8) | H61: =IF('Zoopl Count'!H61="","",'Zoopl Count'!H61*(2^H$9)/H$8) | I61: =IF('Zoopl Count'!I61="","",'Zoopl Count'!I61*(2^I$9)/I$8) | J61: =IF('Zoopl Count'!J61="","",'Zoopl Count'!J61*(2^J$9)/J$8) | K61: =IF('Zoopl Count'!K61="","",'Zoopl Count'!K61*(2^K$9)/K$8) | L61: =IF('Zoopl Count'!L61="","",'Zoopl Count'!L61*(2^L$9)/L$8) | M61: =IF('Zoopl Count'!M61="","",'Zoopl Count'!M61*(2^M$9)/M$8) | N61: =IF('Zoopl Count'!N61="","",'Zoopl Count'!N61*(2^N$9)/N$8) | ... P61: =IF('Zoopl Count'!P61="","",'Zoopl Count'!P61*(2^P$9)/P$8)
E62: Genus: | F62: Favella | G62: =IF('Zoopl Count'!G62="","",'Zoopl Count'!G62*(2^G$9)/G$8) | H62: =IF('Zoopl Count'!H62="","",'Zoopl Count'!H62*(2^H$9)/H$8) | I62: =IF('Zoopl Count'!I62="","",'Zoopl Count'!I62*(2^I$9)/I$8) | J62: =IF('Zoopl Count'!J62="","",'Zoopl Count'!J62*(2^J$9)/J$8) | K62: =IF('Zoopl Count'!K62="","",'Zoopl Count'!K62*(2^K$9)/K$8) | L62: =IF('Zoopl Count'!L62="","",'Zoopl Count'!L62*(2^L$9)/L$8) | M62: =IF('Zoopl Count'!M62="","",'Zoopl Count'!M62*(2^M$9)/M$8) | N62: =IF('Zoopl Count'!N62="","",'Zoopl Count'!N62*(2^N$9)/N$8) | ... P62: =IF('Zoopl Count'!P62="","",'Zoopl Count'!P62*(2^P$9)/P$8)
D63: Family: | E63: Rhabdonellidae | G63: =IF('Zoopl Count'!G63="","",'Zoopl Count'!G63*(2^G$9)/G$8) | H63: =IF('Zoopl Count'!H63="","",'Zoopl Count'!H63*(2^H$9)/H$8) | I63: =IF('Zoopl Count'!I63="","",'Zoopl Count'!I63*(2^I$9)/I$8) | J63: =IF('Zoopl Count'!J63="","",'Zoopl Count'!J63*(2^J$9)/J$8) | K63: =IF('Zoopl Count'!K63="","",'Zoopl Count'!K63*(2^K$9)/K$8) | L63: =IF('Zoopl Count'!L63="","",'Zoopl Count'!L63*(2^L$9)/L$8) | M63: =IF('Zoopl Count'!M63="","",'Zoopl Count'!M63*(2^M$9)/M$8) | N63: =IF('Zoopl Count'!N63="","",'Zoopl Count'!N63*(2^N$9)/N$8) | ... P63: =IF('Zoopl Count'!P63="","",'Zoopl Count'!P63*(2^P$9)/P$8)
E64: Genus: | F64: Rhabdonella | G64: =IF('Zoopl Count'!G64="","",'Zoopl Count'!G64*(2^G$9)/G$8) | H64: =IF('Zoopl Count'!H64="","",'Zoopl Count'!H64*(2^H$9)/H$8) | I64: =IF('Zoopl Count'!I64="","",'Zoopl Count'!I64*(2^I$9)/I$8) | J64: =IF('Zoopl Count'!J64="","",'Zoopl Count'!J64*(2^J$9)/J$8) | K64: =IF('Zoopl Count'!K64="","",'Zoopl Count'!K64*(2^K$9)/K$8) | L64: =IF('Zoopl Count'!L64="","",'Zoopl Count'!L64*(2^L$9)/L$8) | M64: =IF('Zoopl Count'!M64="","",'Zoopl Count'!M64*(2^M$9)/M$8) | N64: =IF('Zoopl Count'!N64="","",'Zoopl Count'!N64*(2^N$9)/N$8) | ... P64: =IF('Zoopl Count'!P64="","",'Zoopl Count'!P64*(2^P$9)/P$8)
D65: Family: | E65: Tintinnidae | G65: =IF('Zoopl Count'!G65="","",'Zoopl Count'!G65*(2^G$9)/G$8) | H65: =IF('Zoopl Count'!H65="","",'Zoopl Count'!H65*(2^H$9)/H$8) | I65: =IF('Zoopl Count'!I65="","",'Zoopl Count'!I65*(2^I$9)/I$8) | J65: =IF('Zoopl Count'!J65="","",'Zoopl Count'!J65*(2^J$9)/J$8) | K65: =IF('Zoopl Count'!K65="","",'Zoopl Count'!K65*(2^K$9)/K$8) | L65: =IF('Zoopl Count'!L65="","",'Zoopl Count'!L65*(2^L$9)/L$8) | M65: =IF('Zoopl Count'!M65="","",'Zoopl Count'!M65*(2^M$9)/M$8) | N65: =IF('Zoopl Count'!N65="","",'Zoopl Count'!N65*(2^N$9)/N$8) | ... P65: =IF('Zoopl Count'!P65="","",'Zoopl Count'!P65*(2^P$9)/P$8)
E66: Genus: | F66: Salpingella | G66: =IF('Zoopl Count'!G66="","",'Zoopl Count'!G66*(2^G$9)/G$8) | H66: =IF('Zoopl Count'!H66="","",'Zoopl Count'!H66*(2^H$9)/H$8) | I66: =IF('Zoopl Count'!I66="","",'Zoopl Count'!I66*(2^I$9)/I$8) | J66: =IF('Zoopl Count'!J66="","",'Zoopl Count'!J66*(2^J$9)/J$8) | K66: =IF('Zoopl Count'!K66="","",'Zoopl Count'!K66*(2^K$9)/K$8) | L66: =IF('Zoopl Count'!L66="","",'Zoopl Count'!L66*(2^L$9)/L$8) | M66: =IF('Zoopl Count'!M66="","",'Zoopl Count'!M66*(2^M$9)/M$8) | N66: =IF('Zoopl Count'!N66="","",'Zoopl Count'!N66*(2^N$9)/N$8) | ... P66: =IF('Zoopl Count'!P66="","",'Zoopl Count'!P66*(2^P$9)/P$8)
D67: Family: | E67: Undellididae | G67: =IF('Zoopl Count'!G67="","",'Zoopl Count'!G67*(2^G$9)/G$8) | H67: =IF('Zoopl Count'!H67="","",'Zoopl Count'!H67*(2^H$9)/H$8) | I67: =IF('Zoopl Count'!I67="","",'Zoopl Count'!I67*(2^I$9)/I$8) | J67: =IF('Zoopl Count'!J67="","",'Zoopl Count'!J67*(2^J$9)/J$8) | K67: =IF('Zoopl Count'!K67="","",'Zoopl Count'!K67*(2^K$9)/K$8) | L67: =IF('Zoopl Count'!L67="","",'Zoopl Count'!L67*(2^L$9)/L$8) | M67: =IF('Zoopl Count'!M67="","",'Zoopl Count'!M67*(2^M$9)/M$8) | N67: =IF('Zoopl Count'!N67="","",'Zoopl Count'!N67*(2^N$9)/N$8) | ... P67: =IF('Zoopl Count'!P67="","",'Zoopl Count'!P67*(2^P$9)/P$8)
E68: Genus: | F68: Undella | G68: =IF('Zoopl Count'!G68="","",'Zoopl Count'!G68*(2^G$9)/G$8) | H68: =IF('Zoopl Count'!H68="","",'Zoopl Count'!H68*(2^H$9)/H$8) | I68: =IF('Zoopl Count'!I68="","",'Zoopl Count'!I68*(2^I$9)/I$8) | J68: =IF('Zoopl Count'!J68="","",'Zoopl Count'!J68*(2^J$9)/J$8) | K68: =IF('Zoopl Count'!K68="","",'Zoopl Count'!K68*(2^K$9)/K$8) | L68: =IF('Zoopl Count'!L68="","",'Zoopl Count'!L68*(2^L$9)/L$8) | M68: =IF('Zoopl Count'!M68="","",'Zoopl Count'!M68*(2^M$9)/M$8) | N68: =IF('Zoopl Count'!N68="","",'Zoopl Count'!N68*(2^N$9)/N$8) | ... P68: =IF('Zoopl Count'!P68="","",'Zoopl Count'!P68*(2^P$9)/P$8)
F69: Proplectella | G69: =IF('Zoopl Count'!G69="","",'Zoopl Count'!G69*(2^G$9)/G$8) | H69: =IF('Zoopl Count'!H69="","",'Zoopl Count'!H69*(2^H$9)/H$8) | I69: =IF('Zoopl Count'!I69="","",'Zoopl Count'!I69*(2^I$9)/I$8) | J69: =IF('Zoopl Count'!J69="","",'Zoopl Count'!J69*(2^J$9)/J$8) | K69: =IF('Zoopl Count'!K69="","",'Zoopl Count'!K69*(2^K$9)/K$8) | L69: =IF('Zoopl Count'!L69="","",'Zoopl Count'!L69*(2^L$9)/L$8) | M69: =IF('Zoopl Count'!M69="","",'Zoopl Count'!M69*(2^M$9)/M$8) | N69: =IF('Zoopl Count'!N69="","",'Zoopl Count'!N69*(2^N$9)/N$8) | ... P69: =IF('Zoopl Count'!P69="","",'Zoopl Count'!P69*(2^P$9)/P$8)
G70: =IF('Zoopl Count'!G70="","",'Zoopl Count'!G70*(2^G$9)/G$8) | H70: =IF('Zoopl Count'!H70="","",'Zoopl Count'!H70*(2^H$9)/H$8) | I70: =IF('Zoopl Count'!I70="","",'Zoopl Count'!I70*(2^I$9)/I$8) | J70: =IF('Zoopl Count'!J70="","",'Zoopl Count'!J70*(2^J$9)/J$8) | K70: =IF('Zoopl Count'!K70="","",'Zoopl Count'!K70*(2^K$9)/K$8) | L70: =IF('Zoopl Count'!L70="","",'Zoopl Count'!L70*(2^L$9)/L$8) | M70: =IF('Zoopl Count'!M70="","",'Zoopl Count'!M70*(2^M$9)/M$8) | N70: =IF('Zoopl Count'!N70="","",'Zoopl Count'!N70*(2^N$9)/N$8) | ... P70: =IF('Zoopl Count'!P70="","",'Zoopl Count'!P70*(2^P$9)/P$8)
A71: Phylum: | B71: Cnidaria | G71: =IF('Zoopl Count'!G71="","",'Zoopl Count'!G71*(2^G$9)/G$8) | H71: =IF('Zoopl Count'!H71="","",'Zoopl Count'!H71*(2^H$9)/H$8) | I71: =IF('Zoopl Count'!I71="","",'Zoopl Count'!I71*(2^I$9)/I$8) | J71: =IF('Zoopl Count'!J71="","",'Zoopl Count'!J71*(2^J$9)/J$8) | K71: =IF('Zoopl Count'!K71="","",'Zoopl Count'!K71*(2^K$9)/K$8) | L71: =IF('Zoopl Count'!L71="","",'Zoopl Count'!L71*(2^L$9)/L$8) | M71: =IF('Zoopl Count'!M71="","",'Zoopl Count'!M71*(2^M$9)/M$8) | N71: =IF('Zoopl Count'!N71="","",'Zoopl Count'!N71*(2^N$9)/N$8) | ... P71: =IF('Zoopl Count'!P71="","",'Zoopl Count'!P71*(2^P$9)/P$8)
F72: Anthozoa larvae | G72: =IF('Zoopl Count'!G72="","",'Zoopl Count'!G72*(2^G$9)/G$8) | H72: =IF('Zoopl Count'!H72="","",'Zoopl Count'!H72*(2^H$9)/H$8) | I72: =IF('Zoopl Count'!I72="","",'Zoopl Count'!I72*(2^I$9)/I$8) | J72: =IF('Zoopl Count'!J72="","",'Zoopl Count'!J72*(2^J$9)/J$8) | K72: =IF('Zoopl Count'!K72="","",'Zoopl Count'!K72*(2^K$9)/K$8) | L72: =IF('Zoopl Count'!L72="","",'Zoopl Count'!L72*(2^L$9)/L$8) | M72: =IF('Zoopl Count'!M72="","",'Zoopl Count'!M72*(2^M$9)/M$8) | N72: =IF('Zoopl Count'!N72="","",'Zoopl Count'!N72*(2^N$9)/N$8) | ... P72: =IF('Zoopl Count'!P72="","",'Zoopl Count'!P72*(2^P$9)/P$8)
F73: Planulae larvae | G73: =IF('Zoopl Count'!G73="","",'Zoopl Count'!G73*(2^G$9)/G$8) | H73: =IF('Zoopl Count'!H73="","",'Zoopl Count'!H73*(2^H$9)/H$8) | I73: =IF('Zoopl Count'!I73="","",'Zoopl Count'!I73*(2^I$9)/I$8) | J73: =IF('Zoopl Count'!J73="","",'Zoopl Count'!J73*(2^J$9)/J$8) | K73: =IF('Zoopl Count'!K73="","",'Zoopl Count'!K73*(2^K$9)/K$8) | L73: =IF('Zoopl Count'!L73="","",'Zoopl Count'!L73*(2^L$9)/L$8) | M73: =IF('Zoopl Count'!M73="","",'Zoopl Count'!M73*(2^M$9)/M$8) | N73: =IF('Zoopl Count'!N73="","",'Zoopl Count'!N73*(2^N$9)/N$8) | ... P73: =IF('Zoopl Count'!P73="","",'Zoopl Count'!P73*(2^P$9)/P$8)
B74: Class: | C74: Hydrozoa | G74: =IF('Zoopl Count'!G74="","",'Zoopl Count'!G74*(2^G$9)/G$8) | H74: =IF('Zoopl Count'!H74="","",'Zoopl Count'!H74*(2^H$9)/H$8) | I74: =IF('Zoopl Count'!I74="","",'Zoopl Count'!I74*(2^I$9)/I$8) | J74: =IF('Zoopl Count'!J74="","",'Zoopl Count'!J74*(2^J$9)/J$8) | K74: =IF('Zoopl Count'!K74="","",'Zoopl Count'!K74*(2^K$9)/K$8) | L74: =IF('Zoopl Count'!L74="","",'Zoopl Count'!L74*(2^L$9)/L$8) | M74: =IF('Zoopl Count'!M74="","",'Zoopl Count'!M74*(2^M$9)/M$8) | N74: =IF('Zoopl Count'!N74="","",'Zoopl Count'!N74*(2^N$9)/N$8) | ... P74: =IF('Zoopl Count'!P74="","",'Zoopl Count'!P74*(2^P$9)/P$8)
F75: Actinula larvae | G75: =IF('Zoopl Count'!G75="","",'Zoopl Count'!G75*(2^G$9)/G$8) | H75: =IF('Zoopl Count'!H75="","",'Zoopl Count'!H75*(2^H$9)/H$8) -> 0.065189865 | I75: =IF('Zoopl Count'!I75="","",'Zoopl Count'!I75*(2^I$9)/I$8) | J75: =IF('Zoopl Count'!J75="","",'Zoopl Count'!J75*(2^J$9)/J$8) | K75: =IF('Zoopl Count'!K75="","",'Zoopl Count'!K75*(2^K$9)/K$8) -> 0.26075946 | L75: =IF('Zoopl Count'!L75="","",'Zoopl Count'!L75*(2^L$9)/L$8) | M75: =IF('Zoopl Count'!M75="","",'Zoopl Count'!M75*(2^M$9)/M$8) | N75: =IF('Zoopl Count'!N75="","",'Zoopl Count'!N75*(2^N$9)/N$8) | ... P75: =IF('Zoopl Count'!P75="","",'Zoopl Count'!P75*(2^P$9)/P$8)
C76: Order: | D76: Leptothecata | G76: =IF('Zoopl Count'!G76="","",'Zoopl Count'!G76*(2^G$9)/G$8) | H76: =IF('Zoopl Count'!H76="","",'Zoopl Count'!H76*(2^H$9)/H$8) | I76: =IF('Zoopl Count'!I76="","",'Zoopl Count'!I76*(2^I$9)/I$8) | J76: =IF('Zoopl Count'!J76="","",'Zoopl Count'!J76*(2^J$9)/J$8) | K76: =IF('Zoopl Count'!K76="","",'Zoopl Count'!K76*(2^K$9)/K$8) | L76: =IF('Zoopl Count'!L76="","",'Zoopl Count'!L76*(2^L$9)/L$8) | M76: =IF('Zoopl Count'!M76="","",'Zoopl Count'!M76*(2^M$9)/M$8) | N76: =IF('Zoopl Count'!N76="","",'Zoopl Count'!N76*(2^N$9)/N$8) | ... P76: =IF('Zoopl Count'!P76="","",'Zoopl Count'!P76*(2^P$9)/P$8)
D77: Family: | E77: Campanulariidae | G77: =IF('Zoopl Count'!G77="","",'Zoopl Count'!G77*(2^G$9)/G$8) | H77: =IF('Zoopl Count'!H77="","",'Zoopl Count'!H77*(2^H$9)/H$8) | I77: =IF('Zoopl Count'!I77="","",'Zoopl Count'!I77*(2^I$9)/I$8) | J77: =IF('Zoopl Count'!J77="","",'Zoopl Count'!J77*(2^J$9)/J$8) | K77: =IF('Zoopl Count'!K77="","",'Zoopl Count'!K77*(2^K$9)/K$8) | L77: =IF('Zoopl Count'!L77="","",'Zoopl Count'!L77*(2^L$9)/L$8) | M77: =IF('Zoopl Count'!M77="","",'Zoopl Count'!M77*(2^M$9)/M$8) | N77: =IF('Zoopl Count'!N77="","",'Zoopl Count'!N77*(2^N$9)/N$8) | ... P77: =IF('Zoopl Count'!P77="","",'Zoopl Count'!P77*(2^P$9)/P$8)
E78: Genus: | F78: Obelia | G78: =IF('Zoopl Count'!G78="","",'Zoopl Count'!G78*(2^G$9)/G$8) -> 0.26075946 | H78: =IF('Zoopl Count'!H78="","",'Zoopl Count'!H78*(2^H$9)/H$8) | I78: =IF('Zoopl Count'!I78="","",'Zoopl Count'!I78*(2^I$9)/I$8) | J78: =IF('Zoopl Count'!J78="","",'Zoopl Count'!J78*(2^J$9)/J$8) | K78: =IF('Zoopl Count'!K78="","",'Zoopl Count'!K78*(2^K$9)/K$8) | L78: =IF('Zoopl Count'!L78="","",'Zoopl Count'!L78*(2^L$9)/L$8) | M78: =IF('Zoopl Count'!M78="","",'Zoopl Count'!M78*(2^M$9)/M$8) -> 0.13037973 | N78: =IF('Zoopl Count'!N78="","",'Zoopl Count'!N78*(2^N$9)/N$8) | ... P78: =IF('Zoopl Count'!P78="","",'Zoopl Count'!P78*(2^P$9)/P$8)
G79: =IF('Zoopl Count'!G79="","",'Zoopl Count'!G79*(2^G$9)/G$8) | H79: =IF('Zoopl Count'!H79="","",'Zoopl Count'!H79*(2^H$9)/H$8) | I79: =IF('Zoopl Count'!I79="","",'Zoopl Count'!I79*(2^I$9)/I$8) | J79: =IF('Zoopl Count'!J79="","",'Zoopl Count'!J79*(2^J$9)/J$8) | K79: =IF('Zoopl Count'!K79="","",'Zoopl Count'!K79*(2^K$9)/K$8) | L79: =IF('Zoopl Count'!L79="","",'Zoopl Count'!L79*(2^L$9)/L$8) | M79: =IF('Zoopl Count'!M79="","",'Zoopl Count'!M79*(2^M$9)/M$8) | N79: =IF('Zoopl Count'!N79="","",'Zoopl Count'!N79*(2^N$9)/N$8) | ... P79: =IF('Zoopl Count'!P79="","",'Zoopl Count'!P79*(2^P$9)/P$8)
C80: Order: | D80: Limnomedusae | G80: =IF('Zoopl Count'!G80="","",'Zoopl Count'!G80*(2^G$9)/G$8) | H80: =IF('Zoopl Count'!H80="","",'Zoopl Count'!H80*(2^H$9)/H$8) | I80: =IF('Zoopl Count'!I80="","",'Zoopl Count'!I80*(2^I$9)/I$8) | J80: =IF('Zoopl Count'!J80="","",'Zoopl Count'!J80*(2^J$9)/J$8) | K80: =IF('Zoopl Count'!K80="","",'Zoopl Count'!K80*(2^K$9)/K$8) | L80: =IF('Zoopl Count'!L80="","",'Zoopl Count'!L80*(2^L$9)/L$8) | M80: =IF('Zoopl Count'!M80="","",'Zoopl Count'!M80*(2^M$9)/M$8) | N80: =IF('Zoopl Count'!N80="","",'Zoopl Count'!N80*(2^N$9)/N$8) | ... P80: =IF('Zoopl Count'!P80="","",'Zoopl Count'!P80*(2^P$9)/P$8)
D81: Family: | E81: Geryoniidae | G81: =IF('Zoopl Count'!G81="","",'Zoopl Count'!G81*(2^G$9)/G$8) | H81: =IF('Zoopl Count'!H81="","",'Zoopl Count'!H81*(2^H$9)/H$8) | I81: =IF('Zoopl Count'!I81="","",'Zoopl Count'!I81*(2^I$9)/I$8) | J81: =IF('Zoopl Count'!J81="","",'Zoopl Count'!J81*(2^J$9)/J$8) | K81: =IF('Zoopl Count'!K81="","",'Zoopl Count'!K81*(2^K$9)/K$8) | L81: =IF('Zoopl Count'!L81="","",'Zoopl Count'!L81*(2^L$9)/L$8) | M81: =IF('Zoopl Count'!M81="","",'Zoopl Count'!M81*(2^M$9)/M$8) | N81: =IF('Zoopl Count'!N81="","",'Zoopl Count'!N81*(2^N$9)/N$8) | ... P81: =IF('Zoopl Count'!P81="","",'Zoopl Count'!P81*(2^P$9)/P$8)
E82: Genus: | F82: Liriope | G82: =IF('Zoopl Count'!G82="","",'Zoopl Count'!G82*(2^G$9)/G$8) | H82: =IF('Zoopl Count'!H82="","",'Zoopl Count'!H82*(2^H$9)/H$8) | I82: =IF('Zoopl Count'!I82="","",'Zoopl Count'!I82*(2^I$9)/I$8) | J82: =IF('Zoopl Count'!J82="","",'Zoopl Count'!J82*(2^J$9)/J$8) | K82: =IF('Zoopl Count'!K82="","",'Zoopl Count'!K82*(2^K$9)/K$8) | L82: =IF('Zoopl Count'!L82="","",'Zoopl Count'!L82*(2^L$9)/L$8) | M82: =IF('Zoopl Count'!M82="","",'Zoopl Count'!M82*(2^M$9)/M$8) | N82: =IF('Zoopl Count'!N82="","",'Zoopl Count'!N82*(2^N$9)/N$8) | ... P82: =IF('Zoopl Count'!P82="","",'Zoopl Count'!P82*(2^P$9)/P$8)
G83: =IF('Zoopl Count'!G83="","",'Zoopl Count'!G83*(2^G$9)/G$8) | H83: =IF('Zoopl Count'!H83="","",'Zoopl Count'!H83*(2^H$9)/H$8) | I83: =IF('Zoopl Count'!I83="","",'Zoopl Count'!I83*(2^I$9)/I$8) | J83: =IF('Zoopl Count'!J83="","",'Zoopl Count'!J83*(2^J$9)/J$8) | K83: =IF('Zoopl Count'!K83="","",'Zoopl Count'!K83*(2^K$9)/K$8) | L83: =IF('Zoopl Count'!L83="","",'Zoopl Count'!L83*(2^L$9)/L$8) | M83: =IF('Zoopl Count'!M83="","",'Zoopl Count'!M83*(2^M$9)/M$8) | N83: =IF('Zoopl Count'!N83="","",'Zoopl Count'!N83*(2^N$9)/N$8) | ... P83: =IF('Zoopl Count'!P83="","",'Zoopl Count'!P83*(2^P$9)/P$8)
C84: Order: | D84: Siphonophorae | G84: =IF('Zoopl Count'!G84="","",'Zoopl Count'!G84*(2^G$9)/G$8) -> 0.13037973 | H84: =IF('Zoopl Count'!H84="","",'Zoopl Count'!H84*(2^H$9)/H$8) | I84: =IF('Zoopl Count'!I84="","",'Zoopl Count'!I84*(2^I$9)/I$8) | J84: =IF('Zoopl Count'!J84="","",'Zoopl Count'!J84*(2^J$9)/J$8) | K84: =IF('Zoopl Count'!K84="","",'Zoopl Count'!K84*(2^K$9)/K$8) | L84: =IF('Zoopl Count'!L84="","",'Zoopl Count'!L84*(2^L$9)/L$8) | M84: =IF('Zoopl Count'!M84="","",'Zoopl Count'!M84*(2^M$9)/M$8) | N84: =IF('Zoopl Count'!N84="","",'Zoopl Count'!N84*(2^N$9)/N$8) | ... P84: =IF('Zoopl Count'!P84="","",'Zoopl Count'!P84*(2^P$9)/P$8)
G85: =IF('Zoopl Count'!G85="","",'Zoopl Count'!G85*(2^G$9)/G$8) | H85: =IF('Zoopl Count'!H85="","",'Zoopl Count'!H85*(2^H$9)/H$8) | I85: =IF('Zoopl Count'!I85="","",'Zoopl Count'!I85*(2^I$9)/I$8) | J85: =IF('Zoopl Count'!J85="","",'Zoopl Count'!J85*(2^J$9)/J$8) | K85: =IF('Zoopl Count'!K85="","",'Zoopl Count'!K85*(2^K$9)/K$8) | L85: =IF('Zoopl Count'!L85="","",'Zoopl Count'!L85*(2^L$9)/L$8) | M85: =IF('Zoopl Count'!M85="","",'Zoopl Count'!M85*(2^M$9)/M$8) | N85: =IF('Zoopl Count'!N85="","",'Zoopl Count'!N85*(2^N$9)/N$8) | ... P85: =IF('Zoopl Count'!P85="","",'Zoopl Count'!P85*(2^P$9)/P$8)
C86: Order: | D86: Trachymedusae | G86: =IF('Zoopl Count'!G86="","",'Zoopl Count'!G86*(2^G$9)/G$8) | H86: =IF('Zoopl Count'!H86="","",'Zoopl Count'!H86*(2^H$9)/H$8) | I86: =IF('Zoopl Count'!I86="","",'Zoopl Count'!I86*(2^I$9)/I$8) | J86: =IF('Zoopl Count'!J86="","",'Zoopl Count'!J86*(2^J$9)/J$8) | K86: =IF('Zoopl Count'!K86="","",'Zoopl Count'!K86*(2^K$9)/K$8) | L86: =IF('Zoopl Count'!L86="","",'Zoopl Count'!L86*(2^L$9)/L$8) | M86: =IF('Zoopl Count'!M86="","",'Zoopl Count'!M86*(2^M$9)/M$8) | N86: =IF('Zoopl Count'!N86="","",'Zoopl Count'!N86*(2^N$9)/N$8) | ... P86: =IF('Zoopl Count'!P86="","",'Zoopl Count'!P86*(2^P$9)/P$8)
D87: Family: | E87: Rhopalonematidae | G87: =IF('Zoopl Count'!G87="","",'Zoopl Count'!G87*(2^G$9)/G$8) | H87: =IF('Zoopl Count'!H87="","",'Zoopl Count'!H87*(2^H$9)/H$8) | I87: =IF('Zoopl Count'!I87="","",'Zoopl Count'!I87*(2^I$9)/I$8) | J87: =IF('Zoopl Count'!J87="","",'Zoopl Count'!J87*(2^J$9)/J$8) | K87: =IF('Zoopl Count'!K87="","",'Zoopl Count'!K87*(2^K$9)/K$8) | L87: =IF('Zoopl Count'!L87="","",'Zoopl Count'!L87*(2^L$9)/L$8) | M87: =IF('Zoopl Count'!M87="","",'Zoopl Count'!M87*(2^M$9)/M$8) | N87: =IF('Zoopl Count'!N87="","",'Zoopl Count'!N87*(2^N$9)/N$8) | ... P87: =IF('Zoopl Count'!P87="","",'Zoopl Count'!P87*(2^P$9)/P$8)
E88: Genus: | F88: Aglaura | G88: =IF('Zoopl Count'!G88="","",'Zoopl Count'!G88*(2^G$9)/G$8) | H88: =IF('Zoopl Count'!H88="","",'Zoopl Count'!H88*(2^H$9)/H$8) | I88: =IF('Zoopl Count'!I88="","",'Zoopl Count'!I88*(2^I$9)/I$8) | J88: =IF('Zoopl Count'!J88="","",'Zoopl Count'!J88*(2^J$9)/J$8) | K88: =IF('Zoopl Count'!K88="","",'Zoopl Count'!K88*(2^K$9)/K$8) | L88: =IF('Zoopl Count'!L88="","",'Zoopl Count'!L88*(2^L$9)/L$8) | M88: =IF('Zoopl Count'!M88="","",'Zoopl Count'!M88*(2^M$9)/M$8) | N88: =IF('Zoopl Count'!N88="","",'Zoopl Count'!N88*(2^N$9)/N$8) | ... P88: =IF('Zoopl Count'!P88="","",'Zoopl Count'!P88*(2^P$9)/P$8)
F89: Aglantha | G89: =IF('Zoopl Count'!G89="","",'Zoopl Count'!G89*(2^G$9)/G$8) | H89: =IF('Zoopl Count'!H89="","",'Zoopl Count'!H89*(2^H$9)/H$8) | I89: =IF('Zoopl Count'!I89="","",'Zoopl Count'!I89*(2^I$9)/I$8) | J89: =IF('Zoopl Count'!J89="","",'Zoopl Count'!J89*(2^J$9)/J$8) | K89: =IF('Zoopl Count'!K89="","",'Zoopl Count'!K89*(2^K$9)/K$8) | L89: =IF('Zoopl Count'!L89="","",'Zoopl Count'!L89*(2^L$9)/L$8) | M89: =IF('Zoopl Count'!M89="","",'Zoopl Count'!M89*(2^M$9)/M$8) | N89: =IF('Zoopl Count'!N89="","",'Zoopl Count'!N89*(2^N$9)/N$8) | ... P89: =IF('Zoopl Count'!P89="","",'Zoopl Count'!P89*(2^P$9)/P$8)
G90: =IF('Zoopl Count'!G90="","",'Zoopl Count'!G90*(2^G$9)/G$8) | H90: =IF('Zoopl Count'!H90="","",'Zoopl Count'!H90*(2^H$9)/H$8) | I90: =IF('Zoopl Count'!I90="","",'Zoopl Count'!I90*(2^I$9)/I$8) | J90: =IF('Zoopl Count'!J90="","",'Zoopl Count'!J90*(2^J$9)/J$8) | K90: =IF('Zoopl Count'!K90="","",'Zoopl Count'!K90*(2^K$9)/K$8) | L90: =IF('Zoopl Count'!L90="","",'Zoopl Count'!L90*(2^L$9)/L$8) | M90: =IF('Zoopl Count'!M90="","",'Zoopl Count'!M90*(2^M$9)/M$8) | N90: =IF('Zoopl Count'!N90="","",'Zoopl Count'!N90*(2^N$9)/N$8) | ... P90: =IF('Zoopl Count'!P90="","",'Zoopl Count'!P90*(2^P$9)/P$8)
B91: Class: | C91: Scyphozoa | G91: =IF('Zoopl Count'!G91="","",'Zoopl Count'!G91*(2^G$9)/G$8) | H91: =IF('Zoopl Count'!H91="","",'Zoopl Count'!H91*(2^H$9)/H$8) | I91: =IF('Zoopl Count'!I91="","",'Zoopl Count'!I91*(2^I$9)/I$8) | J91: =IF('Zoopl Count'!J91="","",'Zoopl Count'!J91*(2^J$9)/J$8) | K91: =IF('Zoopl Count'!K91="","",'Zoopl Count'!K91*(2^K$9)/K$8) | L91: =IF('Zoopl Count'!L91="","",'Zoopl Count'!L91*(2^L$9)/L$8) | M91: =IF('Zoopl Count'!M91="","",'Zoopl Count'!M91*(2^M$9)/M$8) | N91: =IF('Zoopl Count'!N91="","",'Zoopl Count'!N91*(2^N$9)/N$8) | ... P91: =IF('Zoopl Count'!P91="","",'Zoopl Count'!P91*(2^P$9)/P$8)
F92: Ephyra larvae | G92: =IF('Zoopl Count'!G92="","",'Zoopl Count'!G92*(2^G$9)/G$8) | H92: =IF('Zoopl Count'!H92="","",'Zoopl Count'!H92*(2^H$9)/H$8) | I92: =IF('Zoopl Count'!I92="","",'Zoopl Count'!I92*(2^I$9)/I$8) | J92: =IF('Zoopl Count'!J92="","",'Zoopl Count'!J92*(2^J$9)/J$8) | K92: =IF('Zoopl Count'!K92="","",'Zoopl Count'!K92*(2^K$9)/K$8) | L92: =IF('Zoopl Count'!L92="","",'Zoopl Count'!L92*(2^L$9)/L$8) | M92: =IF('Zoopl Count'!M92="","",'Zoopl Count'!M92*(2^M$9)/M$8) | N92: =IF('Zoopl Count'!N92="","",'Zoopl Count'!N92*(2^N$9)/N$8) | ... P92: =IF('Zoopl Count'!P92="","",'Zoopl Count'!P92*(2^P$9)/P$8)
G93: =IF('Zoopl Count'!G93="","",'Zoopl Count'!G93*(2^G$9)/G$8) | H93: =IF('Zoopl Count'!H93="","",'Zoopl Count'!H93*(2^H$9)/H$8) | I93: =IF('Zoopl Count'!I93="","",'Zoopl Count'!I93*(2^I$9)/I$8) | J93: =IF('Zoopl Count'!J93="","",'Zoopl Count'!J93*(2^J$9)/J$8) | K93: =IF('Zoopl Count'!K93="","",'Zoopl Count'!K93*(2^K$9)/K$8) | L93: =IF('Zoopl Count'!L93="","",'Zoopl Count'!L93*(2^L$9)/L$8) | M93: =IF('Zoopl Count'!M93="","",'Zoopl Count'!M93*(2^M$9)/M$8) | N93: =IF('Zoopl Count'!N93="","",'Zoopl Count'!N93*(2^N$9)/N$8) | ... P93: =IF('Zoopl Count'!P93="","",'Zoopl Count'!P93*(2^P$9)/P$8)
A94: Phylum: | B94: Ctenophora | G94: =IF('Zoopl Count'!G94="","",'Zoopl Count'!G94*(2^G$9)/G$8) | H94: =IF('Zoopl Count'!H94="","",'Zoopl Count'!H94*(2^H$9)/H$8) | I94: =IF('Zoopl Count'!I94="","",'Zoopl Count'!I94*(2^I$9)/I$8) | J94: =IF('Zoopl Count'!J94="","",'Zoopl Count'!J94*(2^J$9)/J$8) | K94: =IF('Zoopl Count'!K94="","",'Zoopl Count'!K94*(2^K$9)/K$8) | L94: =IF('Zoopl Count'!L94="","",'Zoopl Count'!L94*(2^L$9)/L$8) | M94: =IF('Zoopl Count'!M94="","",'Zoopl Count'!M94*(2^M$9)/M$8) | N94: =IF('Zoopl Count'!N94="","",'Zoopl Count'!N94*(2^N$9)/N$8) | ... P94: =IF('Zoopl Count'!P94="","",'Zoopl Count'!P94*(2^P$9)/P$8)
F95: Other ctenophores | G95: =IF('Zoopl Count'!G95="","",'Zoopl Count'!G95*(2^G$9)/G$8) | H95: =IF('Zoopl Count'!H95="","",'Zoopl Count'!H95*(2^H$9)/H$8) | I95: =IF('Zoopl Count'!I95="","",'Zoopl Count'!I95*(2^I$9)/I$8) | J95: =IF('Zoopl Count'!J95="","",'Zoopl Count'!J95*(2^J$9)/J$8) | K95: =IF('Zoopl Count'!K95="","",'Zoopl Count'!K95*(2^K$9)/K$8) | L95: =IF('Zoopl Count'!L95="","",'Zoopl Count'!L95*(2^L$9)/L$8) | M95: =IF('Zoopl Count'!M95="","",'Zoopl Count'!M95*(2^M$9)/M$8) | N95: =IF('Zoopl Count'!N95="","",'Zoopl Count'!N95*(2^N$9)/N$8) | ... P95: =IF('Zoopl Count'!P95="","",'Zoopl Count'!P95*(2^P$9)/P$8)
B96: Class: | C96: Tentaculata | G96: =IF('Zoopl Count'!G96="","",'Zoopl Count'!G96*(2^G$9)/G$8) | H96: =IF('Zoopl Count'!H96="","",'Zoopl Count'!H96*(2^H$9)/H$8) | I96: =IF('Zoopl Count'!I96="","",'Zoopl Count'!I96*(2^I$9)/I$8) | J96: =IF('Zoopl Count'!J96="","",'Zoopl Count'!J96*(2^J$9)/J$8) | K96: =IF('Zoopl Count'!K96="","",'Zoopl Count'!K96*(2^K$9)/K$8) | L96: =IF('Zoopl Count'!L96="","",'Zoopl Count'!L96*(2^L$9)/L$8) | M96: =IF('Zoopl Count'!M96="","",'Zoopl Count'!M96*(2^M$9)/M$8) | N96: =IF('Zoopl Count'!N96="","",'Zoopl Count'!N96*(2^N$9)/N$8) | ... P96: =IF('Zoopl Count'!P96="","",'Zoopl Count'!P96*(2^P$9)/P$8)
C97: Order: | D97: Lobata | G97: =IF('Zoopl Count'!G97="","",'Zoopl Count'!G97*(2^G$9)/G$8) | H97: =IF('Zoopl Count'!H97="","",'Zoopl Count'!H97*(2^H$9)/H$8) | I97: =IF('Zoopl Count'!I97="","",'Zoopl Count'!I97*(2^I$9)/I$8) | J97: =IF('Zoopl Count'!J97="","",'Zoopl Count'!J97*(2^J$9)/J$8) | K97: =IF('Zoopl Count'!K97="","",'Zoopl Count'!K97*(2^K$9)/K$8) | L97: =IF('Zoopl Count'!L97="","",'Zoopl Count'!L97*(2^L$9)/L$8) | M97: =IF('Zoopl Count'!M97="","",'Zoopl Count'!M97*(2^M$9)/M$8) | N97: =IF('Zoopl Count'!N97="","",'Zoopl Count'!N97*(2^N$9)/N$8) | ... P97: =IF('Zoopl Count'!P97="","",'Zoopl Count'!P97*(2^P$9)/P$8)
D98: Family: | E98: Bolinopsidae | G98: =IF('Zoopl Count'!G98="","",'Zoopl Count'!G98*(2^G$9)/G$8) | H98: =IF('Zoopl Count'!H98="","",'Zoopl Count'!H98*(2^H$9)/H$8) | I98: =IF('Zoopl Count'!I98="","",'Zoopl Count'!I98*(2^I$9)/I$8) | J98: =IF('Zoopl Count'!J98="","",'Zoopl Count'!J98*(2^J$9)/J$8) | K98: =IF('Zoopl Count'!K98="","",'Zoopl Count'!K98*(2^K$9)/K$8) | L98: =IF('Zoopl Count'!L98="","",'Zoopl Count'!L98*(2^L$9)/L$8) | M98: =IF('Zoopl Count'!M98="","",'Zoopl Count'!M98*(2^M$9)/M$8) | N98: =IF('Zoopl Count'!N98="","",'Zoopl Count'!N98*(2^N$9)/N$8) | ... P98: =IF('Zoopl Count'!P98="","",'Zoopl Count'!P98*(2^P$9)/P$8)
E99: Genus: | F99: Bolinopsis | G99: =IF('Zoopl Count'!G99="","",'Zoopl Count'!G99*(2^G$9)/G$8) | H99: =IF('Zoopl Count'!H99="","",'Zoopl Count'!H99*(2^H$9)/H$8) | I99: =IF('Zoopl Count'!I99="","",'Zoopl Count'!I99*(2^I$9)/I$8) | J99: =IF('Zoopl Count'!J99="","",'Zoopl Count'!J99*(2^J$9)/J$8) | K99: =IF('Zoopl Count'!K99="","",'Zoopl Count'!K99*(2^K$9)/K$8) | L99: =IF('Zoopl Count'!L99="","",'Zoopl Count'!L99*(2^L$9)/L$8) | M99: =IF('Zoopl Count'!M99="","",'Zoopl Count'!M99*(2^M$9)/M$8) | N99: =IF('Zoopl Count'!N99="","",'Zoopl Count'!N99*(2^N$9)/N$8) | ... P99: =IF('Zoopl Count'!P99="","",'Zoopl Count'!P99*(2^P$9)/P$8)
G100: =IF('Zoopl Count'!G100="","",'Zoopl Count'!G100*(2^G$9)/G$8) | H100: =IF('Zoopl Count'!H100="","",'Zoopl Count'!H100*(2^H$9)/H$8) | I100: =IF('Zoopl Count'!I100="","",'Zoopl Count'!I100*(2^I$9)/I$8) | J100: =IF('Zoopl Count'!J100="","",'Zoopl Count'!J100*(2^J$9)/J$8) | K100: =IF('Zoopl Count'!K100="","",'Zoopl Count'!K100*(2^K$9)/K$8) | L100: =IF('Zoopl Count'!L100="","",'Zoopl Count'!L100*(2^L$9)/L$8) | M100: =IF('Zoopl Count'!M100="","",'Zoopl Count'!M100*(2^M$9)/M$8) | N100: =IF('Zoopl Count'!N100="","",'Zoopl Count'!N100*(2^N$9)/N$8) | ... P100: =IF('Zoopl Count'!P100="","",'Zoopl Count'!P100*(2^P$9)/P$8)
C101: Order: | D101: Cydippida | G101: =IF('Zoopl Count'!G101="","",'Zoopl Count'!G101*(2^G$9)/G$8) | H101: =IF('Zoopl Count'!H101="","",'Zoopl Count'!H101*(2^H$9)/H$8) | I101: =IF('Zoopl Count'!I101="","",'Zoopl Count'!I101*(2^I$9)/I$8) | J101: =IF('Zoopl Count'!J101="","",'Zoopl Count'!J101*(2^J$9)/J$8) | K101: =IF('Zoopl Count'!K101="","",'Zoopl Count'!K101*(2^K$9)/K$8) | L101: =IF('Zoopl Count'!L101="","",'Zoopl Count'!L101*(2^L$9)/L$8) | M101: =IF('Zoopl Count'!M101="","",'Zoopl Count'!M101*(2^M$9)/M$8) | N101: =IF('Zoopl Count'!N101="","",'Zoopl Count'!N101*(2^N$9)/N$8) | ... P101: =IF('Zoopl Count'!P101="","",'Zoopl Count'!P101*(2^P$9)/P$8)
D102: Family: | E102: Cydippidae | G102: =IF('Zoopl Count'!G102="","",'Zoopl Count'!G102*(2^G$9)/G$8) | H102: =IF('Zoopl Count'!H102="","",'Zoopl Count'!H102*(2^H$9)/H$8) | I102: =IF('Zoopl Count'!I102="","",'Zoopl Count'!I102*(2^I$9)/I$8) | J102: =IF('Zoopl Count'!J102="","",'Zoopl Count'!J102*(2^J$9)/J$8) | K102: =IF('Zoopl Count'!K102="","",'Zoopl Count'!K102*(2^K$9)/K$8) | L102: =IF('Zoopl Count'!L102="","",'Zoopl Count'!L102*(2^L$9)/L$8) | M102: =IF('Zoopl Count'!M102="","",'Zoopl Count'!M102*(2^M$9)/M$8) | N102: =IF('Zoopl Count'!N102="","",'Zoopl Count'!N102*(2^N$9)/N$8) | ... P102: =IF('Zoopl Count'!P102="","",'Zoopl Count'!P102*(2^P$9)/P$8)
...

Sheet LN Data
A1: Log(n) of Zooplankton data for Diversity calculations
F7: ='Zoopl Count'!F4 -> Sample Marking: | G7: ='Zoopl Count'!G4 -> PLW-25-274014-1 | H7: ='Zoopl Count'!H4 -> PLW-25-274014-2 | I7: ='Zoopl Count'!I4 -> PLW-25-274014-3 | J7: ='Zoopl Count'!J4 -> PLW-25-274014-4 | K7: ='Zoopl Count'!K4 -> PLW-25-274014-5 | L7: ='Zoopl Count'!L4 -> PLW-25-274016-1 | M7: ='Zoopl Count'!M4 -> PLW-25-274016-2 | ... P7: ='Zoopl Count'!P4 -> PLW-25-274016-5
F8: ='Zoopl Count'!F8 -> Volume filtered (l): | G8: ='Zoopl Count'!G8 -> 245.43693 | H8: ='Zoopl Count'!H8 -> 245.43693 | I8: ='Zoopl Count'!I8 -> 245.43693 | J8: ='Zoopl Count'!J8 -> 245.43693 | K8: ='Zoopl Count'!K8 -> 245.43693 | L8: ='Zoopl Count'!L8 -> 245.43693 | M8: ='Zoopl Count'!M8 -> 245.43693 | ... P8: ='Zoopl Count'!P8 -> 245.43693
F9: ='Zoopl Count'!F9 -> Split factor: | G9: ='Zoopl Count'!G9 -> 5 | H9: ='Zoopl Count'!H9 -> 4 | I9: ='Zoopl Count'!I9 -> 3 | J9: ='Zoopl Count'!J9 -> 5 | K9: ='Zoopl Count'!K9 -> 5 | L9: ='Zoopl Count'!L9 -> 7 | M9: ='Zoopl Count'!M9 -> 5 | ... P9: ='Zoopl Count'!P9 -> 5
A10: Phylum: | B10: Foraminifera | G10: =IF('Zoopl Count'!G10=0,"",('Zoopl Analysis'!G10*LN('Zoopl Analysis'!G10))) | H10: =IF('Zoopl Count'!H10=0,"",('Zoopl Analysis'!H10*LN('Zoopl Analysis'!H10))) | I10: =IF('Zoopl Count'!I10=0,"",('Zoopl Analysis'!I10*LN('Zoopl Analysis'!I10))) | J10: =IF('Zoopl Count'!J10=0,"",('Zoopl Analysis'!J10*LN('Zoopl Analysis'!J10))) | K10: =IF('Zoopl Count'!K10=0,"",('Zoopl Analysis'!K10*LN('Zoopl Analysis'!K10))) | L10: =IF('Zoopl Count'!L10=0,"",('Zoopl Analysis'!L10*LN('Zoopl Analysis'!L10))) | M10: =IF('Zoopl Count'!M10=0,"",('Zoopl Analysis'!M10*LN('Zoopl Analysis'!M10))) | N10: =IF('Zoopl Count'!N10=0,"",('Zoopl Analysis'!N10*LN('Zoopl Analysis'!N10))) | ... P10: =IF('Zoopl Count'!P10=0,"",('Zoopl Analysis'!P10*LN('Zoopl Analysis'!P10)))
B11: Class: | C11: Globothalamea | G11: =IF('Zoopl Count'!G11=0,"",('Zoopl Analysis'!G11*LN('Zoopl Analysis'!G11))) | H11: =IF('Zoopl Count'!H11=0,"",('Zoopl Analysis'!H11*LN('Zoopl Analysis'!H11))) | I11: =IF('Zoopl Count'!I11=0,"",('Zoopl Analysis'!I11*LN('Zoopl Analysis'!I11))) | J11: =IF('Zoopl Count'!J11=0,"",('Zoopl Analysis'!J11*LN('Zoopl Analysis'!J11))) | K11: =IF('Zoopl Count'!K11=0,"",('Zoopl Analysis'!K11*LN('Zoopl Analysis'!K11))) | L11: =IF('Zoopl Count'!L11=0,"",('Zoopl Analysis'!L11*LN('Zoopl Analysis'!L11))) | M11: =IF('Zoopl Count'!M11=0,"",('Zoopl Analysis'!M11*LN('Zoopl Analysis'!M11))) | N11: =IF('Zoopl Count'!N11=0,"",('Zoopl Analysis'!N11*LN('Zoopl Analysis'!N11))) | ... P11: =IF('Zoopl Count'!P11=0,"",('Zoopl Analysis'!P11*LN('Zoopl Analysis'!P11)))
C12: Order: | D12: Rotaliida | G12: =IF('Zoopl Count'!G12=0,"",('Zoopl Analysis'!G12*LN('Zoopl Analysis'!G12))) | H12: =IF('Zoopl Count'!H12=0,"",('Zoopl Analysis'!H12*LN('Zoopl Analysis'!H12))) | I12: =IF('Zoopl Count'!I12=0,"",('Zoopl Analysis'!I12*LN('Zoopl Analysis'!I12))) | J12: =IF('Zoopl Count'!J12=0,"",('Zoopl Analysis'!J12*LN('Zoopl Analysis'!J12))) | K12: =IF('Zoopl Count'!K12=0,"",('Zoopl Analysis'!K12*LN('Zoopl Analysis'!K12))) | L12: =IF('Zoopl Count'!L12=0,"",('Zoopl Analysis'!L12*LN('Zoopl Analysis'!L12))) | M12: =IF('Zoopl Count'!M12=0,"",('Zoopl Analysis'!M12*LN('Zoopl Analysis'!M12))) | N12: =IF('Zoopl Count'!N12=0,"",('Zoopl Analysis'!N12*LN('Zoopl Analysis'!N12))) | ... P12: =IF('Zoopl Count'!P12=0,"",('Zoopl Analysis'!P12*LN('Zoopl Analysis'!P12)))
D13: Family: | E13: Bolivinitidae | G13: =IF('Zoopl Count'!G13=0,"",('Zoopl Analysis'!G13*LN('Zoopl Analysis'!G13))) | H13: =IF('Zoopl Count'!H13=0,"",('Zoopl Analysis'!H13*LN('Zoopl Analysis'!H13))) | I13: =IF('Zoopl Count'!I13=0,"",('Zoopl Analysis'!I13*LN('Zoopl Analysis'!I13))) | J13: =IF('Zoopl Count'!J13=0,"",('Zoopl Analysis'!J13*LN('Zoopl Analysis'!J13))) | K13: =IF('Zoopl Count'!K13=0,"",('Zoopl Analysis'!K13*LN('Zoopl Analysis'!K13))) | L13: =IF('Zoopl Count'!L13=0,"",('Zoopl Analysis'!L13*LN('Zoopl Analysis'!L13))) | M13: =IF('Zoopl Count'!M13=0,"",('Zoopl Analysis'!M13*LN('Zoopl Analysis'!M13))) | N13: =IF('Zoopl Count'!N13=0,"",('Zoopl Analysis'!N13*LN('Zoopl Analysis'!N13))) | ... P13: =IF('Zoopl Count'!P13=0,"",('Zoopl Analysis'!P13*LN('Zoopl Analysis'!P13)))
E14: Genus: | F14: Bolivina | G14: =IF('Zoopl Count'!G14=0,"",('Zoopl Analysis'!G14*LN('Zoopl Analysis'!G14))) | H14: =IF('Zoopl Count'!H14=0,"",('Zoopl Analysis'!H14*LN('Zoopl Analysis'!H14))) | I14: =IF('Zoopl Count'!I14=0,"",('Zoopl Analysis'!I14*LN('Zoopl Analysis'!I14))) | J14: =IF('Zoopl Count'!J14=0,"",('Zoopl Analysis'!J14*LN('Zoopl Analysis'!J14))) | K14: =IF('Zoopl Count'!K14=0,"",('Zoopl Analysis'!K14*LN('Zoopl Analysis'!K14))) | L14: =IF('Zoopl Count'!L14=0,"",('Zoopl Analysis'!L14*LN('Zoopl Analysis'!L14))) | M14: =IF('Zoopl Count'!M14=0,"",('Zoopl Analysis'!M14*LN('Zoopl Analysis'!M14))) | N14: =IF('Zoopl Count'!N14=0,"",('Zoopl Analysis'!N14*LN('Zoopl Analysis'!N14))) | ... P14: =IF('Zoopl Count'!P14=0,"",('Zoopl Analysis'!P14*LN('Zoopl Analysis'!P14)))
D15: Family: | E15: Globigerinidae | G15: =IF('Zoopl Count'!G15=0,"",('Zoopl Analysis'!G15*LN('Zoopl Analysis'!G15))) | H15: =IF('Zoopl Count'!H15=0,"",('Zoopl Analysis'!H15*LN('Zoopl Analysis'!H15))) | I15: =IF('Zoopl Count'!I15=0,"",('Zoopl Analysis'!I15*LN('Zoopl Analysis'!I15))) | J15: =IF('Zoopl Count'!J15=0,"",('Zoopl Analysis'!J15*LN('Zoopl Analysis'!J15))) | K15: =IF('Zoopl Count'!K15=0,"",('Zoopl Analysis'!K15*LN('Zoopl Analysis'!K15))) | L15: =IF('Zoopl Count'!L15=0,"",('Zoopl Analysis'!L15*LN('Zoopl Analysis'!L15))) | M15: =IF('Zoopl Count'!M15=0,"",('Zoopl Analysis'!M15*LN('Zoopl Analysis'!M15))) | N15: =IF('Zoopl Count'!N15=0,"",('Zoopl Analysis'!N15*LN('Zoopl Analysis'!N15))) | ... P15: =IF('Zoopl Count'!P15=0,"",('Zoopl Analysis'!P15*LN('Zoopl Analysis'!P15)))
E16: Genus: | F16: Globigerina | G16: =IF('Zoopl Count'!G16=0,"",('Zoopl Analysis'!G16*LN('Zoopl Analysis'!G16))) | H16: =IF('Zoopl Count'!H16=0,"",('Zoopl Analysis'!H16*LN('Zoopl Analysis'!H16))) | I16: =IF('Zoopl Count'!I16=0,"",('Zoopl Analysis'!I16*LN('Zoopl Analysis'!I16))) | J16: =IF('Zoopl Count'!J16=0,"",('Zoopl Analysis'!J16*LN('Zoopl Analysis'!J16))) | K16: =IF('Zoopl Count'!K16=0,"",('Zoopl Analysis'!K16*LN('Zoopl Analysis'!K16))) | L16: =IF('Zoopl Count'!L16=0,"",('Zoopl Analysis'!L16*LN('Zoopl Analysis'!L16))) | M16: =IF('Zoopl Count'!M16=0,"",('Zoopl Analysis'!M16*LN('Zoopl Analysis'!M16))) | N16: =IF('Zoopl Count'!N16=0,"",('Zoopl Analysis'!N16*LN('Zoopl Analysis'!N16))) | ... P16: =IF('Zoopl Count'!P16=0,"",('Zoopl Analysis'!P16*LN('Zoopl Analysis'!P16)))
D17: Family: | E17: Globorotaliidae | G17: =IF('Zoopl Count'!G17=0,"",('Zoopl Analysis'!G17*LN('Zoopl Analysis'!G17))) | H17: =IF('Zoopl Count'!H17=0,"",('Zoopl Analysis'!H17*LN('Zoopl Analysis'!H17))) | I17: =IF('Zoopl Count'!I17=0,"",('Zoopl Analysis'!I17*LN('Zoopl Analysis'!I17))) | J17: =IF('Zoopl Count'!J17=0,"",('Zoopl Analysis'!J17*LN('Zoopl Analysis'!J17))) | K17: =IF('Zoopl Count'!K17=0,"",('Zoopl Analysis'!K17*LN('Zoopl Analysis'!K17))) | L17: =IF('Zoopl Count'!L17=0,"",('Zoopl Analysis'!L17*LN('Zoopl Analysis'!L17))) | M17: =IF('Zoopl Count'!M17=0,"",('Zoopl Analysis'!M17*LN('Zoopl Analysis'!M17))) | N17: =IF('Zoopl Count'!N17=0,"",('Zoopl Analysis'!N17*LN('Zoopl Analysis'!N17))) | ... P17: =IF('Zoopl Count'!P17=0,"",('Zoopl Analysis'!P17*LN('Zoopl Analysis'!P17)))
E18: Genus: | F18: Globorotalia | G18: =IF('Zoopl Count'!G18=0,"",('Zoopl Analysis'!G18*LN('Zoopl Analysis'!G18))) | H18: =IF('Zoopl Count'!H18=0,"",('Zoopl Analysis'!H18*LN('Zoopl Analysis'!H18))) | I18: =IF('Zoopl Count'!I18=0,"",('Zoopl Analysis'!I18*LN('Zoopl Analysis'!I18))) | J18: =IF('Zoopl Count'!J18=0,"",('Zoopl Analysis'!J18*LN('Zoopl Analysis'!J18))) | K18: =IF('Zoopl Count'!K18=0,"",('Zoopl Analysis'!K18*LN('Zoopl Analysis'!K18))) | L18: =IF('Zoopl Count'!L18=0,"",('Zoopl Analysis'!L18*LN('Zoopl Analysis'!L18))) | M18: =IF('Zoopl Count'!M18=0,"",('Zoopl Analysis'!M18*LN('Zoopl Analysis'!M18))) | N18: =IF('Zoopl Count'!N18=0,"",('Zoopl Analysis'!N18*LN('Zoopl Analysis'!N18))) | ... P18: =IF('Zoopl Count'!P18=0,"",('Zoopl Analysis'!P18*LN('Zoopl Analysis'!P18)))
D19: Family: | E19: Orbulininae | G19: =IF('Zoopl Count'!G19=0,"",('Zoopl Analysis'!G19*LN('Zoopl Analysis'!G19))) | H19: =IF('Zoopl Count'!H19=0,"",('Zoopl Analysis'!H19*LN('Zoopl Analysis'!H19))) | I19: =IF('Zoopl Count'!I19=0,"",('Zoopl Analysis'!I19*LN('Zoopl Analysis'!I19))) | J19: =IF('Zoopl Count'!J19=0,"",('Zoopl Analysis'!J19*LN('Zoopl Analysis'!J19))) | K19: =IF('Zoopl Count'!K19=0,"",('Zoopl Analysis'!K19*LN('Zoopl Analysis'!K19))) | L19: =IF('Zoopl Count'!L19=0,"",('Zoopl Analysis'!L19*LN('Zoopl Analysis'!L19))) | M19: =IF('Zoopl Count'!M19=0,"",('Zoopl Analysis'!M19*LN('Zoopl Analysis'!M19))) | N19: =IF('Zoopl Count'!N19=0,"",('Zoopl Analysis'!N19*LN('Zoopl Analysis'!N19))) | ... P19: =IF('Zoopl Count'!P19=0,"",('Zoopl Analysis'!P19*LN('Zoopl Analysis'!P19)))
E20: Genus: | F20: Orbulina | G20: =IF('Zoopl Count'!G20=0,"",('Zoopl Analysis'!G20*LN('Zoopl Analysis'!G20))) | H20: =IF('Zoopl Count'!H20=0,"",('Zoopl Analysis'!H20*LN('Zoopl Analysis'!H20))) | I20: =IF('Zoopl Count'!I20=0,"",('Zoopl Analysis'!I20*LN('Zoopl Analysis'!I20))) | J20: =IF('Zoopl Count'!J20=0,"",('Zoopl Analysis'!J20*LN('Zoopl Analysis'!J20))) | K20: =IF('Zoopl Count'!K20=0,"",('Zoopl Analysis'!K20*LN('Zoopl Analysis'!K20))) | L20: =IF('Zoopl Count'!L20=0,"",('Zoopl Analysis'!L20*LN('Zoopl Analysis'!L20))) | M20: =IF('Zoopl Count'!M20=0,"",('Zoopl Analysis'!M20*LN('Zoopl Analysis'!M20))) | N20: =IF('Zoopl Count'!N20=0,"",('Zoopl Analysis'!N20*LN('Zoopl Analysis'!N20))) | ... P20: =IF('Zoopl Count'!P20=0,"",('Zoopl Analysis'!P20*LN('Zoopl Analysis'!P20)))
D21: Family: | E21: Calcarinidae | G21: =IF('Zoopl Count'!G21=0,"",('Zoopl Analysis'!G21*LN('Zoopl Analysis'!G21))) | H21: =IF('Zoopl Count'!H21=0,"",('Zoopl Analysis'!H21*LN('Zoopl Analysis'!H21))) | I21: =IF('Zoopl Count'!I21=0,"",('Zoopl Analysis'!I21*LN('Zoopl Analysis'!I21))) | J21: =IF('Zoopl Count'!J21=0,"",('Zoopl Analysis'!J21*LN('Zoopl Analysis'!J21))) | K21: =IF('Zoopl Count'!K21=0,"",('Zoopl Analysis'!K21*LN('Zoopl Analysis'!K21))) | L21: =IF('Zoopl Count'!L21=0,"",('Zoopl Analysis'!L21*LN('Zoopl Analysis'!L21))) | M21: =IF('Zoopl Count'!M21=0,"",('Zoopl Analysis'!M21*LN('Zoopl Analysis'!M21))) | N21: =IF('Zoopl Count'!N21=0,"",('Zoopl Analysis'!N21*LN('Zoopl Analysis'!N21))) | ... P21: =IF('Zoopl Count'!P21=0,"",('Zoopl Analysis'!P21*LN('Zoopl Analysis'!P21)))
E22: Genus: | F22: Baculogypsina | G22: =IF('Zoopl Count'!G22=0,"",('Zoopl Analysis'!G22*LN('Zoopl Analysis'!G22))) | H22: =IF('Zoopl Count'!H22=0,"",('Zoopl Analysis'!H22*LN('Zoopl Analysis'!H22))) | I22: =IF('Zoopl Count'!I22=0,"",('Zoopl Analysis'!I22*LN('Zoopl Analysis'!I22))) | J22: =IF('Zoopl Count'!J22=0,"",('Zoopl Analysis'!J22*LN('Zoopl Analysis'!J22))) | K22: =IF('Zoopl Count'!K22=0,"",('Zoopl Analysis'!K22*LN('Zoopl Analysis'!K22))) | L22: =IF('Zoopl Count'!L22=0,"",('Zoopl Analysis'!L22*LN('Zoopl Analysis'!L22))) | M22: =IF('Zoopl Count'!M22=0,"",('Zoopl Analysis'!M22*LN('Zoopl Analysis'!M22))) | N22: =IF('Zoopl Count'!N22=0,"",('Zoopl Analysis'!N22*LN('Zoopl Analysis'!N22))) | ... P22: =IF('Zoopl Count'!P22=0,"",('Zoopl Analysis'!P22*LN('Zoopl Analysis'!P22)))
G23: =IF('Zoopl Count'!G23=0,"",('Zoopl Analysis'!G23*LN('Zoopl Analysis'!G23))) | H23: =IF('Zoopl Count'!H23=0,"",('Zoopl Analysis'!H23*LN('Zoopl Analysis'!H23))) | I23: =IF('Zoopl Count'!I23=0,"",('Zoopl Analysis'!I23*LN('Zoopl Analysis'!I23))) | J23: =IF('Zoopl Count'!J23=0,"",('Zoopl Analysis'!J23*LN('Zoopl Analysis'!J23))) | K23: =IF('Zoopl Count'!K23=0,"",('Zoopl Analysis'!K23*LN('Zoopl Analysis'!K23))) | L23: =IF('Zoopl Count'!L23=0,"",('Zoopl Analysis'!L23*LN('Zoopl Analysis'!L23))) | M23: =IF('Zoopl Count'!M23=0,"",('Zoopl Analysis'!M23*LN('Zoopl Analysis'!M23))) | N23: =IF('Zoopl Count'!N23=0,"",('Zoopl Analysis'!N23*LN('Zoopl Analysis'!N23))) | ... P23: =IF('Zoopl Count'!P23=0,"",('Zoopl Analysis'!P23*LN('Zoopl Analysis'!P23)))
B24: Class: | C24: Tubothalamea | G24: =IF('Zoopl Count'!G24=0,"",('Zoopl Analysis'!G24*LN('Zoopl Analysis'!G24))) | H24: =IF('Zoopl Count'!H24=0,"",('Zoopl Analysis'!H24*LN('Zoopl Analysis'!H24))) | I24: =IF('Zoopl Count'!I24=0,"",('Zoopl Analysis'!I24*LN('Zoopl Analysis'!I24))) | J24: =IF('Zoopl Count'!J24=0,"",('Zoopl Analysis'!J24*LN('Zoopl Analysis'!J24))) | K24: =IF('Zoopl Count'!K24=0,"",('Zoopl Analysis'!K24*LN('Zoopl Analysis'!K24))) | L24: =IF('Zoopl Count'!L24=0,"",('Zoopl Analysis'!L24*LN('Zoopl Analysis'!L24))) | M24: =IF('Zoopl Count'!M24=0,"",('Zoopl Analysis'!M24*LN('Zoopl Analysis'!M24))) | N24: =IF('Zoopl Count'!N24=0,"",('Zoopl Analysis'!N24*LN('Zoopl Analysis'!N24))) | ... P24: =IF('Zoopl Count'!P24=0,"",('Zoopl Analysis'!P24*LN('Zoopl Analysis'!P24)))
C25: Order: | D25: Miliolida | G25: =IF('Zoopl Count'!G25=0,"",('Zoopl Analysis'!G25*LN('Zoopl Analysis'!G25))) | H25: =IF('Zoopl Count'!H25=0,"",('Zoopl Analysis'!H25*LN('Zoopl Analysis'!H25))) | I25: =IF('Zoopl Count'!I25=0,"",('Zoopl Analysis'!I25*LN('Zoopl Analysis'!I25))) | J25: =IF('Zoopl Count'!J25=0,"",('Zoopl Analysis'!J25*LN('Zoopl Analysis'!J25))) | K25: =IF('Zoopl Count'!K25=0,"",('Zoopl Analysis'!K25*LN('Zoopl Analysis'!K25))) | L25: =IF('Zoopl Count'!L25=0,"",('Zoopl Analysis'!L25*LN('Zoopl Analysis'!L25))) | M25: =IF('Zoopl Count'!M25=0,"",('Zoopl Analysis'!M25*LN('Zoopl Analysis'!M25))) | N25: =IF('Zoopl Count'!N25=0,"",('Zoopl Analysis'!N25*LN('Zoopl Analysis'!N25))) | ... P25: =IF('Zoopl Count'!P25=0,"",('Zoopl Analysis'!P25*LN('Zoopl Analysis'!P25)))
D26: Family: | E26: Spiroloculinidae | G26: =IF('Zoopl Count'!G26=0,"",('Zoopl Analysis'!G26*LN('Zoopl Analysis'!G26))) | H26: =IF('Zoopl Count'!H26=0,"",('Zoopl Analysis'!H26*LN('Zoopl Analysis'!H26))) | I26: =IF('Zoopl Count'!I26=0,"",('Zoopl Analysis'!I26*LN('Zoopl Analysis'!I26))) | J26: =IF('Zoopl Count'!J26=0,"",('Zoopl Analysis'!J26*LN('Zoopl Analysis'!J26))) | K26: =IF('Zoopl Count'!K26=0,"",('Zoopl Analysis'!K26*LN('Zoopl Analysis'!K26))) | L26: =IF('Zoopl Count'!L26=0,"",('Zoopl Analysis'!L26*LN('Zoopl Analysis'!L26))) | M26: =IF('Zoopl Count'!M26=0,"",('Zoopl Analysis'!M26*LN('Zoopl Analysis'!M26))) | N26: =IF('Zoopl Count'!N26=0,"",('Zoopl Analysis'!N26*LN('Zoopl Analysis'!N26))) | ... P26: =IF('Zoopl Count'!P26=0,"",('Zoopl Analysis'!P26*LN('Zoopl Analysis'!P26)))
E27: Genus: | F27: Spiroloculina | G27: =IF('Zoopl Count'!G27=0,"",('Zoopl Analysis'!G27*LN('Zoopl Analysis'!G27))) | H27: =IF('Zoopl Count'!H27=0,"",('Zoopl Analysis'!H27*LN('Zoopl Analysis'!H27))) | I27: =IF('Zoopl Count'!I27=0,"",('Zoopl Analysis'!I27*LN('Zoopl Analysis'!I27))) | J27: =IF('Zoopl Count'!J27=0,"",('Zoopl Analysis'!J27*LN('Zoopl Analysis'!J27))) | K27: =IF('Zoopl Count'!K27=0,"",('Zoopl Analysis'!K27*LN('Zoopl Analysis'!K27))) | L27: =IF('Zoopl Count'!L27=0,"",('Zoopl Analysis'!L27*LN('Zoopl Analysis'!L27))) | M27: =IF('Zoopl Count'!M27=0,"",('Zoopl Analysis'!M27*LN('Zoopl Analysis'!M27))) | N27: =IF('Zoopl Count'!N27=0,"",('Zoopl Analysis'!N27*LN('Zoopl Analysis'!N27))) | ... P27: =IF('Zoopl Count'!P27=0,"",('Zoopl Analysis'!P27*LN('Zoopl Analysis'!P27)))
G28: =IF('Zoopl Count'!G28=0,"",('Zoopl Analysis'!G28*LN('Zoopl Analysis'!G28))) | H28: =IF('Zoopl Count'!H28=0,"",('Zoopl Analysis'!H28*LN('Zoopl Analysis'!H28))) | I28: =IF('Zoopl Count'!I28=0,"",('Zoopl Analysis'!I28*LN('Zoopl Analysis'!I28))) | J28: =IF('Zoopl Count'!J28=0,"",('Zoopl Analysis'!J28*LN('Zoopl Analysis'!J28))) | K28: =IF('Zoopl Count'!K28=0,"",('Zoopl Analysis'!K28*LN('Zoopl Analysis'!K28))) | L28: =IF('Zoopl Count'!L28=0,"",('Zoopl Analysis'!L28*LN('Zoopl Analysis'!L28))) | M28: =IF('Zoopl Count'!M28=0,"",('Zoopl Analysis'!M28*LN('Zoopl Analysis'!M28))) | N28: =IF('Zoopl Count'!N28=0,"",('Zoopl Analysis'!N28*LN('Zoopl Analysis'!N28))) | ... P28: =IF('Zoopl Count'!P28=0,"",('Zoopl Analysis'!P28*LN('Zoopl Analysis'!P28)))
B29: Class: | C29: Nodosariata | G29: =IF('Zoopl Count'!G29=0,"",('Zoopl Analysis'!G29*LN('Zoopl Analysis'!G29))) | H29: =IF('Zoopl Count'!H29=0,"",('Zoopl Analysis'!H29*LN('Zoopl Analysis'!H29))) | I29: =IF('Zoopl Count'!I29=0,"",('Zoopl Analysis'!I29*LN('Zoopl Analysis'!I29))) | J29: =IF('Zoopl Count'!J29=0,"",('Zoopl Analysis'!J29*LN('Zoopl Analysis'!J29))) | K29: =IF('Zoopl Count'!K29=0,"",('Zoopl Analysis'!K29*LN('Zoopl Analysis'!K29))) | L29: =IF('Zoopl Count'!L29=0,"",('Zoopl Analysis'!L29*LN('Zoopl Analysis'!L29))) | M29: =IF('Zoopl Count'!M29=0,"",('Zoopl Analysis'!M29*LN('Zoopl Analysis'!M29))) | N29: =IF('Zoopl Count'!N29=0,"",('Zoopl Analysis'!N29*LN('Zoopl Analysis'!N29))) | ... P29: =IF('Zoopl Count'!P29=0,"",('Zoopl Analysis'!P29*LN('Zoopl Analysis'!P29)))
C30: Order: | D30: Vaginulinida | G30: =IF('Zoopl Count'!G30=0,"",('Zoopl Analysis'!G30*LN('Zoopl Analysis'!G30))) | H30: =IF('Zoopl Count'!H30=0,"",('Zoopl Analysis'!H30*LN('Zoopl Analysis'!H30))) | I30: =IF('Zoopl Count'!I30=0,"",('Zoopl Analysis'!I30*LN('Zoopl Analysis'!I30))) | J30: =IF('Zoopl Count'!J30=0,"",('Zoopl Analysis'!J30*LN('Zoopl Analysis'!J30))) | K30: =IF('Zoopl Count'!K30=0,"",('Zoopl Analysis'!K30*LN('Zoopl Analysis'!K30))) | L30: =IF('Zoopl Count'!L30=0,"",('Zoopl Analysis'!L30*LN('Zoopl Analysis'!L30))) | M30: =IF('Zoopl Count'!M30=0,"",('Zoopl Analysis'!M30*LN('Zoopl Analysis'!M30))) | N30: =IF('Zoopl Count'!N30=0,"",('Zoopl Analysis'!N30*LN('Zoopl Analysis'!N30))) | ... P30: =IF('Zoopl Count'!P30=0,"",('Zoopl Analysis'!P30*LN('Zoopl Analysis'!P30)))
D31: Family: | E31: Vaginulinidae | G31: =IF('Zoopl Count'!G31=0,"",('Zoopl Analysis'!G31*LN('Zoopl Analysis'!G31))) | H31: =IF('Zoopl Count'!H31=0,"",('Zoopl Analysis'!H31*LN('Zoopl Analysis'!H31))) | I31: =IF('Zoopl Count'!I31=0,"",('Zoopl Analysis'!I31*LN('Zoopl Analysis'!I31))) | J31: =IF('Zoopl Count'!J31=0,"",('Zoopl Analysis'!J31*LN('Zoopl Analysis'!J31))) | K31: =IF('Zoopl Count'!K31=0,"",('Zoopl Analysis'!K31*LN('Zoopl Analysis'!K31))) | L31: =IF('Zoopl Count'!L31=0,"",('Zoopl Analysis'!L31*LN('Zoopl Analysis'!L31))) | M31: =IF('Zoopl Count'!M31=0,"",('Zoopl Analysis'!M31*LN('Zoopl Analysis'!M31))) | N31: =IF('Zoopl Count'!N31=0,"",('Zoopl Analysis'!N31*LN('Zoopl Analysis'!N31))) | ... P31: =IF('Zoopl Count'!P31=0,"",('Zoopl Analysis'!P31*LN('Zoopl Analysis'!P31)))
E32: Genus: | F32: Planularia | G32: =IF('Zoopl Count'!G32=0,"",('Zoopl Analysis'!G32*LN('Zoopl Analysis'!G32))) | H32: =IF('Zoopl Count'!H32=0,"",('Zoopl Analysis'!H32*LN('Zoopl Analysis'!H32))) | I32: =IF('Zoopl Count'!I32=0,"",('Zoopl Analysis'!I32*LN('Zoopl Analysis'!I32))) | J32: =IF('Zoopl Count'!J32=0,"",('Zoopl Analysis'!J32*LN('Zoopl Analysis'!J32))) | K32: =IF('Zoopl Count'!K32=0,"",('Zoopl Analysis'!K32*LN('Zoopl Analysis'!K32))) | L32: =IF('Zoopl Count'!L32=0,"",('Zoopl Analysis'!L32*LN('Zoopl Analysis'!L32))) | M32: =IF('Zoopl Count'!M32=0,"",('Zoopl Analysis'!M32*LN('Zoopl Analysis'!M32))) | N32: =IF('Zoopl Count'!N32=0,"",('Zoopl Analysis'!N32*LN('Zoopl Analysis'!N32))) | ... P32: =IF('Zoopl Count'!P32=0,"",('Zoopl Analysis'!P32*LN('Zoopl Analysis'!P32)))
F33: Lenticulina | G33: =IF('Zoopl Count'!G33=0,"",('Zoopl Analysis'!G33*LN('Zoopl Analysis'!G33))) | H33: =IF('Zoopl Count'!H33=0,"",('Zoopl Analysis'!H33*LN('Zoopl Analysis'!H33))) | I33: =IF('Zoopl Count'!I33=0,"",('Zoopl Analysis'!I33*LN('Zoopl Analysis'!I33))) | J33: =IF('Zoopl Count'!J33=0,"",('Zoopl Analysis'!J33*LN('Zoopl Analysis'!J33))) | K33: =IF('Zoopl Count'!K33=0,"",('Zoopl Analysis'!K33*LN('Zoopl Analysis'!K33))) | L33: =IF('Zoopl Count'!L33=0,"",('Zoopl Analysis'!L33*LN('Zoopl Analysis'!L33))) | M33: =IF('Zoopl Count'!M33=0,"",('Zoopl Analysis'!M33*LN('Zoopl Analysis'!M33))) | N33: =IF('Zoopl Count'!N33=0,"",('Zoopl Analysis'!N33*LN('Zoopl Analysis'!N33))) | ... P33: =IF('Zoopl Count'!P33=0,"",('Zoopl Analysis'!P33*LN('Zoopl Analysis'!P33)))
F34: Vaginulina | G34: =IF('Zoopl Count'!G34=0,"",('Zoopl Analysis'!G34*LN('Zoopl Analysis'!G34))) | H34: =IF('Zoopl Count'!H34=0,"",('Zoopl Analysis'!H34*LN('Zoopl Analysis'!H34))) | I34: =IF('Zoopl Count'!I34=0,"",('Zoopl Analysis'!I34*LN('Zoopl Analysis'!I34))) | J34: =IF('Zoopl Count'!J34=0,"",('Zoopl Analysis'!J34*LN('Zoopl Analysis'!J34))) | K34: =IF('Zoopl Count'!K34=0,"",('Zoopl Analysis'!K34*LN('Zoopl Analysis'!K34))) | L34: =IF('Zoopl Count'!L34=0,"",('Zoopl Analysis'!L34*LN('Zoopl Analysis'!L34))) | M34: =IF('Zoopl Count'!M34=0,"",('Zoopl Analysis'!M34*LN('Zoopl Analysis'!M34))) | N34: =IF('Zoopl Count'!N34=0,"",('Zoopl Analysis'!N34*LN('Zoopl Analysis'!N34))) | ... P34: =IF('Zoopl Count'!P34=0,"",('Zoopl Analysis'!P34*LN('Zoopl Analysis'!P34)))
G35: =IF('Zoopl Count'!G35=0,"",('Zoopl Analysis'!G35*LN('Zoopl Analysis'!G35))) | H35: =IF('Zoopl Count'!H35=0,"",('Zoopl Analysis'!H35*LN('Zoopl Analysis'!H35))) | I35: =IF('Zoopl Count'!I35=0,"",('Zoopl Analysis'!I35*LN('Zoopl Analysis'!I35))) | J35: =IF('Zoopl Count'!J35=0,"",('Zoopl Analysis'!J35*LN('Zoopl Analysis'!J35))) | K35: =IF('Zoopl Count'!K35=0,"",('Zoopl Analysis'!K35*LN('Zoopl Analysis'!K35))) | L35: =IF('Zoopl Count'!L35=0,"",('Zoopl Analysis'!L35*LN('Zoopl Analysis'!L35))) | M35: =IF('Zoopl Count'!M35=0,"",('Zoopl Analysis'!M35*LN('Zoopl Analysis'!M35))) | N35: =IF('Zoopl Count'!N35=0,"",('Zoopl Analysis'!N35*LN('Zoopl Analysis'!N35))) | ... P35: =IF('Zoopl Count'!P35=0,"",('Zoopl Analysis'!P35*LN('Zoopl Analysis'!P35)))
A36: Phylum: | B36: Radiozoa | G36: =IF('Zoopl Count'!G36=0,"",('Zoopl Analysis'!G36*LN('Zoopl Analysis'!G36))) | H36: =IF('Zoopl Count'!H36=0,"",('Zoopl Analysis'!H36*LN('Zoopl Analysis'!H36))) | I36: =IF('Zoopl Count'!I36=0,"",('Zoopl Analysis'!I36*LN('Zoopl Analysis'!I36))) | J36: =IF('Zoopl Count'!J36=0,"",('Zoopl Analysis'!J36*LN('Zoopl Analysis'!J36))) | K36: =IF('Zoopl Count'!K36=0,"",('Zoopl Analysis'!K36*LN('Zoopl Analysis'!K36))) | L36: =IF('Zoopl Count'!L36=0,"",('Zoopl Analysis'!L36*LN('Zoopl Analysis'!L36))) | M36: =IF('Zoopl Count'!M36=0,"",('Zoopl Analysis'!M36*LN('Zoopl Analysis'!M36))) | N36: =IF('Zoopl Count'!N36=0,"",('Zoopl Analysis'!N36*LN('Zoopl Analysis'!N36))) | ... P36: =IF('Zoopl Count'!P36=0,"",('Zoopl Analysis'!P36*LN('Zoopl Analysis'!P36)))
B37: Class: | C37: Acantharia | G37: =IF('Zoopl Count'!G37=0,"",('Zoopl Analysis'!G37*LN('Zoopl Analysis'!G37))) | H37: =IF('Zoopl Count'!H37=0,"",('Zoopl Analysis'!H37*LN('Zoopl Analysis'!H37))) | I37: =IF('Zoopl Count'!I37=0,"",('Zoopl Analysis'!I37*LN('Zoopl Analysis'!I37))) | J37: =IF('Zoopl Count'!J37=0,"",('Zoopl Analysis'!J37*LN('Zoopl Analysis'!J37))) | K37: =IF('Zoopl Count'!K37=0,"",('Zoopl Analysis'!K37*LN('Zoopl Analysis'!K37))) | L37: =IF('Zoopl Count'!L37=0,"",('Zoopl Analysis'!L37*LN('Zoopl Analysis'!L37))) | M37: =IF('Zoopl Count'!M37=0,"",('Zoopl Analysis'!M37*LN('Zoopl Analysis'!M37))) | N37: =IF('Zoopl Count'!N37=0,"",('Zoopl Analysis'!N37*LN('Zoopl Analysis'!N37))) | ... P37: =IF('Zoopl Count'!P37=0,"",('Zoopl Analysis'!P37*LN('Zoopl Analysis'!P37)))
C38: Order: | D38: Arthracanthida | G38: =IF('Zoopl Count'!G38=0,"",('Zoopl Analysis'!G38*LN('Zoopl Analysis'!G38))) | H38: =IF('Zoopl Count'!H38=0,"",('Zoopl Analysis'!H38*LN('Zoopl Analysis'!H38))) | I38: =IF('Zoopl Count'!I38=0,"",('Zoopl Analysis'!I38*LN('Zoopl Analysis'!I38))) | J38: =IF('Zoopl Count'!J38=0,"",('Zoopl Analysis'!J38*LN('Zoopl Analysis'!J38))) | K38: =IF('Zoopl Count'!K38=0,"",('Zoopl Analysis'!K38*LN('Zoopl Analysis'!K38))) | L38: =IF('Zoopl Count'!L38=0,"",('Zoopl Analysis'!L38*LN('Zoopl Analysis'!L38))) | M38: =IF('Zoopl Count'!M38=0,"",('Zoopl Analysis'!M38*LN('Zoopl Analysis'!M38))) | N38: =IF('Zoopl Count'!N38=0,"",('Zoopl Analysis'!N38*LN('Zoopl Analysis'!N38))) | ... P38: =IF('Zoopl Count'!P38=0,"",('Zoopl Analysis'!P38*LN('Zoopl Analysis'!P38)))
D39: Family: | E39: Acanthometridae | G39: =IF('Zoopl Count'!G39=0,"",('Zoopl Analysis'!G39*LN('Zoopl Analysis'!G39))) | H39: =IF('Zoopl Count'!H39=0,"",('Zoopl Analysis'!H39*LN('Zoopl Analysis'!H39))) | I39: =IF('Zoopl Count'!I39=0,"",('Zoopl Analysis'!I39*LN('Zoopl Analysis'!I39))) | J39: =IF('Zoopl Count'!J39=0,"",('Zoopl Analysis'!J39*LN('Zoopl Analysis'!J39))) | K39: =IF('Zoopl Count'!K39=0,"",('Zoopl Analysis'!K39*LN('Zoopl Analysis'!K39))) | L39: =IF('Zoopl Count'!L39=0,"",('Zoopl Analysis'!L39*LN('Zoopl Analysis'!L39))) | M39: =IF('Zoopl Count'!M39=0,"",('Zoopl Analysis'!M39*LN('Zoopl Analysis'!M39))) | N39: =IF('Zoopl Count'!N39=0,"",('Zoopl Analysis'!N39*LN('Zoopl Analysis'!N39))) | ... P39: =IF('Zoopl Count'!P39=0,"",('Zoopl Analysis'!P39*LN('Zoopl Analysis'!P39)))
E40: Genus: | F40: Acanthometron | G40: =IF('Zoopl Count'!G40=0,"",('Zoopl Analysis'!G40*LN('Zoopl Analysis'!G40))) | H40: =IF('Zoopl Count'!H40=0,"",('Zoopl Analysis'!H40*LN('Zoopl Analysis'!H40))) | I40: =IF('Zoopl Count'!I40=0,"",('Zoopl Analysis'!I40*LN('Zoopl Analysis'!I40))) | J40: =IF('Zoopl Count'!J40=0,"",('Zoopl Analysis'!J40*LN('Zoopl Analysis'!J40))) | K40: =IF('Zoopl Count'!K40=0,"",('Zoopl Analysis'!K40*LN('Zoopl Analysis'!K40))) | L40: =IF('Zoopl Count'!L40=0,"",('Zoopl Analysis'!L40*LN('Zoopl Analysis'!L40))) | M40: =IF('Zoopl Count'!M40=0,"",('Zoopl Analysis'!M40*LN('Zoopl Analysis'!M40))) | N40: =IF('Zoopl Count'!N40=0,"",('Zoopl Analysis'!N40*LN('Zoopl Analysis'!N40))) | ... P40: =IF('Zoopl Count'!P40=0,"",('Zoopl Analysis'!P40*LN('Zoopl Analysis'!P40)))
G41: =IF('Zoopl Count'!G41=0,"",('Zoopl Analysis'!G41*LN('Zoopl Analysis'!G41))) | H41: =IF('Zoopl Count'!H41=0,"",('Zoopl Analysis'!H41*LN('Zoopl Analysis'!H41))) | I41: =IF('Zoopl Count'!I41=0,"",('Zoopl Analysis'!I41*LN('Zoopl Analysis'!I41))) | J41: =IF('Zoopl Count'!J41=0,"",('Zoopl Analysis'!J41*LN('Zoopl Analysis'!J41))) | K41: =IF('Zoopl Count'!K41=0,"",('Zoopl Analysis'!K41*LN('Zoopl Analysis'!K41))) | L41: =IF('Zoopl Count'!L41=0,"",('Zoopl Analysis'!L41*LN('Zoopl Analysis'!L41))) | M41: =IF('Zoopl Count'!M41=0,"",('Zoopl Analysis'!M41*LN('Zoopl Analysis'!M41))) | N41: =IF('Zoopl Count'!N41=0,"",('Zoopl Analysis'!N41*LN('Zoopl Analysis'!N41))) | ... P41: =IF('Zoopl Count'!P41=0,"",('Zoopl Analysis'!P41*LN('Zoopl Analysis'!P41)))
G42: =IF('Zoopl Count'!G42=0,"",('Zoopl Analysis'!G42*LN('Zoopl Analysis'!G42))) | H42: =IF('Zoopl Count'!H42=0,"",('Zoopl Analysis'!H42*LN('Zoopl Analysis'!H42))) | I42: =IF('Zoopl Count'!I42=0,"",('Zoopl Analysis'!I42*LN('Zoopl Analysis'!I42))) | J42: =IF('Zoopl Count'!J42=0,"",('Zoopl Analysis'!J42*LN('Zoopl Analysis'!J42))) | K42: =IF('Zoopl Count'!K42=0,"",('Zoopl Analysis'!K42*LN('Zoopl Analysis'!K42))) | L42: =IF('Zoopl Count'!L42=0,"",('Zoopl Analysis'!L42*LN('Zoopl Analysis'!L42))) | M42: =IF('Zoopl Count'!M42=0,"",('Zoopl Analysis'!M42*LN('Zoopl Analysis'!M42))) | N42: =IF('Zoopl Count'!N42=0,"",('Zoopl Analysis'!N42*LN('Zoopl Analysis'!N42))) | ... P42: =IF('Zoopl Count'!P42=0,"",('Zoopl Analysis'!P42*LN('Zoopl Analysis'!P42)))
A43: Phylum: | B43: Ciliophora | G43: =IF('Zoopl Count'!G43=0,"",('Zoopl Analysis'!G43*LN('Zoopl Analysis'!G43))) | H43: =IF('Zoopl Count'!H43=0,"",('Zoopl Analysis'!H43*LN('Zoopl Analysis'!H43))) | I43: =IF('Zoopl Count'!I43=0,"",('Zoopl Analysis'!I43*LN('Zoopl Analysis'!I43))) | J43: =IF('Zoopl Count'!J43=0,"",('Zoopl Analysis'!J43*LN('Zoopl Analysis'!J43))) | K43: =IF('Zoopl Count'!K43=0,"",('Zoopl Analysis'!K43*LN('Zoopl Analysis'!K43))) | L43: =IF('Zoopl Count'!L43=0,"",('Zoopl Analysis'!L43*LN('Zoopl Analysis'!L43))) | M43: =IF('Zoopl Count'!M43=0,"",('Zoopl Analysis'!M43*LN('Zoopl Analysis'!M43))) | N43: =IF('Zoopl Count'!N43=0,"",('Zoopl Analysis'!N43*LN('Zoopl Analysis'!N43))) | ... P43: =IF('Zoopl Count'!P43=0,"",('Zoopl Analysis'!P43*LN('Zoopl Analysis'!P43)))
B44: Class: | C44: Oligotrichea | G44: =IF('Zoopl Count'!G44=0,"",('Zoopl Analysis'!G44*LN('Zoopl Analysis'!G44))) | H44: =IF('Zoopl Count'!H44=0,"",('Zoopl Analysis'!H44*LN('Zoopl Analysis'!H44))) | I44: =IF('Zoopl Count'!I44=0,"",('Zoopl Analysis'!I44*LN('Zoopl Analysis'!I44))) | J44: =IF('Zoopl Count'!J44=0,"",('Zoopl Analysis'!J44*LN('Zoopl Analysis'!J44))) | K44: =IF('Zoopl Count'!K44=0,"",('Zoopl Analysis'!K44*LN('Zoopl Analysis'!K44))) | L44: =IF('Zoopl Count'!L44=0,"",('Zoopl Analysis'!L44*LN('Zoopl Analysis'!L44))) | M44: =IF('Zoopl Count'!M44=0,"",('Zoopl Analysis'!M44*LN('Zoopl Analysis'!M44))) | N44: =IF('Zoopl Count'!N44=0,"",('Zoopl Analysis'!N44*LN('Zoopl Analysis'!N44))) | ... P44: =IF('Zoopl Count'!P44=0,"",('Zoopl Analysis'!P44*LN('Zoopl Analysis'!P44)))
C45: Order: | D45: Choreotrichida | G45: =IF('Zoopl Count'!G45=0,"",('Zoopl Analysis'!G45*LN('Zoopl Analysis'!G45))) | H45: =IF('Zoopl Count'!H45=0,"",('Zoopl Analysis'!H45*LN('Zoopl Analysis'!H45))) | I45: =IF('Zoopl Count'!I45=0,"",('Zoopl Analysis'!I45*LN('Zoopl Analysis'!I45))) | J45: =IF('Zoopl Count'!J45=0,"",('Zoopl Analysis'!J45*LN('Zoopl Analysis'!J45))) | K45: =IF('Zoopl Count'!K45=0,"",('Zoopl Analysis'!K45*LN('Zoopl Analysis'!K45))) | L45: =IF('Zoopl Count'!L45=0,"",('Zoopl Analysis'!L45*LN('Zoopl Analysis'!L45))) | M45: =IF('Zoopl Count'!M45=0,"",('Zoopl Analysis'!M45*LN('Zoopl Analysis'!M45))) | N45: =IF('Zoopl Count'!N45=0,"",('Zoopl Analysis'!N45*LN('Zoopl Analysis'!N45))) | ... P45: =IF('Zoopl Count'!P45=0,"",('Zoopl Analysis'!P45*LN('Zoopl Analysis'!P45)))
D46: Family: | E46: Codonellidae | G46: =IF('Zoopl Count'!G46=0,"",('Zoopl Analysis'!G46*LN('Zoopl Analysis'!G46))) | H46: =IF('Zoopl Count'!H46=0,"",('Zoopl Analysis'!H46*LN('Zoopl Analysis'!H46))) | I46: =IF('Zoopl Count'!I46=0,"",('Zoopl Analysis'!I46*LN('Zoopl Analysis'!I46))) | J46: =IF('Zoopl Count'!J46=0,"",('Zoopl Analysis'!J46*LN('Zoopl Analysis'!J46))) | K46: =IF('Zoopl Count'!K46=0,"",('Zoopl Analysis'!K46*LN('Zoopl Analysis'!K46))) | L46: =IF('Zoopl Count'!L46=0,"",('Zoopl Analysis'!L46*LN('Zoopl Analysis'!L46))) | M46: =IF('Zoopl Count'!M46=0,"",('Zoopl Analysis'!M46*LN('Zoopl Analysis'!M46))) | N46: =IF('Zoopl Count'!N46=0,"",('Zoopl Analysis'!N46*LN('Zoopl Analysis'!N46))) | ... P46: =IF('Zoopl Count'!P46=0,"",('Zoopl Analysis'!P46*LN('Zoopl Analysis'!P46)))
E47: Genus: | F47: Tintinnopsis | G47: =IF('Zoopl Count'!G47=0,"",('Zoopl Analysis'!G47*LN('Zoopl Analysis'!G47))) | H47: =IF('Zoopl Count'!H47=0,"",('Zoopl Analysis'!H47*LN('Zoopl Analysis'!H47))) | I47: =IF('Zoopl Count'!I47=0,"",('Zoopl Analysis'!I47*LN('Zoopl Analysis'!I47))) | J47: =IF('Zoopl Count'!J47=0,"",('Zoopl Analysis'!J47*LN('Zoopl Analysis'!J47))) | K47: =IF('Zoopl Count'!K47=0,"",('Zoopl Analysis'!K47*LN('Zoopl Analysis'!K47))) | L47: =IF('Zoopl Count'!L47=0,"",('Zoopl Analysis'!L47*LN('Zoopl Analysis'!L47))) | M47: =IF('Zoopl Count'!M47=0,"",('Zoopl Analysis'!M47*LN('Zoopl Analysis'!M47))) | N47: =IF('Zoopl Count'!N47=0,"",('Zoopl Analysis'!N47*LN('Zoopl Analysis'!N47))) | ... P47: =IF('Zoopl Count'!P47=0,"",('Zoopl Analysis'!P47*LN('Zoopl Analysis'!P47)))
F48: Codonella | G48: =IF('Zoopl Count'!G48=0,"",('Zoopl Analysis'!G48*LN('Zoopl Analysis'!G48))) | H48: =IF('Zoopl Count'!H48=0,"",('Zoopl Analysis'!H48*LN('Zoopl Analysis'!H48))) | I48: =IF('Zoopl Count'!I48=0,"",('Zoopl Analysis'!I48*LN('Zoopl Analysis'!I48))) | J48: =IF('Zoopl Count'!J48=0,"",('Zoopl Analysis'!J48*LN('Zoopl Analysis'!J48))) | K48: =IF('Zoopl Count'!K48=0,"",('Zoopl Analysis'!K48*LN('Zoopl Analysis'!K48))) | L48: =IF('Zoopl Count'!L48=0,"",('Zoopl Analysis'!L48*LN('Zoopl Analysis'!L48))) | M48: =IF('Zoopl Count'!M48=0,"",('Zoopl Analysis'!M48*LN('Zoopl Analysis'!M48))) | N48: =IF('Zoopl Count'!N48=0,"",('Zoopl Analysis'!N48*LN('Zoopl Analysis'!N48))) | ... P48: =IF('Zoopl Count'!P48=0,"",('Zoopl Analysis'!P48*LN('Zoopl Analysis'!P48)))
D49: Family: | E49: Codonellopsidae | G49: =IF('Zoopl Count'!G49=0,"",('Zoopl Analysis'!G49*LN('Zoopl Analysis'!G49))) | H49: =IF('Zoopl Count'!H49=0,"",('Zoopl Analysis'!H49*LN('Zoopl Analysis'!H49))) | I49: =IF('Zoopl Count'!I49=0,"",('Zoopl Analysis'!I49*LN('Zoopl Analysis'!I49))) | J49: =IF('Zoopl Count'!J49=0,"",('Zoopl Analysis'!J49*LN('Zoopl Analysis'!J49))) | K49: =IF('Zoopl Count'!K49=0,"",('Zoopl Analysis'!K49*LN('Zoopl Analysis'!K49))) | L49: =IF('Zoopl Count'!L49=0,"",('Zoopl Analysis'!L49*LN('Zoopl Analysis'!L49))) | M49: =IF('Zoopl Count'!M49=0,"",('Zoopl Analysis'!M49*LN('Zoopl Analysis'!M49))) | N49: =IF('Zoopl Count'!N49=0,"",('Zoopl Analysis'!N49*LN('Zoopl Analysis'!N49))) | ... P49: =IF('Zoopl Count'!P49=0,"",('Zoopl Analysis'!P49*LN('Zoopl Analysis'!P49)))
E50: Genus: | F50: Codonellopsis | G50: =IF('Zoopl Count'!G50=0,"",('Zoopl Analysis'!G50*LN('Zoopl Analysis'!G50))) | H50: =IF('Zoopl Count'!H50=0,"",('Zoopl Analysis'!H50*LN('Zoopl Analysis'!H50))) | I50: =IF('Zoopl Count'!I50=0,"",('Zoopl Analysis'!I50*LN('Zoopl Analysis'!I50))) | J50: =IF('Zoopl Count'!J50=0,"",('Zoopl Analysis'!J50*LN('Zoopl Analysis'!J50))) | K50: =IF('Zoopl Count'!K50=0,"",('Zoopl Analysis'!K50*LN('Zoopl Analysis'!K50))) | L50: =IF('Zoopl Count'!L50=0,"",('Zoopl Analysis'!L50*LN('Zoopl Analysis'!L50))) | M50: =IF('Zoopl Count'!M50=0,"",('Zoopl Analysis'!M50*LN('Zoopl Analysis'!M50))) | N50: =IF('Zoopl Count'!N50=0,"",('Zoopl Analysis'!N50*LN('Zoopl Analysis'!N50))) | ... P50: =IF('Zoopl Count'!P50=0,"",('Zoopl Analysis'!P50*LN('Zoopl Analysis'!P50)))
F51: Stenosemella | G51: =IF('Zoopl Count'!G51=0,"",('Zoopl Analysis'!G51*LN('Zoopl Analysis'!G51))) | H51: =IF('Zoopl Count'!H51=0,"",('Zoopl Analysis'!H51*LN('Zoopl Analysis'!H51))) | I51: =IF('Zoopl Count'!I51=0,"",('Zoopl Analysis'!I51*LN('Zoopl Analysis'!I51))) | J51: =IF('Zoopl Count'!J51=0,"",('Zoopl Analysis'!J51*LN('Zoopl Analysis'!J51))) | K51: =IF('Zoopl Count'!K51=0,"",('Zoopl Analysis'!K51*LN('Zoopl Analysis'!K51))) | L51: =IF('Zoopl Count'!L51=0,"",('Zoopl Analysis'!L51*LN('Zoopl Analysis'!L51))) | M51: =IF('Zoopl Count'!M51=0,"",('Zoopl Analysis'!M51*LN('Zoopl Analysis'!M51))) | N51: =IF('Zoopl Count'!N51=0,"",('Zoopl Analysis'!N51*LN('Zoopl Analysis'!N51))) | ... P51: =IF('Zoopl Count'!P51=0,"",('Zoopl Analysis'!P51*LN('Zoopl Analysis'!P51)))
D52: Family: | E52: Distyocystidae | G52: =IF('Zoopl Count'!G52=0,"",('Zoopl Analysis'!G52*LN('Zoopl Analysis'!G52))) | H52: =IF('Zoopl Count'!H52=0,"",('Zoopl Analysis'!H52*LN('Zoopl Analysis'!H52))) | I52: =IF('Zoopl Count'!I52=0,"",('Zoopl Analysis'!I52*LN('Zoopl Analysis'!I52))) | J52: =IF('Zoopl Count'!J52=0,"",('Zoopl Analysis'!J52*LN('Zoopl Analysis'!J52))) | K52: =IF('Zoopl Count'!K52=0,"",('Zoopl Analysis'!K52*LN('Zoopl Analysis'!K52))) | L52: =IF('Zoopl Count'!L52=0,"",('Zoopl Analysis'!L52*LN('Zoopl Analysis'!L52))) | M52: =IF('Zoopl Count'!M52=0,"",('Zoopl Analysis'!M52*LN('Zoopl Analysis'!M52))) | N52: =IF('Zoopl Count'!N52=0,"",('Zoopl Analysis'!N52*LN('Zoopl Analysis'!N52))) | ... P52: =IF('Zoopl Count'!P52=0,"",('Zoopl Analysis'!P52*LN('Zoopl Analysis'!P52)))
E53: Genus: | F53: Distyocysta | G53: =IF('Zoopl Count'!G53=0,"",('Zoopl Analysis'!G53*LN('Zoopl Analysis'!G53))) | H53: =IF('Zoopl Count'!H53=0,"",('Zoopl Analysis'!H53*LN('Zoopl Analysis'!H53))) | I53: =IF('Zoopl Count'!I53=0,"",('Zoopl Analysis'!I53*LN('Zoopl Analysis'!I53))) | J53: =IF('Zoopl Count'!J53=0,"",('Zoopl Analysis'!J53*LN('Zoopl Analysis'!J53))) | K53: =IF('Zoopl Count'!K53=0,"",('Zoopl Analysis'!K53*LN('Zoopl Analysis'!K53))) | L53: =IF('Zoopl Count'!L53=0,"",('Zoopl Analysis'!L53*LN('Zoopl Analysis'!L53))) | M53: =IF('Zoopl Count'!M53=0,"",('Zoopl Analysis'!M53*LN('Zoopl Analysis'!M53))) | N53: =IF('Zoopl Count'!N53=0,"",('Zoopl Analysis'!N53*LN('Zoopl Analysis'!N53))) | ... P53: =IF('Zoopl Count'!P53=0,"",('Zoopl Analysis'!P53*LN('Zoopl Analysis'!P53)))
D54: Family: | E54: Epiplocylididae | G54: =IF('Zoopl Count'!G54=0,"",('Zoopl Analysis'!G54*LN('Zoopl Analysis'!G54))) | H54: =IF('Zoopl Count'!H54=0,"",('Zoopl Analysis'!H54*LN('Zoopl Analysis'!H54))) | I54: =IF('Zoopl Count'!I54=0,"",('Zoopl Analysis'!I54*LN('Zoopl Analysis'!I54))) | J54: =IF('Zoopl Count'!J54=0,"",('Zoopl Analysis'!J54*LN('Zoopl Analysis'!J54))) | K54: =IF('Zoopl Count'!K54=0,"",('Zoopl Analysis'!K54*LN('Zoopl Analysis'!K54))) | L54: =IF('Zoopl Count'!L54=0,"",('Zoopl Analysis'!L54*LN('Zoopl Analysis'!L54))) | M54: =IF('Zoopl Count'!M54=0,"",('Zoopl Analysis'!M54*LN('Zoopl Analysis'!M54))) | N54: =IF('Zoopl Count'!N54=0,"",('Zoopl Analysis'!N54*LN('Zoopl Analysis'!N54))) | ... P54: =IF('Zoopl Count'!P54=0,"",('Zoopl Analysis'!P54*LN('Zoopl Analysis'!P54)))
E55: Genus: | F55: Epiplocylis | G55: =IF('Zoopl Count'!G55=0,"",('Zoopl Analysis'!G55*LN('Zoopl Analysis'!G55))) | H55: =IF('Zoopl Count'!H55=0,"",('Zoopl Analysis'!H55*LN('Zoopl Analysis'!H55))) | I55: =IF('Zoopl Count'!I55=0,"",('Zoopl Analysis'!I55*LN('Zoopl Analysis'!I55))) | J55: =IF('Zoopl Count'!J55=0,"",('Zoopl Analysis'!J55*LN('Zoopl Analysis'!J55))) | K55: =IF('Zoopl Count'!K55=0,"",('Zoopl Analysis'!K55*LN('Zoopl Analysis'!K55))) | L55: =IF('Zoopl Count'!L55=0,"",('Zoopl Analysis'!L55*LN('Zoopl Analysis'!L55))) | M55: =IF('Zoopl Count'!M55=0,"",('Zoopl Analysis'!M55*LN('Zoopl Analysis'!M55))) | N55: =IF('Zoopl Count'!N55=0,"",('Zoopl Analysis'!N55*LN('Zoopl Analysis'!N55))) | ... P55: =IF('Zoopl Count'!P55=0,"",('Zoopl Analysis'!P55*LN('Zoopl Analysis'!P55)))
D56: Family: | E56: Eutintinnidae | G56: =IF('Zoopl Count'!G56=0,"",('Zoopl Analysis'!G56*LN('Zoopl Analysis'!G56))) | H56: =IF('Zoopl Count'!H56=0,"",('Zoopl Analysis'!H56*LN('Zoopl Analysis'!H56))) | I56: =IF('Zoopl Count'!I56=0,"",('Zoopl Analysis'!I56*LN('Zoopl Analysis'!I56))) | J56: =IF('Zoopl Count'!J56=0,"",('Zoopl Analysis'!J56*LN('Zoopl Analysis'!J56))) | K56: =IF('Zoopl Count'!K56=0,"",('Zoopl Analysis'!K56*LN('Zoopl Analysis'!K56))) | L56: =IF('Zoopl Count'!L56=0,"",('Zoopl Analysis'!L56*LN('Zoopl Analysis'!L56))) | M56: =IF('Zoopl Count'!M56=0,"",('Zoopl Analysis'!M56*LN('Zoopl Analysis'!M56))) | N56: =IF('Zoopl Count'!N56=0,"",('Zoopl Analysis'!N56*LN('Zoopl Analysis'!N56))) | ... P56: =IF('Zoopl Count'!P56=0,"",('Zoopl Analysis'!P56*LN('Zoopl Analysis'!P56)))
E57: Genus: | F57: Eutintinnus | G57: =IF('Zoopl Count'!G57=0,"",('Zoopl Analysis'!G57*LN('Zoopl Analysis'!G57))) | H57: =IF('Zoopl Count'!H57=0,"",('Zoopl Analysis'!H57*LN('Zoopl Analysis'!H57))) | I57: =IF('Zoopl Count'!I57=0,"",('Zoopl Analysis'!I57*LN('Zoopl Analysis'!I57))) | J57: =IF('Zoopl Count'!J57=0,"",('Zoopl Analysis'!J57*LN('Zoopl Analysis'!J57))) | K57: =IF('Zoopl Count'!K57=0,"",('Zoopl Analysis'!K57*LN('Zoopl Analysis'!K57))) | L57: =IF('Zoopl Count'!L57=0,"",('Zoopl Analysis'!L57*LN('Zoopl Analysis'!L57))) | M57: =IF('Zoopl Count'!M57=0,"",('Zoopl Analysis'!M57*LN('Zoopl Analysis'!M57))) | N57: =IF('Zoopl Count'!N57=0,"",('Zoopl Analysis'!N57*LN('Zoopl Analysis'!N57))) | ... P57: =IF('Zoopl Count'!P57=0,"",('Zoopl Analysis'!P57*LN('Zoopl Analysis'!P57)))
D58: Family: | E58: Metacylididae | G58: =IF('Zoopl Count'!G58=0,"",('Zoopl Analysis'!G58*LN('Zoopl Analysis'!G58))) | H58: =IF('Zoopl Count'!H58=0,"",('Zoopl Analysis'!H58*LN('Zoopl Analysis'!H58))) | I58: =IF('Zoopl Count'!I58=0,"",('Zoopl Analysis'!I58*LN('Zoopl Analysis'!I58))) | J58: =IF('Zoopl Count'!J58=0,"",('Zoopl Analysis'!J58*LN('Zoopl Analysis'!J58))) | K58: =IF('Zoopl Count'!K58=0,"",('Zoopl Analysis'!K58*LN('Zoopl Analysis'!K58))) | L58: =IF('Zoopl Count'!L58=0,"",('Zoopl Analysis'!L58*LN('Zoopl Analysis'!L58))) | M58: =IF('Zoopl Count'!M58=0,"",('Zoopl Analysis'!M58*LN('Zoopl Analysis'!M58))) | N58: =IF('Zoopl Count'!N58=0,"",('Zoopl Analysis'!N58*LN('Zoopl Analysis'!N58))) | ... P58: =IF('Zoopl Count'!P58=0,"",('Zoopl Analysis'!P58*LN('Zoopl Analysis'!P58)))
E59: Genus: | F59: Metacylis | G59: =IF('Zoopl Count'!G59=0,"",('Zoopl Analysis'!G59*LN('Zoopl Analysis'!G59))) | H59: =IF('Zoopl Count'!H59=0,"",('Zoopl Analysis'!H59*LN('Zoopl Analysis'!H59))) | I59: =IF('Zoopl Count'!I59=0,"",('Zoopl Analysis'!I59*LN('Zoopl Analysis'!I59))) | J59: =IF('Zoopl Count'!J59=0,"",('Zoopl Analysis'!J59*LN('Zoopl Analysis'!J59))) | K59: =IF('Zoopl Count'!K59=0,"",('Zoopl Analysis'!K59*LN('Zoopl Analysis'!K59))) | L59: =IF('Zoopl Count'!L59=0,"",('Zoopl Analysis'!L59*LN('Zoopl Analysis'!L59))) | M59: =IF('Zoopl Count'!M59=0,"",('Zoopl Analysis'!M59*LN('Zoopl Analysis'!M59))) | N59: =IF('Zoopl Count'!N59=0,"",('Zoopl Analysis'!N59*LN('Zoopl Analysis'!N59))) | ... P59: =IF('Zoopl Count'!P59=0,"",('Zoopl Analysis'!P59*LN('Zoopl Analysis'!P59)))
F60: Helicostomella | G60: =IF('Zoopl Count'!G60=0,"",('Zoopl Analysis'!G60*LN('Zoopl Analysis'!G60))) | H60: =IF('Zoopl Count'!H60=0,"",('Zoopl Analysis'!H60*LN('Zoopl Analysis'!H60))) | I60: =IF('Zoopl Count'!I60=0,"",('Zoopl Analysis'!I60*LN('Zoopl Analysis'!I60))) | J60: =IF('Zoopl Count'!J60=0,"",('Zoopl Analysis'!J60*LN('Zoopl Analysis'!J60))) | K60: =IF('Zoopl Count'!K60=0,"",('Zoopl Analysis'!K60*LN('Zoopl Analysis'!K60))) | L60: =IF('Zoopl Count'!L60=0,"",('Zoopl Analysis'!L60*LN('Zoopl Analysis'!L60))) | M60: =IF('Zoopl Count'!M60=0,"",('Zoopl Analysis'!M60*LN('Zoopl Analysis'!M60))) | N60: =IF('Zoopl Count'!N60=0,"",('Zoopl Analysis'!N60*LN('Zoopl Analysis'!N60))) | ... P60: =IF('Zoopl Count'!P60=0,"",('Zoopl Analysis'!P60*LN('Zoopl Analysis'!P60)))
D61: Family: | E61: Ptychocylidae | G61: =IF('Zoopl Count'!G61=0,"",('Zoopl Analysis'!G61*LN('Zoopl Analysis'!G61))) | H61: =IF('Zoopl Count'!H61=0,"",('Zoopl Analysis'!H61*LN('Zoopl Analysis'!H61))) | I61: =IF('Zoopl Count'!I61=0,"",('Zoopl Analysis'!I61*LN('Zoopl Analysis'!I61))) | J61: =IF('Zoopl Count'!J61=0,"",('Zoopl Analysis'!J61*LN('Zoopl Analysis'!J61))) | K61: =IF('Zoopl Count'!K61=0,"",('Zoopl Analysis'!K61*LN('Zoopl Analysis'!K61))) | L61: =IF('Zoopl Count'!L61=0,"",('Zoopl Analysis'!L61*LN('Zoopl Analysis'!L61))) | M61: =IF('Zoopl Count'!M61=0,"",('Zoopl Analysis'!M61*LN('Zoopl Analysis'!M61))) | N61: =IF('Zoopl Count'!N61=0,"",('Zoopl Analysis'!N61*LN('Zoopl Analysis'!N61))) | ... P61: =IF('Zoopl Count'!P61=0,"",('Zoopl Analysis'!P61*LN('Zoopl Analysis'!P61)))
E62: Genus: | F62: Favella | G62: =IF('Zoopl Count'!G62=0,"",('Zoopl Analysis'!G62*LN('Zoopl Analysis'!G62))) | H62: =IF('Zoopl Count'!H62=0,"",('Zoopl Analysis'!H62*LN('Zoopl Analysis'!H62))) | I62: =IF('Zoopl Count'!I62=0,"",('Zoopl Analysis'!I62*LN('Zoopl Analysis'!I62))) | J62: =IF('Zoopl Count'!J62=0,"",('Zoopl Analysis'!J62*LN('Zoopl Analysis'!J62))) | K62: =IF('Zoopl Count'!K62=0,"",('Zoopl Analysis'!K62*LN('Zoopl Analysis'!K62))) | L62: =IF('Zoopl Count'!L62=0,"",('Zoopl Analysis'!L62*LN('Zoopl Analysis'!L62))) | M62: =IF('Zoopl Count'!M62=0,"",('Zoopl Analysis'!M62*LN('Zoopl Analysis'!M62))) | N62: =IF('Zoopl Count'!N62=0,"",('Zoopl Analysis'!N62*LN('Zoopl Analysis'!N62))) | ... P62: =IF('Zoopl Count'!P62=0,"",('Zoopl Analysis'!P62*LN('Zoopl Analysis'!P62)))
D63: Family: | E63: Rhabdonellidae | G63: =IF('Zoopl Count'!G63=0,"",('Zoopl Analysis'!G63*LN('Zoopl Analysis'!G63))) | H63: =IF('Zoopl Count'!H63=0,"",('Zoopl Analysis'!H63*LN('Zoopl Analysis'!H63))) | I63: =IF('Zoopl Count'!I63=0,"",('Zoopl Analysis'!I63*LN('Zoopl Analysis'!I63))) | J63: =IF('Zoopl Count'!J63=0,"",('Zoopl Analysis'!J63*LN('Zoopl Analysis'!J63))) | K63: =IF('Zoopl Count'!K63=0,"",('Zoopl Analysis'!K63*LN('Zoopl Analysis'!K63))) | L63: =IF('Zoopl Count'!L63=0,"",('Zoopl Analysis'!L63*LN('Zoopl Analysis'!L63))) | M63: =IF('Zoopl Count'!M63=0,"",('Zoopl Analysis'!M63*LN('Zoopl Analysis'!M63))) | N63: =IF('Zoopl Count'!N63=0,"",('Zoopl Analysis'!N63*LN('Zoopl Analysis'!N63))) | ... P63: =IF('Zoopl Count'!P63=0,"",('Zoopl Analysis'!P63*LN('Zoopl Analysis'!P63)))
E64: Genus: | F64: Rhabdonella | G64: =IF('Zoopl Count'!G64=0,"",('Zoopl Analysis'!G64*LN('Zoopl Analysis'!G64))) | H64: =IF('Zoopl Count'!H64=0,"",('Zoopl Analysis'!H64*LN('Zoopl Analysis'!H64))) | I64: =IF('Zoopl Count'!I64=0,"",('Zoopl Analysis'!I64*LN('Zoopl Analysis'!I64))) | J64: =IF('Zoopl Count'!J64=0,"",('Zoopl Analysis'!J64*LN('Zoopl Analysis'!J64))) | K64: =IF('Zoopl Count'!K64=0,"",('Zoopl Analysis'!K64*LN('Zoopl Analysis'!K64))) | L64: =IF('Zoopl Count'!L64=0,"",('Zoopl Analysis'!L64*LN('Zoopl Analysis'!L64))) | M64: =IF('Zoopl Count'!M64=0,"",('Zoopl Analysis'!M64*LN('Zoopl Analysis'!M64))) | N64: =IF('Zoopl Count'!N64=0,"",('Zoopl Analysis'!N64*LN('Zoopl Analysis'!N64))) | ... P64: =IF('Zoopl Count'!P64=0,"",('Zoopl Analysis'!P64*LN('Zoopl Analysis'!P64)))
D65: Family: | E65: Tintinnidae | G65: =IF('Zoopl Count'!G65=0,"",('Zoopl Analysis'!G65*LN('Zoopl Analysis'!G65))) | H65: =IF('Zoopl Count'!H65=0,"",('Zoopl Analysis'!H65*LN('Zoopl Analysis'!H65))) | I65: =IF('Zoopl Count'!I65=0,"",('Zoopl Analysis'!I65*LN('Zoopl Analysis'!I65))) | J65: =IF('Zoopl Count'!J65=0,"",('Zoopl Analysis'!J65*LN('Zoopl Analysis'!J65))) | K65: =IF('Zoopl Count'!K65=0,"",('Zoopl Analysis'!K65*LN('Zoopl Analysis'!K65))) | L65: =IF('Zoopl Count'!L65=0,"",('Zoopl Analysis'!L65*LN('Zoopl Analysis'!L65))) | M65: =IF('Zoopl Count'!M65=0,"",('Zoopl Analysis'!M65*LN('Zoopl Analysis'!M65))) | N65: =IF('Zoopl Count'!N65=0,"",('Zoopl Analysis'!N65*LN('Zoopl Analysis'!N65))) | ... P65: =IF('Zoopl Count'!P65=0,"",('Zoopl Analysis'!P65*LN('Zoopl Analysis'!P65)))
E66: Genus: | F66: Salpingella | G66: =IF('Zoopl Count'!G66=0,"",('Zoopl Analysis'!G66*LN('Zoopl Analysis'!G66))) | H66: =IF('Zoopl Count'!H66=0,"",('Zoopl Analysis'!H66*LN('Zoopl Analysis'!H66))) | I66: =IF('Zoopl Count'!I66=0,"",('Zoopl Analysis'!I66*LN('Zoopl Analysis'!I66))) | J66: =IF('Zoopl Count'!J66=0,"",('Zoopl Analysis'!J66*LN('Zoopl Analysis'!J66))) | K66: =IF('Zoopl Count'!K66=0,"",('Zoopl Analysis'!K66*LN('Zoopl Analysis'!K66))) | L66: =IF('Zoopl Count'!L66=0,"",('Zoopl Analysis'!L66*LN('Zoopl Analysis'!L66))) | M66: =IF('Zoopl Count'!M66=0,"",('Zoopl Analysis'!M66*LN('Zoopl Analysis'!M66))) | N66: =IF('Zoopl Count'!N66=0,"",('Zoopl Analysis'!N66*LN('Zoopl Analysis'!N66))) | ... P66: =IF('Zoopl Count'!P66=0,"",('Zoopl Analysis'!P66*LN('Zoopl Analysis'!P66)))
D67: Family: | E67: Undellididae | G67: =IF('Zoopl Count'!G67=0,"",('Zoopl Analysis'!G67*LN('Zoopl Analysis'!G67))) | H67: =IF('Zoopl Count'!H67=0,"",('Zoopl Analysis'!H67*LN('Zoopl Analysis'!H67))) | I67: =IF('Zoopl Count'!I67=0,"",('Zoopl Analysis'!I67*LN('Zoopl Analysis'!I67))) | J67: =IF('Zoopl Count'!J67=0,"",('Zoopl Analysis'!J67*LN('Zoopl Analysis'!J67))) | K67: =IF('Zoopl Count'!K67=0,"",('Zoopl Analysis'!K67*LN('Zoopl Analysis'!K67))) | L67: =IF('Zoopl Count'!L67=0,"",('Zoopl Analysis'!L67*LN('Zoopl Analysis'!L67))) | M67: =IF('Zoopl Count'!M67=0,"",('Zoopl Analysis'!M67*LN('Zoopl Analysis'!M67))) | N67: =IF('Zoopl Count'!N67=0,"",('Zoopl Analysis'!N67*LN('Zoopl Analysis'!N67))) | ... P67: =IF('Zoopl Count'!P67=0,"",('Zoopl Analysis'!P67*LN('Zoopl Analysis'!P67)))
E68: Genus: | F68: Undella | G68: =IF('Zoopl Count'!G68=0,"",('Zoopl Analysis'!G68*LN('Zoopl Analysis'!G68))) | H68: =IF('Zoopl Count'!H68=0,"",('Zoopl Analysis'!H68*LN('Zoopl Analysis'!H68))) | I68: =IF('Zoopl Count'!I68=0,"",('Zoopl Analysis'!I68*LN('Zoopl Analysis'!I68))) | J68: =IF('Zoopl Count'!J68=0,"",('Zoopl Analysis'!J68*LN('Zoopl Analysis'!J68))) | K68: =IF('Zoopl Count'!K68=0,"",('Zoopl Analysis'!K68*LN('Zoopl Analysis'!K68))) | L68: =IF('Zoopl Count'!L68=0,"",('Zoopl Analysis'!L68*LN('Zoopl Analysis'!L68))) | M68: =IF('Zoopl Count'!M68=0,"",('Zoopl Analysis'!M68*LN('Zoopl Analysis'!M68))) | N68: =IF('Zoopl Count'!N68=0,"",('Zoopl Analysis'!N68*LN('Zoopl Analysis'!N68))) | ... P68: =IF('Zoopl Count'!P68=0,"",('Zoopl Analysis'!P68*LN('Zoopl Analysis'!P68)))
F69: Proplectella | G69: =IF('Zoopl Count'!G69=0,"",('Zoopl Analysis'!G69*LN('Zoopl Analysis'!G69))) | H69: =IF('Zoopl Count'!H69=0,"",('Zoopl Analysis'!H69*LN('Zoopl Analysis'!H69))) | I69: =IF('Zoopl Count'!I69=0,"",('Zoopl Analysis'!I69*LN('Zoopl Analysis'!I69))) | J69: =IF('Zoopl Count'!J69=0,"",('Zoopl Analysis'!J69*LN('Zoopl Analysis'!J69))) | K69: =IF('Zoopl Count'!K69=0,"",('Zoopl Analysis'!K69*LN('Zoopl Analysis'!K69))) | L69: =IF('Zoopl Count'!L69=0,"",('Zoopl Analysis'!L69*LN('Zoopl Analysis'!L69))) | M69: =IF('Zoopl Count'!M69=0,"",('Zoopl Analysis'!M69*LN('Zoopl Analysis'!M69))) | N69: =IF('Zoopl Count'!N69=0,"",('Zoopl Analysis'!N69*LN('Zoopl Analysis'!N69))) | ... P69: =IF('Zoopl Count'!P69=0,"",('Zoopl Analysis'!P69*LN('Zoopl Analysis'!P69)))
G70: =IF('Zoopl Count'!G70=0,"",('Zoopl Analysis'!G70*LN('Zoopl Analysis'!G70))) | H70: =IF('Zoopl Count'!H70=0,"",('Zoopl Analysis'!H70*LN('Zoopl Analysis'!H70))) | I70: =IF('Zoopl Count'!I70=0,"",('Zoopl Analysis'!I70*LN('Zoopl Analysis'!I70))) | J70: =IF('Zoopl Count'!J70=0,"",('Zoopl Analysis'!J70*LN('Zoopl Analysis'!J70))) | K70: =IF('Zoopl Count'!K70=0,"",('Zoopl Analysis'!K70*LN('Zoopl Analysis'!K70))) | L70: =IF('Zoopl Count'!L70=0,"",('Zoopl Analysis'!L70*LN('Zoopl Analysis'!L70))) | M70: =IF('Zoopl Count'!M70=0,"",('Zoopl Analysis'!M70*LN('Zoopl Analysis'!M70))) | N70: =IF('Zoopl Count'!N70=0,"",('Zoopl Analysis'!N70*LN('Zoopl Analysis'!N70))) | ... P70: =IF('Zoopl Count'!P70=0,"",('Zoopl Analysis'!P70*LN('Zoopl Analysis'!P70)))
A71: Phylum: | B71: Cnidaria | G71: =IF('Zoopl Count'!G71=0,"",('Zoopl Analysis'!G71*LN('Zoopl Analysis'!G71))) | H71: =IF('Zoopl Count'!H71=0,"",('Zoopl Analysis'!H71*LN('Zoopl Analysis'!H71))) | I71: =IF('Zoopl Count'!I71=0,"",('Zoopl Analysis'!I71*LN('Zoopl Analysis'!I71))) | J71: =IF('Zoopl Count'!J71=0,"",('Zoopl Analysis'!J71*LN('Zoopl Analysis'!J71))) | K71: =IF('Zoopl Count'!K71=0,"",('Zoopl Analysis'!K71*LN('Zoopl Analysis'!K71))) | L71: =IF('Zoopl Count'!L71=0,"",('Zoopl Analysis'!L71*LN('Zoopl Analysis'!L71))) | M71: =IF('Zoopl Count'!M71=0,"",('Zoopl Analysis'!M71*LN('Zoopl Analysis'!M71))) | N71: =IF('Zoopl Count'!N71=0,"",('Zoopl Analysis'!N71*LN('Zoopl Analysis'!N71))) | ... P71: =IF('Zoopl Count'!P71=0,"",('Zoopl Analysis'!P71*LN('Zoopl Analysis'!P71)))
F72: Anthozoa larvae | G72: =IF('Zoopl Count'!G72=0,"",('Zoopl Analysis'!G72*LN('Zoopl Analysis'!G72))) | H72: =IF('Zoopl Count'!H72=0,"",('Zoopl Analysis'!H72*LN('Zoopl Analysis'!H72))) | I72: =IF('Zoopl Count'!I72=0,"",('Zoopl Analysis'!I72*LN('Zoopl Analysis'!I72))) | J72: =IF('Zoopl Count'!J72=0,"",('Zoopl Analysis'!J72*LN('Zoopl Analysis'!J72))) | K72: =IF('Zoopl Count'!K72=0,"",('Zoopl Analysis'!K72*LN('Zoopl Analysis'!K72))) | L72: =IF('Zoopl Count'!L72=0,"",('Zoopl Analysis'!L72*LN('Zoopl Analysis'!L72))) | M72: =IF('Zoopl Count'!M72=0,"",('Zoopl Analysis'!M72*LN('Zoopl Analysis'!M72))) | N72: =IF('Zoopl Count'!N72=0,"",('Zoopl Analysis'!N72*LN('Zoopl Analysis'!N72))) | ... P72: =IF('Zoopl Count'!P72=0,"",('Zoopl Analysis'!P72*LN('Zoopl Analysis'!P72)))
F73: Planulae larvae | G73: =IF('Zoopl Count'!G73=0,"",('Zoopl Analysis'!G73*LN('Zoopl Analysis'!G73))) | H73: =IF('Zoopl Count'!H73=0,"",('Zoopl Analysis'!H73*LN('Zoopl Analysis'!H73))) | I73: =IF('Zoopl Count'!I73=0,"",('Zoopl Analysis'!I73*LN('Zoopl Analysis'!I73))) | J73: =IF('Zoopl Count'!J73=0,"",('Zoopl Analysis'!J73*LN('Zoopl Analysis'!J73))) | K73: =IF('Zoopl Count'!K73=0,"",('Zoopl Analysis'!K73*LN('Zoopl Analysis'!K73))) | L73: =IF('Zoopl Count'!L73=0,"",('Zoopl Analysis'!L73*LN('Zoopl Analysis'!L73))) | M73: =IF('Zoopl Count'!M73=0,"",('Zoopl Analysis'!M73*LN('Zoopl Analysis'!M73))) | N73: =IF('Zoopl Count'!N73=0,"",('Zoopl Analysis'!N73*LN('Zoopl Analysis'!N73))) | ... P73: =IF('Zoopl Count'!P73=0,"",('Zoopl Analysis'!P73*LN('Zoopl Analysis'!P73)))
B74: Class: | C74: Hydrozoa | G74: =IF('Zoopl Count'!G74=0,"",('Zoopl Analysis'!G74*LN('Zoopl Analysis'!G74))) | H74: =IF('Zoopl Count'!H74=0,"",('Zoopl Analysis'!H74*LN('Zoopl Analysis'!H74))) | I74: =IF('Zoopl Count'!I74=0,"",('Zoopl Analysis'!I74*LN('Zoopl Analysis'!I74))) | J74: =IF('Zoopl Count'!J74=0,"",('Zoopl Analysis'!J74*LN('Zoopl Analysis'!J74))) | K74: =IF('Zoopl Count'!K74=0,"",('Zoopl Analysis'!K74*LN('Zoopl Analysis'!K74))) | L74: =IF('Zoopl Count'!L74=0,"",('Zoopl Analysis'!L74*LN('Zoopl Analysis'!L74))) | M74: =IF('Zoopl Count'!M74=0,"",('Zoopl Analysis'!M74*LN('Zoopl Analysis'!M74))) | N74: =IF('Zoopl Count'!N74=0,"",('Zoopl Analysis'!N74*LN('Zoopl Analysis'!N74))) | ... P74: =IF('Zoopl Count'!P74=0,"",('Zoopl Analysis'!P74*LN('Zoopl Analysis'!P74)))
F75: Actinula larvae | G75: =IF('Zoopl Count'!G75=0,"",('Zoopl Analysis'!G75*LN('Zoopl Analysis'!G75))) | H75: =IF('Zoopl Count'!H75=0,"",('Zoopl Analysis'!H75*LN('Zoopl Analysis'!H75))) -> -0.17799775 | I75: =IF('Zoopl Count'!I75=0,"",('Zoopl Analysis'!I75*LN('Zoopl Analysis'!I75))) | J75: =IF('Zoopl Count'!J75=0,"",('Zoopl Analysis'!J75*LN('Zoopl Analysis'!J75))) | K75: =IF('Zoopl Count'!K75=0,"",('Zoopl Analysis'!K75*LN('Zoopl Analysis'!K75))) -> -0.35050163 | L75: =IF('Zoopl Count'!L75=0,"",('Zoopl Analysis'!L75*LN('Zoopl Analysis'!L75))) | M75: =IF('Zoopl Count'!M75=0,"",('Zoopl Analysis'!M75*LN('Zoopl Analysis'!M75))) | N75: =IF('Zoopl Count'!N75=0,"",('Zoopl Analysis'!N75*LN('Zoopl Analysis'!N75))) | ... P75: =IF('Zoopl Count'!P75=0,"",('Zoopl Analysis'!P75*LN('Zoopl Analysis'!P75)))
C76: Order: | D76: Leptothecata | G76: =IF('Zoopl Count'!G76=0,"",('Zoopl Analysis'!G76*LN('Zoopl Analysis'!G76))) | H76: =IF('Zoopl Count'!H76=0,"",('Zoopl Analysis'!H76*LN('Zoopl Analysis'!H76))) | I76: =IF('Zoopl Count'!I76=0,"",('Zoopl Analysis'!I76*LN('Zoopl Analysis'!I76))) | J76: =IF('Zoopl Count'!J76=0,"",('Zoopl Analysis'!J76*LN('Zoopl Analysis'!J76))) | K76: =IF('Zoopl Count'!K76=0,"",('Zoopl Analysis'!K76*LN('Zoopl Analysis'!K76))) | L76: =IF('Zoopl Count'!L76=0,"",('Zoopl Analysis'!L76*LN('Zoopl Analysis'!L76))) | M76: =IF('Zoopl Count'!M76=0,"",('Zoopl Analysis'!M76*LN('Zoopl Analysis'!M76))) | N76: =IF('Zoopl Count'!N76=0,"",('Zoopl Analysis'!N76*LN('Zoopl Analysis'!N76))) | ... P76: =IF('Zoopl Count'!P76=0,"",('Zoopl Analysis'!P76*LN('Zoopl Analysis'!P76)))
D77: Family: | E77: Campanulariidae | G77: =IF('Zoopl Count'!G77=0,"",('Zoopl Analysis'!G77*LN('Zoopl Analysis'!G77))) | H77: =IF('Zoopl Count'!H77=0,"",('Zoopl Analysis'!H77*LN('Zoopl Analysis'!H77))) | I77: =IF('Zoopl Count'!I77=0,"",('Zoopl Analysis'!I77*LN('Zoopl Analysis'!I77))) | J77: =IF('Zoopl Count'!J77=0,"",('Zoopl Analysis'!J77*LN('Zoopl Analysis'!J77))) | K77: =IF('Zoopl Count'!K77=0,"",('Zoopl Analysis'!K77*LN('Zoopl Analysis'!K77))) | L77: =IF('Zoopl Count'!L77=0,"",('Zoopl Analysis'!L77*LN('Zoopl Analysis'!L77))) | M77: =IF('Zoopl Count'!M77=0,"",('Zoopl Analysis'!M77*LN('Zoopl Analysis'!M77))) | N77: =IF('Zoopl Count'!N77=0,"",('Zoopl Analysis'!N77*LN('Zoopl Analysis'!N77))) | ... P77: =IF('Zoopl Count'!P77=0,"",('Zoopl Analysis'!P77*LN('Zoopl Analysis'!P77)))
E78: Genus: | F78: Obelia | G78: =IF('Zoopl Count'!G78=0,"",('Zoopl Analysis'!G78*LN('Zoopl Analysis'!G78))) -> -0.35050163 | H78: =IF('Zoopl Count'!H78=0,"",('Zoopl Analysis'!H78*LN('Zoopl Analysis'!H78))) | I78: =IF('Zoopl Count'!I78=0,"",('Zoopl Analysis'!I78*LN('Zoopl Analysis'!I78))) | J78: =IF('Zoopl Count'!J78=0,"",('Zoopl Analysis'!J78*LN('Zoopl Analysis'!J78))) | K78: =IF('Zoopl Count'!K78=0,"",('Zoopl Analysis'!K78*LN('Zoopl Analysis'!K78))) | L78: =IF('Zoopl Count'!L78=0,"",('Zoopl Analysis'!L78*LN('Zoopl Analysis'!L78))) | M78: =IF('Zoopl Count'!M78=0,"",('Zoopl Analysis'!M78*LN('Zoopl Analysis'!M78))) -> -0.26562316 | N78: =IF('Zoopl Count'!N78=0,"",('Zoopl Analysis'!N78*LN('Zoopl Analysis'!N78))) | ... P78: =IF('Zoopl Count'!P78=0,"",('Zoopl Analysis'!P78*LN('Zoopl Analysis'!P78)))
G79: =IF('Zoopl Count'!G79=0,"",('Zoopl Analysis'!G79*LN('Zoopl Analysis'!G79))) | H79: =IF('Zoopl Count'!H79=0,"",('Zoopl Analysis'!H79*LN('Zoopl Analysis'!H79))) | I79: =IF('Zoopl Count'!I79=0,"",('Zoopl Analysis'!I79*LN('Zoopl Analysis'!I79))) | J79: =IF('Zoopl Count'!J79=0,"",('Zoopl Analysis'!J79*LN('Zoopl Analysis'!J79))) | K79: =IF('Zoopl Count'!K79=0,"",('Zoopl Analysis'!K79*LN('Zoopl Analysis'!K79))) | L79: =IF('Zoopl Count'!L79=0,"",('Zoopl Analysis'!L79*LN('Zoopl Analysis'!L79))) | M79: =IF('Zoopl Count'!M79=0,"",('Zoopl Analysis'!M79*LN('Zoopl Analysis'!M79))) | N79: =IF('Zoopl Count'!N79=0,"",('Zoopl Analysis'!N79*LN('Zoopl Analysis'!N79))) | ... P79: =IF('Zoopl Count'!P79=0,"",('Zoopl Analysis'!P79*LN('Zoopl Analysis'!P79)))
C80: Order: | D80: Limnomedusae | G80: =IF('Zoopl Count'!G80=0,"",('Zoopl Analysis'!G80*LN('Zoopl Analysis'!G80))) | H80: =IF('Zoopl Count'!H80=0,"",('Zoopl Analysis'!H80*LN('Zoopl Analysis'!H80))) | I80: =IF('Zoopl Count'!I80=0,"",('Zoopl Analysis'!I80*LN('Zoopl Analysis'!I80))) | J80: =IF('Zoopl Count'!J80=0,"",('Zoopl Analysis'!J80*LN('Zoopl Analysis'!J80))) | K80: =IF('Zoopl Count'!K80=0,"",('Zoopl Analysis'!K80*LN('Zoopl Analysis'!K80))) | L80: =IF('Zoopl Count'!L80=0,"",('Zoopl Analysis'!L80*LN('Zoopl Analysis'!L80))) | M80: =IF('Zoopl Count'!M80=0,"",('Zoopl Analysis'!M80*LN('Zoopl Analysis'!M80))) | N80: =IF('Zoopl Count'!N80=0,"",('Zoopl Analysis'!N80*LN('Zoopl Analysis'!N80))) | ... P80: =IF('Zoopl Count'!P80=0,"",('Zoopl Analysis'!P80*LN('Zoopl Analysis'!P80)))
D81: Family: | E81: Geryoniidae | G81: =IF('Zoopl Count'!G81=0,"",('Zoopl Analysis'!G81*LN('Zoopl Analysis'!G81))) | H81: =IF('Zoopl Count'!H81=0,"",('Zoopl Analysis'!H81*LN('Zoopl Analysis'!H81))) | I81: =IF('Zoopl Count'!I81=0,"",('Zoopl Analysis'!I81*LN('Zoopl Analysis'!I81))) | J81: =IF('Zoopl Count'!J81=0,"",('Zoopl Analysis'!J81*LN('Zoopl Analysis'!J81))) | K81: =IF('Zoopl Count'!K81=0,"",('Zoopl Analysis'!K81*LN('Zoopl Analysis'!K81))) | L81: =IF('Zoopl Count'!L81=0,"",('Zoopl Analysis'!L81*LN('Zoopl Analysis'!L81))) | M81: =IF('Zoopl Count'!M81=0,"",('Zoopl Analysis'!M81*LN('Zoopl Analysis'!M81))) | N81: =IF('Zoopl Count'!N81=0,"",('Zoopl Analysis'!N81*LN('Zoopl Analysis'!N81))) | ... P81: =IF('Zoopl Count'!P81=0,"",('Zoopl Analysis'!P81*LN('Zoopl Analysis'!P81)))
E82: Genus: | F82: Liriope | G82: =IF('Zoopl Count'!G82=0,"",('Zoopl Analysis'!G82*LN('Zoopl Analysis'!G82))) | H82: =IF('Zoopl Count'!H82=0,"",('Zoopl Analysis'!H82*LN('Zoopl Analysis'!H82))) | I82: =IF('Zoopl Count'!I82=0,"",('Zoopl Analysis'!I82*LN('Zoopl Analysis'!I82))) | J82: =IF('Zoopl Count'!J82=0,"",('Zoopl Analysis'!J82*LN('Zoopl Analysis'!J82))) | K82: =IF('Zoopl Count'!K82=0,"",('Zoopl Analysis'!K82*LN('Zoopl Analysis'!K82))) | L82: =IF('Zoopl Count'!L82=0,"",('Zoopl Analysis'!L82*LN('Zoopl Analysis'!L82))) | M82: =IF('Zoopl Count'!M82=0,"",('Zoopl Analysis'!M82*LN('Zoopl Analysis'!M82))) | N82: =IF('Zoopl Count'!N82=0,"",('Zoopl Analysis'!N82*LN('Zoopl Analysis'!N82))) | ... P82: =IF('Zoopl Count'!P82=0,"",('Zoopl Analysis'!P82*LN('Zoopl Analysis'!P82)))
G83: =IF('Zoopl Count'!G83=0,"",('Zoopl Analysis'!G83*LN('Zoopl Analysis'!G83))) | H83: =IF('Zoopl Count'!H83=0,"",('Zoopl Analysis'!H83*LN('Zoopl Analysis'!H83))) | I83: =IF('Zoopl Count'!I83=0,"",('Zoopl Analysis'!I83*LN('Zoopl Analysis'!I83))) | J83: =IF('Zoopl Count'!J83=0,"",('Zoopl Analysis'!J83*LN('Zoopl Analysis'!J83))) | K83: =IF('Zoopl Count'!K83=0,"",('Zoopl Analysis'!K83*LN('Zoopl Analysis'!K83))) | L83: =IF('Zoopl Count'!L83=0,"",('Zoopl Analysis'!L83*LN('Zoopl Analysis'!L83))) | M83: =IF('Zoopl Count'!M83=0,"",('Zoopl Analysis'!M83*LN('Zoopl Analysis'!M83))) | N83: =IF('Zoopl Count'!N83=0,"",('Zoopl Analysis'!N83*LN('Zoopl Analysis'!N83))) | ... P83: =IF('Zoopl Count'!P83=0,"",('Zoopl Analysis'!P83*LN('Zoopl Analysis'!P83)))
C84: Order: | D84: Siphonophorae | G84: =IF('Zoopl Count'!G84=0,"",('Zoopl Analysis'!G84*LN('Zoopl Analysis'!G84))) -> -0.26562316 | H84: =IF('Zoopl Count'!H84=0,"",('Zoopl Analysis'!H84*LN('Zoopl Analysis'!H84))) | I84: =IF('Zoopl Count'!I84=0,"",('Zoopl Analysis'!I84*LN('Zoopl Analysis'!I84))) | J84: =IF('Zoopl Count'!J84=0,"",('Zoopl Analysis'!J84*LN('Zoopl Analysis'!J84))) | K84: =IF('Zoopl Count'!K84=0,"",('Zoopl Analysis'!K84*LN('Zoopl Analysis'!K84))) | L84: =IF('Zoopl Count'!L84=0,"",('Zoopl Analysis'!L84*LN('Zoopl Analysis'!L84))) | M84: =IF('Zoopl Count'!M84=0,"",('Zoopl Analysis'!M84*LN('Zoopl Analysis'!M84))) | N84: =IF('Zoopl Count'!N84=0,"",('Zoopl Analysis'!N84*LN('Zoopl Analysis'!N84))) | ... P84: =IF('Zoopl Count'!P84=0,"",('Zoopl Analysis'!P84*LN('Zoopl Analysis'!P84)))
G85: =IF('Zoopl Count'!G85=0,"",('Zoopl Analysis'!G85*LN('Zoopl Analysis'!G85))) | H85: =IF('Zoopl Count'!H85=0,"",('Zoopl Analysis'!H85*LN('Zoopl Analysis'!H85))) | I85: =IF('Zoopl Count'!I85=0,"",('Zoopl Analysis'!I85*LN('Zoopl Analysis'!I85))) | J85: =IF('Zoopl Count'!J85=0,"",('Zoopl Analysis'!J85*LN('Zoopl Analysis'!J85))) | K85: =IF('Zoopl Count'!K85=0,"",('Zoopl Analysis'!K85*LN('Zoopl Analysis'!K85))) | L85: =IF('Zoopl Count'!L85=0,"",('Zoopl Analysis'!L85*LN('Zoopl Analysis'!L85))) | M85: =IF('Zoopl Count'!M85=0,"",('Zoopl Analysis'!M85*LN('Zoopl Analysis'!M85))) | N85: =IF('Zoopl Count'!N85=0,"",('Zoopl Analysis'!N85*LN('Zoopl Analysis'!N85))) | ... P85: =IF('Zoopl Count'!P85=0,"",('Zoopl Analysis'!P85*LN('Zoopl Analysis'!P85)))
C86: Order: | D86: Trachymedusae | G86: =IF('Zoopl Count'!G86=0,"",('Zoopl Analysis'!G86*LN('Zoopl Analysis'!G86))) | H86: =IF('Zoopl Count'!H86=0,"",('Zoopl Analysis'!H86*LN('Zoopl Analysis'!H86))) | I86: =IF('Zoopl Count'!I86=0,"",('Zoopl Analysis'!I86*LN('Zoopl Analysis'!I86))) | J86: =IF('Zoopl Count'!J86=0,"",('Zoopl Analysis'!J86*LN('Zoopl Analysis'!J86))) | K86: =IF('Zoopl Count'!K86=0,"",('Zoopl Analysis'!K86*LN('Zoopl Analysis'!K86))) | L86: =IF('Zoopl Count'!L86=0,"",('Zoopl Analysis'!L86*LN('Zoopl Analysis'!L86))) | M86: =IF('Zoopl Count'!M86=0,"",('Zoopl Analysis'!M86*LN('Zoopl Analysis'!M86))) | N86: =IF('Zoopl Count'!N86=0,"",('Zoopl Analysis'!N86*LN('Zoopl Analysis'!N86))) | ... P86: =IF('Zoopl Count'!P86=0,"",('Zoopl Analysis'!P86*LN('Zoopl Analysis'!P86)))
D87: Family: | E87: Rhopalonematidae | G87: =IF('Zoopl Count'!G87=0,"",('Zoopl Analysis'!G87*LN('Zoopl Analysis'!G87))) | H87: =IF('Zoopl Count'!H87=0,"",('Zoopl Analysis'!H87*LN('Zoopl Analysis'!H87))) | I87: =IF('Zoopl Count'!I87=0,"",('Zoopl Analysis'!I87*LN('Zoopl Analysis'!I87))) | J87: =IF('Zoopl Count'!J87=0,"",('Zoopl Analysis'!J87*LN('Zoopl Analysis'!J87))) | K87: =IF('Zoopl Count'!K87=0,"",('Zoopl Analysis'!K87*LN('Zoopl Analysis'!K87))) | L87: =IF('Zoopl Count'!L87=0,"",('Zoopl Analysis'!L87*LN('Zoopl Analysis'!L87))) | M87: =IF('Zoopl Count'!M87=0,"",('Zoopl Analysis'!M87*LN('Zoopl Analysis'!M87))) | N87: =IF('Zoopl Count'!N87=0,"",('Zoopl Analysis'!N87*LN('Zoopl Analysis'!N87))) | ... P87: =IF('Zoopl Count'!P87=0,"",('Zoopl Analysis'!P87*LN('Zoopl Analysis'!P87)))
E88: Genus: | F88: Aglaura | G88: =IF('Zoopl Count'!G88=0,"",('Zoopl Analysis'!G88*LN('Zoopl Analysis'!G88))) | H88: =IF('Zoopl Count'!H88=0,"",('Zoopl Analysis'!H88*LN('Zoopl Analysis'!H88))) | I88: =IF('Zoopl Count'!I88=0,"",('Zoopl Analysis'!I88*LN('Zoopl Analysis'!I88))) | J88: =IF('Zoopl Count'!J88=0,"",('Zoopl Analysis'!J88*LN('Zoopl Analysis'!J88))) | K88: =IF('Zoopl Count'!K88=0,"",('Zoopl Analysis'!K88*LN('Zoopl Analysis'!K88))) | L88: =IF('Zoopl Count'!L88=0,"",('Zoopl Analysis'!L88*LN('Zoopl Analysis'!L88))) | M88: =IF('Zoopl Count'!M88=0,"",('Zoopl Analysis'!M88*LN('Zoopl Analysis'!M88))) | N88: =IF('Zoopl Count'!N88=0,"",('Zoopl Analysis'!N88*LN('Zoopl Analysis'!N88))) | ... P88: =IF('Zoopl Count'!P88=0,"",('Zoopl Analysis'!P88*LN('Zoopl Analysis'!P88)))
F89: Aglantha | G89: =IF('Zoopl Count'!G89=0,"",('Zoopl Analysis'!G89*LN('Zoopl Analysis'!G89))) | H89: =IF('Zoopl Count'!H89=0,"",('Zoopl Analysis'!H89*LN('Zoopl Analysis'!H89))) | I89: =IF('Zoopl Count'!I89=0,"",('Zoopl Analysis'!I89*LN('Zoopl Analysis'!I89))) | J89: =IF('Zoopl Count'!J89=0,"",('Zoopl Analysis'!J89*LN('Zoopl Analysis'!J89))) | K89: =IF('Zoopl Count'!K89=0,"",('Zoopl Analysis'!K89*LN('Zoopl Analysis'!K89))) | L89: =IF('Zoopl Count'!L89=0,"",('Zoopl Analysis'!L89*LN('Zoopl Analysis'!L89))) | M89: =IF('Zoopl Count'!M89=0,"",('Zoopl Analysis'!M89*LN('Zoopl Analysis'!M89))) | N89: =IF('Zoopl Count'!N89=0,"",('Zoopl Analysis'!N89*LN('Zoopl Analysis'!N89))) | ... P89: =IF('Zoopl Count'!P89=0,"",('Zoopl Analysis'!P89*LN('Zoopl Analysis'!P89)))
G90: =IF('Zoopl Count'!G90=0,"",('Zoopl Analysis'!G90*LN('Zoopl Analysis'!G90))) | H90: =IF('Zoopl Count'!H90=0,"",('Zoopl Analysis'!H90*LN('Zoopl Analysis'!H90))) | I90: =IF('Zoopl Count'!I90=0,"",('Zoopl Analysis'!I90*LN('Zoopl Analysis'!I90))) | J90: =IF('Zoopl Count'!J90=0,"",('Zoopl Analysis'!J90*LN('Zoopl Analysis'!J90))) | K90: =IF('Zoopl Count'!K90=0,"",('Zoopl Analysis'!K90*LN('Zoopl Analysis'!K90))) | L90: =IF('Zoopl Count'!L90=0,"",('Zoopl Analysis'!L90*LN('Zoopl Analysis'!L90))) | M90: =IF('Zoopl Count'!M90=0,"",('Zoopl Analysis'!M90*LN('Zoopl Analysis'!M90))) | N90: =IF('Zoopl Count'!N90=0,"",('Zoopl Analysis'!N90*LN('Zoopl Analysis'!N90))) | ... P90: =IF('Zoopl Count'!P90=0,"",('Zoopl Analysis'!P90*LN('Zoopl Analysis'!P90)))
B91: Class: | C91: Scyphozoa | G91: =IF('Zoopl Count'!G91=0,"",('Zoopl Analysis'!G91*LN('Zoopl Analysis'!G91))) | H91: =IF('Zoopl Count'!H91=0,"",('Zoopl Analysis'!H91*LN('Zoopl Analysis'!H91))) | I91: =IF('Zoopl Count'!I91=0,"",('Zoopl Analysis'!I91*LN('Zoopl Analysis'!I91))) | J91: =IF('Zoopl Count'!J91=0,"",('Zoopl Analysis'!J91*LN('Zoopl Analysis'!J91))) | K91: =IF('Zoopl Count'!K91=0,"",('Zoopl Analysis'!K91*LN('Zoopl Analysis'!K91))) | L91: =IF('Zoopl Count'!L91=0,"",('Zoopl Analysis'!L91*LN('Zoopl Analysis'!L91))) | M91: =IF('Zoopl Count'!M91=0,"",('Zoopl Analysis'!M91*LN('Zoopl Analysis'!M91))) | N91: =IF('Zoopl Count'!N91=0,"",('Zoopl Analysis'!N91*LN('Zoopl Analysis'!N91))) | ... P91: =IF('Zoopl Count'!P91=0,"",('Zoopl Analysis'!P91*LN('Zoopl Analysis'!P91)))
F92: Ephyra larvae | G92: =IF('Zoopl Count'!G92=0,"",('Zoopl Analysis'!G92*LN('Zoopl Analysis'!G92))) | H92: =IF('Zoopl Count'!H92=0,"",('Zoopl Analysis'!H92*LN('Zoopl Analysis'!H92))) | I92: =IF('Zoopl Count'!I92=0,"",('Zoopl Analysis'!I92*LN('Zoopl Analysis'!I92))) | J92: =IF('Zoopl Count'!J92=0,"",('Zoopl Analysis'!J92*LN('Zoopl Analysis'!J92))) | K92: =IF('Zoopl Count'!K92=0,"",('Zoopl Analysis'!K92*LN('Zoopl Analysis'!K92))) | L92: =IF('Zoopl Count'!L92=0,"",('Zoopl Analysis'!L92*LN('Zoopl Analysis'!L92))) | M92: =IF('Zoopl Count'!M92=0,"",('Zoopl Analysis'!M92*LN('Zoopl Analysis'!M92))) | N92: =IF('Zoopl Count'!N92=0,"",('Zoopl Analysis'!N92*LN('Zoopl Analysis'!N92))) | ... P92: =IF('Zoopl Count'!P92=0,"",('Zoopl Analysis'!P92*LN('Zoopl Analysis'!P92)))
G93: =IF('Zoopl Count'!G93=0,"",('Zoopl Analysis'!G93*LN('Zoopl Analysis'!G93))) | H93: =IF('Zoopl Count'!H93=0,"",('Zoopl Analysis'!H93*LN('Zoopl Analysis'!H93))) | I93: =IF('Zoopl Count'!I93=0,"",('Zoopl Analysis'!I93*LN('Zoopl Analysis'!I93))) | J93: =IF('Zoopl Count'!J93=0,"",('Zoopl Analysis'!J93*LN('Zoopl Analysis'!J93))) | K93: =IF('Zoopl Count'!K93=0,"",('Zoopl Analysis'!K93*LN('Zoopl Analysis'!K93))) | L93: =IF('Zoopl Count'!L93=0,"",('Zoopl Analysis'!L93*LN('Zoopl Analysis'!L93))) | M93: =IF('Zoopl Count'!M93=0,"",('Zoopl Analysis'!M93*LN('Zoopl Analysis'!M93))) | N93: =IF('Zoopl Count'!N93=0,"",('Zoopl Analysis'!N93*LN('Zoopl Analysis'!N93))) | ... P93: =IF('Zoopl Count'!P93=0,"",('Zoopl Analysis'!P93*LN('Zoopl Analysis'!P93)))
A94: Phylum: | B94: Ctenophora | G94: =IF('Zoopl Count'!G94=0,"",('Zoopl Analysis'!G94*LN('Zoopl Analysis'!G94))) | H94: =IF('Zoopl Count'!H94=0,"",('Zoopl Analysis'!H94*LN('Zoopl Analysis'!H94))) | I94: =IF('Zoopl Count'!I94=0,"",('Zoopl Analysis'!I94*LN('Zoopl Analysis'!I94))) | J94: =IF('Zoopl Count'!J94=0,"",('Zoopl Analysis'!J94*LN('Zoopl Analysis'!J94))) | K94: =IF('Zoopl Count'!K94=0,"",('Zoopl Analysis'!K94*LN('Zoopl Analysis'!K94))) | L94: =IF('Zoopl Count'!L94=0,"",('Zoopl Analysis'!L94*LN('Zoopl Analysis'!L94))) | M94: =IF('Zoopl Count'!M94=0,"",('Zoopl Analysis'!M94*LN('Zoopl Analysis'!M94))) | N94: =IF('Zoopl Count'!N94=0,"",('Zoopl Analysis'!N94*LN('Zoopl Analysis'!N94))) | ... P94: =IF('Zoopl Count'!P94=0,"",('Zoopl Analysis'!P94*LN('Zoopl Analysis'!P94)))
F95: Other ctenophores | G95: =IF('Zoopl Count'!G95=0,"",('Zoopl Analysis'!G95*LN('Zoopl Analysis'!G95))) | H95: =IF('Zoopl Count'!H95=0,"",('Zoopl Analysis'!H95*LN('Zoopl Analysis'!H95))) | I95: =IF('Zoopl Count'!I95=0,"",('Zoopl Analysis'!I95*LN('Zoopl Analysis'!I95))) | J95: =IF('Zoopl Count'!J95=0,"",('Zoopl Analysis'!J95*LN('Zoopl Analysis'!J95))) | K95: =IF('Zoopl Count'!K95=0,"",('Zoopl Analysis'!K95*LN('Zoopl Analysis'!K95))) | L95: =IF('Zoopl Count'!L95=0,"",('Zoopl Analysis'!L95*LN('Zoopl Analysis'!L95))) | M95: =IF('Zoopl Count'!M95=0,"",('Zoopl Analysis'!M95*LN('Zoopl Analysis'!M95))) | N95: =IF('Zoopl Count'!N95=0,"",('Zoopl Analysis'!N95*LN('Zoopl Analysis'!N95))) | ... P95: =IF('Zoopl Count'!P95=0,"",('Zoopl Analysis'!P95*LN('Zoopl Analysis'!P95)))
B96: Class: | C96: Tentaculata | G96: =IF('Zoopl Count'!G96=0,"",('Zoopl Analysis'!G96*LN('Zoopl Analysis'!G96))) | H96: =IF('Zoopl Count'!H96=0,"",('Zoopl Analysis'!H96*LN('Zoopl Analysis'!H96))) | I96: =IF('Zoopl Count'!I96=0,"",('Zoopl Analysis'!I96*LN('Zoopl Analysis'!I96))) | J96: =IF('Zoopl Count'!J96=0,"",('Zoopl Analysis'!J96*LN('Zoopl Analysis'!J96))) | K96: =IF('Zoopl Count'!K96=0,"",('Zoopl Analysis'!K96*LN('Zoopl Analysis'!K96))) | L96: =IF('Zoopl Count'!L96=0,"",('Zoopl Analysis'!L96*LN('Zoopl Analysis'!L96))) | M96: =IF('Zoopl Count'!M96=0,"",('Zoopl Analysis'!M96*LN('Zoopl Analysis'!M96))) | N96: =IF('Zoopl Count'!N96=0,"",('Zoopl Analysis'!N96*LN('Zoopl Analysis'!N96))) | ... P96: =IF('Zoopl Count'!P96=0,"",('Zoopl Analysis'!P96*LN('Zoopl Analysis'!P96)))
C97: Order: | D97: Lobata | G97: =IF('Zoopl Count'!G97=0,"",('Zoopl Analysis'!G97*LN('Zoopl Analysis'!G97))) | H97: =IF('Zoopl Count'!H97=0,"",('Zoopl Analysis'!H97*LN('Zoopl Analysis'!H97))) | I97: =IF('Zoopl Count'!I97=0,"",('Zoopl Analysis'!I97*LN('Zoopl Analysis'!I97))) | J97: =IF('Zoopl Count'!J97=0,"",('Zoopl Analysis'!J97*LN('Zoopl Analysis'!J97))) | K97: =IF('Zoopl Count'!K97=0,"",('Zoopl Analysis'!K97*LN('Zoopl Analysis'!K97))) | L97: =IF('Zoopl Count'!L97=0,"",('Zoopl Analysis'!L97*LN('Zoopl Analysis'!L97))) | M97: =IF('Zoopl Count'!M97=0,"",('Zoopl Analysis'!M97*LN('Zoopl Analysis'!M97))) | N97: =IF('Zoopl Count'!N97=0,"",('Zoopl Analysis'!N97*LN('Zoopl Analysis'!N97))) | ... P97: =IF('Zoopl Count'!P97=0,"",('Zoopl Analysis'!P97*LN('Zoopl Analysis'!P97)))
D98: Family: | E98: Bolinopsidae | G98: =IF('Zoopl Count'!G98=0,"",('Zoopl Analysis'!G98*LN('Zoopl Analysis'!G98))) | H98: =IF('Zoopl Count'!H98=0,"",('Zoopl Analysis'!H98*LN('Zoopl Analysis'!H98))) | I98: =IF('Zoopl Count'!I98=0,"",('Zoopl Analysis'!I98*LN('Zoopl Analysis'!I98))) | J98: =IF('Zoopl Count'!J98=0,"",('Zoopl Analysis'!J98*LN('Zoopl Analysis'!J98))) | K98: =IF('Zoopl Count'!K98=0,"",('Zoopl Analysis'!K98*LN('Zoopl Analysis'!K98))) | L98: =IF('Zoopl Count'!L98=0,"",('Zoopl Analysis'!L98*LN('Zoopl Analysis'!L98))) | M98: =IF('Zoopl Count'!M98=0,"",('Zoopl Analysis'!M98*LN('Zoopl Analysis'!M98))) | N98: =IF('Zoopl Count'!N98=0,"",('Zoopl Analysis'!N98*LN('Zoopl Analysis'!N98))) | ... P98: =IF('Zoopl Count'!P98=0,"",('Zoopl Analysis'!P98*LN('Zoopl Analysis'!P98)))
E99: Genus: | F99: Bolinopsis | G99: =IF('Zoopl Count'!G99=0,"",('Zoopl Analysis'!G99*LN('Zoopl Analysis'!G99))) | H99: =IF('Zoopl Count'!H99=0,"",('Zoopl Analysis'!H99*LN('Zoopl Analysis'!H99))) | I99: =IF('Zoopl Count'!I99=0,"",('Zoopl Analysis'!I99*LN('Zoopl Analysis'!I99))) | J99: =IF('Zoopl Count'!J99=0,"",('Zoopl Analysis'!J99*LN('Zoopl Analysis'!J99))) | K99: =IF('Zoopl Count'!K99=0,"",('Zoopl Analysis'!K99*LN('Zoopl Analysis'!K99))) | L99: =IF('Zoopl Count'!L99=0,"",('Zoopl Analysis'!L99*LN('Zoopl Analysis'!L99))) | M99: =IF('Zoopl Count'!M99=0,"",('Zoopl Analysis'!M99*LN('Zoopl Analysis'!M99))) | N99: =IF('Zoopl Count'!N99=0,"",('Zoopl Analysis'!N99*LN('Zoopl Analysis'!N99))) | ... P99: =IF('Zoopl Count'!P99=0,"",('Zoopl Analysis'!P99*LN('Zoopl Analysis'!P99)))
G100: =IF('Zoopl Count'!G100=0,"",('Zoopl Analysis'!G100*LN('Zoopl Analysis'!G100))) | H100: =IF('Zoopl Count'!H100=0,"",('Zoopl Analysis'!H100*LN('Zoopl Analysis'!H100))) | I100: =IF('Zoopl Count'!I100=0,"",('Zoopl Analysis'!I100*LN('Zoopl Analysis'!I100))) | J100: =IF('Zoopl Count'!J100=0,"",('Zoopl Analysis'!J100*LN('Zoopl Analysis'!J100))) | K100: =IF('Zoopl Count'!K100=0,"",('Zoopl Analysis'!K100*LN('Zoopl Analysis'!K100))) | L100: =IF('Zoopl Count'!L100=0,"",('Zoopl Analysis'!L100*LN('Zoopl Analysis'!L100))) | M100: =IF('Zoopl Count'!M100=0,"",('Zoopl Analysis'!M100*LN('Zoopl Analysis'!M100))) | N100: =IF('Zoopl Count'!N100=0,"",('Zoopl Analysis'!N100*LN('Zoopl Analysis'!N100))) | ... P100: =IF('Zoopl Count'!P100=0,"",('Zoopl Analysis'!P100*LN('Zoopl Analysis'!P100)))
C101: Order: | D101: Cydippida | G101: =IF('Zoopl Count'!G101=0,"",('Zoopl Analysis'!G101*LN('Zoopl Analysis'!G101))) | H101: =IF('Zoopl Count'!H101=0,"",('Zoopl Analysis'!H101*LN('Zoopl Analysis'!H101))) | I101: =IF('Zoopl Count'!I101=0,"",('Zoopl Analysis'!I101*LN('Zoopl Analysis'!I101))) | J101: =IF('Zoopl Count'!J101=0,"",('Zoopl Analysis'!J101*LN('Zoopl Analysis'!J101))) | K101: =IF('Zoopl Count'!K101=0,"",('Zoopl Analysis'!K101*LN('Zoopl Analysis'!K101))) | L101: =IF('Zoopl Count'!L101=0,"",('Zoopl Analysis'!L101*LN('Zoopl Analysis'!L101))) | M101: =IF('Zoopl Count'!M101=0,"",('Zoopl Analysis'!M101*LN('Zoopl Analysis'!M101))) | N101: =IF('Zoopl Count'!N101=0,"",('Zoopl Analysis'!N101*LN('Zoopl Analysis'!N101))) | ... P101: =IF('Zoopl Count'!P101=0,"",('Zoopl Analysis'!P101*LN('Zoopl Analysis'!P101)))
D102: Family: | E102: Cydippidae | G102: =IF('Zoopl Count'!G102=0,"",('Zoopl Analysis'!G102*LN('Zoopl Analysis'!G102))) | H102: =IF('Zoopl Count'!H102=0,"",('Zoopl Analysis'!H102*LN('Zoopl Analysis'!H102))) | I102: =IF('Zoopl Count'!I102=0,"",('Zoopl Analysis'!I102*LN('Zoopl Analysis'!I102))) | J102: =IF('Zoopl Count'!J102=0,"",('Zoopl Analysis'!J102*LN('Zoopl Analysis'!J102))) | K102: =IF('Zoopl Count'!K102=0,"",('Zoopl Analysis'!K102*LN('Zoopl Analysis'!K102))) | L102: =IF('Zoopl Count'!L102=0,"",('Zoopl Analysis'!L102*LN('Zoopl Analysis'!L102))) | M102: =IF('Zoopl Count'!M102=0,"",('Zoopl Analysis'!M102*LN('Zoopl Analysis'!M102))) | N102: =IF('Zoopl Count'!N102=0,"",('Zoopl Analysis'!N102*LN('Zoopl Analysis'!N102))) | ... P102: =IF('Zoopl Count'!P102=0,"",('Zoopl Analysis'!P102*LN('Zoopl Analysis'!P102)))
E103: Genus: | F103: Pleurobrachia | G103: =IF('Zoopl Count'!G103=0,"",('Zoopl Analysis'!G103*LN('Zoopl Analysis'!G103))) | H103: =IF('Zoopl Count'!H103=0,"",('Zoopl Analysis'!H103*LN('Zoopl Analysis'!H103))) | I103: =IF('Zoopl Count'!I103=0,"",('Zoopl Analysis'!I103*LN('Zoopl Analysis'!I103))) | J103: =IF('Zoopl Count'!J103=0,"",('Zoopl Analysis'!J103*LN('Zoopl Analysis'!J103))) | K103: =IF('Zoopl Count'!K103=0,"",('Zoopl Analysis'!K103*LN('Zoopl Analysis'!K103))) | L103: =IF('Zoopl Count'!L103=0,"",('Zoopl Analysis'!L103*LN('Zoopl Analysis'!L103))) | M103: =IF('Zoopl Count'!M103=0,"",('Zoopl Analysis'!M103*LN('Zoopl Analysis'!M103))) | N103: =IF('Zoopl Count'!N103=0,"",('Zoopl Analysis'!N103*LN('Zoopl Analysis'!N103))) | ... P103: =IF('Zoopl Count'!P103=0,"",('Zoopl Analysis'!P103*LN('Zoopl Analysis'!P103)))
G104: =IF('Zoopl Count'!G104=0,"",('Zoopl Analysis'!G104*LN('Zoopl Analysis'!G104))) | H104: =IF('Zoopl Count'!H104=0,"",('Zoopl Analysis'!H104*LN('Zoopl Analysis'!H104))) | I104: =IF('Zoopl Count'!I104=0,"",('Zoopl Analysis'!I104*LN('Zoopl Analysis'!I104))) | J104: =IF('Zoopl Count'!J104=0,"",('Zoopl Analysis'!J104*LN('Zoopl Analysis'!J104))) | K104: =IF('Zoopl Count'!K104=0,"",('Zoopl Analysis'!K104*LN('Zoopl Analysis'!K104))) | L104: =IF('Zoopl Count'!L104=0,"",('Zoopl Analysis'!L104*LN('Zoopl Analysis'!L104))) | M104: =IF('Zoopl Count'!M104=0,"",('Zoopl Analysis'!M104*LN('Zoopl Analysis'!M104))) | N104: =IF('Zoopl Count'!N104=0,"",('Zoopl Analysis'!N104*LN('Zoopl Analysis'!N104))) | ... P104: =IF('Zoopl Count'!P104=0,"",('Zoopl Analysis'!P104*LN('Zoopl Analysis'!P104)))
B105: Class: | C105: Nuda | G105: =IF('Zoopl Count'!G105=0,"",('Zoopl Analysis'!G105*LN('Zoopl Analysis'!G105))) | H105: =IF('Zoopl Count'!H105=0,"",('Zoopl Analysis'!H105*LN('Zoopl Analysis'!H105))) | I105: =IF('Zoopl Count'!I105=0,"",('Zoopl Analysis'!I105*LN('Zoopl Analysis'!I105))) | J105: =IF('Zoopl Count'!J105=0,"",('Zoopl Analysis'!J105*LN('Zoopl Analysis'!J105))) | K105: =IF('Zoopl Count'!K105=0,"",('Zoopl Analysis'!K105*LN('Zoopl Analysis'!K105))) | L105: =IF('Zoopl Count'!L105=0,"",('Zoopl Analysis'!L105*LN('Zoopl Analysis'!L105))) | M105: =IF('Zoopl Count'!M105=0,"",('Zoopl Analysis'!M105*LN('Zoopl Analysis'!M105))) | N105: =IF('Zoopl Count'!N105=0,"",('Zoopl Analysis'!N105*LN('Zoopl Analysis'!N105))) | ... P105: =IF('Zoopl Count'!P105=0,"",('Zoopl Analysis'!P105*LN('Zoopl Analysis'!P105)))
...

Sheet Sheet2
A1: Phylum: | B1: Cnidaria | J1: UniqueID | K1: Phylum | L1: Class | M1: Order | N1: Family | O1: Genus | P1: Species
F2: Anthozoa larvae | K2: Cnidaria | P2: Anthozoa larvae
F3: Planulae larvae | K3: Cnidaria | P3: Planulae larvae
B4: Class: | C4: Hydrozoa | K4: Cnidaria | L4: Hydrozoa | P4: Actinula larvae
F5: Actinula larvae | K5: Cnidaria | L5: Hydrozoa | M5: Leptothecata | N5: Campanulariidae | O5: Obelia
C6: Order: | D6: Leptothecata | K6: Cnidaria | L6: Hydrozoa | M6: Limnomedusae | N6: Geryoniidae | O6: Liriope
D7: Family: | E7: Campanulariidae | K7: Cnidaria | L7: Hydrozoa | M7: Siphonophorae
E8: Genus: | F8: Obelia | K8: Cnidaria | L8: Hydrozoa | M8: Trachymedusae | N8: Rhopalonematidae | O8: Aglaura
K9: Cnidaria | L9: Hydrozoa | M9: Trachymedusae | N9: Rhopalonematidae | O9: Aglantha
C10: Order: | D10: Limnomedusae | K10: Cnidaria | L10: Scyphozoa | P10: Ephyra larvae
D11: Family: | E11: Geryoniidae | K11: Ctenophora | P11: Other ctenophores
E12: Genus: | F12: Liriope | K12: Ctenophora | L12: Tentaculata | M12: Lobata | N12: Bolinopsidae | O12: Bolinopsis
K13: Ctenophora | L13: Tentaculata | M13: Cydippida | N13: Cydippidae | O13: Pleurobrachia
C14: Order: | D14: Siphonophorae | K14: Ctenophora | L14: Nuda | M14: Beroida | N14: Beroidae | O14: Beroe
K15: Annelida | P15: Other annelids
C16: Order: | D16: Trachymedusae | K16: Annelida | L16: Polychaeta | P16: Polychaete larvae
D17: Family: | E17: Rhopalonematidae | K17: Annelida | L17: Polychaeta | M17: Phyllodocida | N17: Tomopteridae | O17: Tomopteris
E18: Genus: | F18: Aglaura | K18: Annelida | L18: Polychaeta | M18: Terebellida | N18: Pectinariidae | O18: Pectinaria
F19: Aglantha | K19: Platyhelminthes | L19: Trematoda
K20: Nematoda | P20: Nematode
B21: Class: | C21: Scyphozoa | K21: Arthropoda | L21: Branchiopoda | P21: Other branchiopods
F22: Ephyra larvae | K22: Arthropoda | L22: Branchiopoda | M22: Onychopoda | N22: Podonidae | O22: Evadne
K23: Arthropoda | L23: Branchiopoda | M23: Onychopoda | N23: Podonidae | O23: Podon
A24: Phylum: | B24: Ctenophora | K24: Arthropoda | L24: Ostracoda | P24: Other ostracods
F25: Other ctenophores | K25: Arthropoda | L25: Ostracoda | M25: Halocyprida | N25: Halocyprididae | O25: Euconchoecia
B26: Class: | C26: Tentaculata | K26: Arthropoda | L26: Ostracoda | M26: Myodocopida | N26: Cypridinidae | O26: Cypridina
C27: Order: | D27: Lobata | K27: Arthropoda | L27: Copepoda | P27: Copepod egg sac
D28: Family: | E28: Bolinopsidae | K28: Arthropoda | L28: Copepoda | P28: Copepod nauplii
E29: Genus: | F29: Bolinopsis | K29: Arthropoda | L29: Copepoda | M29: Calanoida | P29: Calanoid copepodite
K30: Arthropoda | L30: Copepoda | M30: Calanoida | P30: Other calanoids
C31: Order: | D31: Cydippida | K31: Arthropoda | L31: Copepoda | M31: Calanoida | N31: Acartiidae | O31: Acartia
D32: Family: | E32: Cydippidae | K32: Arthropoda | L32: Copepoda | M32: Calanoida | N32: Aetideidae | O32: Aetideus
E33: Genus: | F33: Pleurobrachia | K33: Arthropoda | L33: Copepoda | M33: Calanoida | N33: Arietellidae | O33: Metacalanus
K34: Arthropoda | L34: Copepoda | M34: Calanoida | N34: Augaptilidae | O34: Haloptilus
B35: Class: | C35: Nuda | K35: Arthropoda | L35: Copepoda | M35: Calanoida | N35: Calanidae | O35: Undinula
C36: Order: | D36: Beroida | K36: Arthropoda | L36: Copepoda | M36: Calanoida | N36: Calanidae | O36: Calanus
D37: Family: | E37: Beroidae | K37: Arthropoda | L37: Copepoda | M37: Calanoida | N37: Calanidae | O37: Canthocalanus
E38: Genus: | F38: Beroe | K38: Arthropoda | L38: Copepoda | M38: Calanoida | N38: Calanidae | O38: Neocalanus
K39: Arthropoda | L39: Copepoda | M39: Calanoida | N39: Calanidae | O39: Nannocalanus
A40: Phylum: | B40: Annelida | K40: Arthropoda | L40: Copepoda | M40: Calanoida | N40: Calanidae | O40: Cosmocalanus
F41: Other annelids | K41: Arthropoda | L41: Copepoda | M41: Calanoida | N41: Calanidae | O41: Mesocalanus
B42: Class: | C42: Polychaeta | K42: Arthropoda | L42: Copepoda | M42: Calanoida | N42: Candaciidae | O42: Candacia
F43: Polychaete larvae | K43: Arthropoda | L43: Copepoda | M43: Calanoida | N43: Centropagidae | O43: Centropages
C44: Order: | D44: Phyllodocida | K44: Arthropoda | L44: Copepoda | M44: Calanoida | N44: Clausocalanidae | O44: Clausocalanus
D45: Family: | E45: Tomopteridae | K45: Arthropoda | L45: Copepoda | M45: Calanoida | N45: Clausocalanidae | O45: Pseudocalanus
E46: Genus: | F46: Tomopteris | K46: Arthropoda | L46: Copepoda | M46: Calanoida | N46: Euchaetidae | O46: Euchaeta
K47: Arthropoda | L47: Copepoda | M47: Calanoida | N47: Eucalanidae | O47: Eucalanus
C48: Order: | D48: Terebellida | K48: Arthropoda | L48: Copepoda | M48: Calanoida | N48: Eucalanidae | O48: Subeucalanus
C49: Family: Pectinariidae | K49: Arthropoda | L49: Copepoda | M49: Calanoida | N49: Paracalanidae | O49: Acrocalanus
D50: Genus: Pectinaria | K50: Arthropoda | L50: Copepoda | M50: Calanoida | N50: Paracalanidae | O50: Paracalanus
K51: Arthropoda | L51: Copepoda | M51: Calanoida | N51: Paracalanidae | O51: Parvocalanus
A52: Phylum: | B52: Platyhelminthes | K52: Arthropoda | L52: Copepoda | M52: Calanoida | N52: Paracalanidae | O52: Calocalanus
B53: Class: | C53: Trematoda | K53: Arthropoda | L53: Copepoda | M53: Calanoida | N53: Pontellidae | O53: Calanopia
K54: Arthropoda | L54: Copepoda | M54: Calanoida | N54: Pontellidae | O54: Labidocera
A55: Phylum: | B55: Nematoda | K55: Arthropoda | L55: Copepoda | M55: Calanoida | N55: Pontellidae | O55: Pontella
F56: Nematode | K56: Arthropoda | L56: Copepoda | M56: Calanoida | N56: Pontellidae | O56: Pontellina
K57: Arthropoda | L57: Copepoda | M57: Calanoida | N57: Temoridae | O57: Temora
A58: Phylum: | B58: Arthropoda | K58: Arthropoda | L58: Copepoda | M58: Calanoida | N58: Temoridae | O58: Eurytemora
B59: Class: | C59: Branchiopoda | K59: Arthropoda | L59: Copepoda | M59: Calanoida | N59: Tortanidae | O59: Tortanus
F60: Other branchiopods | K60: Arthropoda | L60: Copepoda | M60: Calanoida | N60: Pseudodiaptomidae | O60: Pseudodiaptomus
C61: Order: | D61: Onychopoda | K61: Arthropoda | L61: Copepoda | M61: Cyclopoida | P61: Cyclopoid copepodite
D62: Family: | E62: Podonidae | K62: Arthropoda | L62: Copepoda | M62: Cyclopoida | P62: Other cyclopoids
E63: Genus: | F63: Evadne | K63: Arthropoda | L63: Copepoda | M63: Cyclopoida | N63: Corycaeidae | O63: Corycaeus
F64: Podon | K64: Arthropoda | L64: Copepoda | M64: Cyclopoida | N64: Oithonidae | O64: Oithona
K65: Arthropoda | L65: Copepoda | M65: Cyclopoida | N65: Oncaeidae | O65: Oncaea
C66: Order: | D66: Ctenopoda | K66: Arthropoda | L66: Copepoda | M66: Cyclopoida | N66: Oncaeidae | O66: Triconia
D67: Family: | E67: Sididae | K67: Arthropoda | L67: Copepoda | M67: Cyclopoida | N67: Sapphirinidae | O67: Copilia
E68: Genus: | F68: Penilia | K68: Arthropoda | L68: Copepoda | M68: Cyclopoida | N68: Sapphirinidae | O68: Sapphirina
K69: Arthropoda | L69: Copepoda | M69: Cyclopoida | N69: Clausidiidae | O69: Hemicyclops
B70: Class: | C70: Ostracoda | K70: Arthropoda | L70: Copepoda | M70: Harpacticoida | O70: Other harpacticoids
F71: Other ostracods | K71: Arthropoda | L71: Copepoda | M71: Harpacticoida | N71: Ectinosomatidae | O71: Microsetella
C72: Order: | D72: Halocyprida | K72: Arthropoda | L72: Copepoda | M72: Harpacticoida | N72: Tachidiidae | O72: Euterpina
D73: Family: | E73: Halocyprididae | K73: Arthropoda | L73: Copepoda | M73: Harpacticoida | N73: Peltidiidae | O73: Clytemnestra
E74: Genus: | F74: Euconchoecia | K74: Arthropoda | L74: Copepoda | M74: Harpacticoida | N74: Laophontidae | O74: Onychocamptus
C75: Order: | D75: Myodocopida | K75: Arthropoda | L75: Copepoda | M75: Harpacticoida | N75: Miraciidae | O75: Macrosetella
D76: Family: | E76: Cypridinidae | K76: Arthropoda | L76: Copepoda | M76: Harpacticoida | N76: Miraciidae | O76: Miracia
E77: Genus: | F77: Cypridina | K77: Arthropoda | L77: Copepoda | M77: Harpacticoida | N77: Canuellidae | O77: Canuella
K78: Arthropoda | L78: Copepoda | M78: Harpacticoida | N78: Harpacticidae | O78: Harpacticus
K79: Arthropoda | L79: Copepoda | M79: Harpacticoida | N79: Harpacticidae | O79: Zaus
B80: Class: | C80: Copepoda | K80: Arthropoda | L80: Copepoda | M80: Harpacticoida | N80: Harpacticidae | O80: Tigriopus
F81: Copepod egg sac | K81: Arthropoda | L81: Copepoda | M81: Monstrilloida | N81: Monstrilloidae | O81: Monstrilla
F82: Copepod nauplii | K82: Arthropoda | L82: Copepoda | M82: Monstrilloida | N82: Monstrilloidae | O82: Cymbasoma
K83: Arthropoda | L83: Copepoda | M83: Cirripedia | P83: Cirripede nauplii
C84: Order: | D84: Calanoida | K84: Arthropoda | L84: Copepoda | M84: Malacostraca | P84: Malacostracan larvae
F85: Calanoid copepodite | K85: Arthropoda | L85: Copepoda | M85: Mysidacea | P85: Mysids
F86: Other calanoids | K86: Arthropoda | L86: Copepoda | M86: Amphipoda | N86: Hyperiidae
D87: Family: | E87: Acartiidae | K87: Arthropoda | L87: Copepoda | M87: Amphipoda | N87: Gammariidae
E88: Genus: | F88: Acartia | K88: Arthropoda | L88: Copepoda | M88: Isopoda | P88: Isopod
D89: Family: | E89: Aetideidae | K89: Arthropoda | L89: Copepoda | M89: Decapoda | P89: Zoea larvae
E90: Genus: | F90: Aetideus | K90: Arthropoda | L90: Copepoda | M90: Decapoda | P90: Megalopa larvae
D91: Family: | E91: Arietellidae | K91: Arthropoda | L91: Copepoda | M91: Decapoda | P91: Anomuran larvae
E92: Genus: | F92: Metacalanus | K92: Arthropoda | L92: Copepoda | M92: Decapoda | P92: Phyllosoma larvae
D93: Family: | E93: Augaptilidae | K93: Arthropoda | L93: Copepoda | M93: Decapoda | P93: Penaeid larvae
E94: Genus: | F94: Haloptilus | K94: Arthropoda | L94: Copepoda | M94: Decapoda | P94: Stomatopod larvae
D95: Family: | E95: Calanidae | K95: Arthropoda | L95: Copepoda | M95: Decapoda | P95: Caridean larvae
E96: Genus: | F96: Undinula | K96: Arthropoda | L96: Copepoda | M96: Decapoda | P96: Decapod protozoaea
F97: Calanus | K97: Arthropoda | L97: Copepoda | M97: Decapoda | P97: Carcinus larvae
F98: Canthocalanus | K98: Arthropoda | L98: Copepoda | M98: Decapoda | P98: Macruran larvae
F99: Neocalanus | K99: Arthropoda | L99: Copepoda | M99: Decapoda | N99: Luciferidae | O99: Lucifer
F100: Nannocalanus | K100: Arthropoda | L100: Copepoda | M100: Leptostraca | N100: Nebaliidae | O100: Nebalia
...

Sheet PivotTable
B3: Values
A4: Row Labels | B4: Sum of BZ10344 | C4: Sum of BZ10342 | D4: Sum of BZ10343 | E4: Sum of BZ10339 | F4: Sum of BZ10340 | G4: Sum of BZ10341
A5: Annelida
A6: Polychaeta
A7: (blank)
A8: Pectinariidae | B8: 0 | C8: 0 | D8: 0 | E8: 0 | F8: 0 | G8: 0
A9: (blank) | B9: 0 | C9: 0 | D9: 0 | E9: 0 | F9: 0 | G9: 0
A10: (blank)
A11: (blank)
A12: (blank) | B12: 0 | C12: 0 | D12: 0 | E12: 0 | F12: 0 | G12: 0
A13: Arthropoda
A14: Branchiopoda
A15: Diplostraca
A16: Podonidae | B16: 0 | C16: 0 | D16: 0 | E16: 0 | F16: 0 | G16: 0
A17: Sididae | B17: 0 | C17: 0 | D17: 0 | E17: 0 | F17: 0 | G17: 0
A18: (blank)
A19: (blank) | B19: 0 | C19: 0 | D19: 0 | E19: 0 | F19: 0 | G19: 0
A20: Cirripedia
A21: (blank)
A22: (blank) | B22: 0 | C22: 0 | D22: 0 | E22: 0 | F22: 0 | G22: 0
A23: Copepoda
A24: Calanoida
A25: Acartiidae | B25: 0 | C25: 0.010864977 | D25: 0.010864977 | E25: 0.021729955 | F25: 0.021729955 | G25: 0.010864977
A26: Arietellidae | B26: 0.021729955 | C26: 0 | D26: 0.021729955 | E26: 0 | F26: 0.065189865 | G26: 0
A27: Calanidae | B27: 0 | C27: 0.032594932 | D27: 0.032594932 | E27: 0 | F27: 0.021729955 | G27: 0.021729955
A28: Candaciidae | B28: 0 | C28: 0 | D28: 0 | E28: 0 | F28: 0 | G28: 0
A29: Centropagidae | B29: 0.021729955 | C29: 0 | D29: 0.032594932 | E29: 0.021729955 | F29: 0 | G29: 0.054324887
A30: Clausocalanidae | B30: 0.24989448 | C30: 0.021729955 | D30: 0.10864977 | E30: 0.021729955 | F30: 0.41286914 | G30: 0.3368143
A31: Eucalanidae | B31: 0 | C31: 0.010864977 | D31: 0 | E31: 0 | F31: 0.010864977 | G31: 0
A32: Euchaetidae | B32: 0 | C32: 0 | D32: 0 | E32: 0 | F32: 0 | G32: 0
A33: Paracalanidae | B33: 0.51065394 | C33: 0.04345991 | D33: 0.13037973 | E33: 0.08691982 | F33: 0.48892399 | G33: 0.27162444
A34: Pontellidae | B34: 0 | C34: 0 | D34: 0 | E34: 0 | F34: 0 | G34: 0
A35: Pseudodiaptomidae | B35: 0 | C35: 0 | D35: 0 | E35: 0 | F35: 0 | G35: 0
A36: Temoridae | B36: 0 | C36: 0 | D36: 0 | E36: 0 | F36: 0 | G36: 0
A37: (blank) | B37: 0 | C37: 0 | D37: 0 | E37: 0 | F37: 0 | G37: 0
A38: Cyclopoida
A39: Corycaeidae | B39: 0 | C39: 0.010864977 | D39: 0 | E39: 0 | F39: 0.010864977 | G39: 0
A40: Oithonidae | B40: 0.6736286 | C40: 0.032594932 | D40: 0.16297466 | E40: 0.10864977 | F40: 0.52151892 | G40: 0.42373412
A41: (blank) | B41: 0 | C41: 0 | D41: 0 | E41: 0 | F41: 0 | G41: 0
A42: Harpacticoida
A43: Clytemnestridae | B43: 0 | C43: 0 | D43: 0 | E43: 0 | F43: 0 | G43: 0
A44: Ectinosomatidae | B44: 0.010864977 | C44: 0.010864977 | D44: 0 | E44: 0 | F44: 0.010864977 | G44: 0
A45: Euterpinidae | B45: 0.097784797 | C45: 0 | D45: 0.08691982 | E45: 0.10864977 | F45: 0.076054842 | G45: 0.2390295
A46: Longipedidae | B46: 0 | C46: 0 | D46: 0 | E46: 0 | F46: 0 | G46: 0
A47: (blank) | B47: 0 | C47: 0 | D47: 0 | E47: 0 | F47: 0 | G47: 0
A48: Poecilostomatoida
A49: Oncaeidae | B49: 0 | C49: 0 | D49: 0 | E49: 0 | F49: 0 | G49: 0
A50: (blank) | B50: 0 | C50: 0 | D50: 0 | E50: 0 | F50: 0 | G50: 0
A51: (blank)
A52: (blank) | B52: 0 | C52: 0 | D52: 0 | E52: 0 | F52: 0 | G52: 0
A53: Malacostraca
A54: Amphipoda
A55: (blank) | B55: 0 | C55: 0 | D55: 0 | E55: 0 | F55: 0 | G55: 0
A56: Decapoda
A57: (blank) | B57: 0.021729955 | C57: 0.010864977 | D57: 0.010864977 | E57: 0.021729955 | F57: 0 | G57: 0.021729955
A58: Isopoda
A59: (blank) | B59: 0 | C59: 0 | D59: 0 | E59: 0 | F59: 0 | G59: 0
A60: Mysidacea
A61: (blank) | B61: 0 | C61: 0 | D61: 0 | E61: 0 | F61: 0 | G61: 0
A62: (blank)
A63: (blank) | B63: 0 | C63: 0 | D63: 0 | E63: 0 | F63: 0 | G63: 0
A64: Ostracoda
A65: Myodocopida
A66: Cypridinidae | B66: 0 | C66: 0 | D66: 0 | E66: 0 | F66: 0 | G66: 0
A67: (blank)
A68: (blank) | B68: 0 | C68: 0 | D68: 0 | E68: 0 | F68: 0 | G68: 0
A69: Bryozoa
A70: (blank)
A71: (blank)
A72: (blank) | B72: 0 | C72: 0 | D72: 0 | E72: 0 | F72: 0 | G72: 0
A73: Chaetognatha
A74: Sagittoidea
A75: Aphragmophora
A76: Sagittidae | B76: 0 | C76: 0 | D76: 0 | E76: 0 | F76: 0 | G76: 0
A77: Chordata
A78: Larvacea
A79: Fritillaridae
A80: Fritillarinae | B80: 0 | C80: 0.021729955 | D80: 0 | E80: 0.021729955 | F80: 0 | G80: 0
A81: Oikopleuridae
A82: Oikopleurinae | B82: 0 | C82: 0 | D82: 0 | E82: 0 | F82: 0 | G82: 0
A83: Pisces
A84: (blank)
A85: (blank) | B85: 1.7601263 | C85: 0.32594932 | D85: 0.72795349 | E85: 0.65189865 | F85: 1.8144512 | G85: 1.4885019
A86: Thaliacea
A87: Doliolida
A88: Doliolidae | B88: 0 | C88: 0 | D88: 0 | E88: 0 | F88: 0 | G88: 0
A89: Salpida
A90: Salpidae | B90: 0 | C90: 0 | D90: 0 | E90: 0 | F90: 0 | G90: 0
A91: Ciliophora
A92: Polyhymenophorea
A93: Oligotrichida
A94: Codonellidae | B94: 0 | C94: 0 | D94: 0 | E94: 0 | F94: 0 | G94: 0
A95: Cnidaria
A96: Hydrozoa
A97: (blank)
A98: (blank) | B98: 0 | C98: 0 | D98: 0 | E98: 0 | F98: 0 | G98: 0
A99: (blank)
A100: (blank)
A101: (blank) | B101: 0 | C101: 0 | D101: 0 | E101: 0 | F101: 0 | G101: 0
A102: Ctenophora
...

Sheet Sheet1
A1: ALCHEMY Laboratory & Services Sdn Bhd
A2: Zooplankton Data Sheet : Analysed Zooplankton samples
A9: Phylum: | B9: Class: | C9: Order: | D9: Family: | E9: * | F9: Genus: | G9: ='Zoopl Count'!G3 -> BZ14748 | H9: ='Zoopl Count'!H3 -> BZ14749 | I9: ='Zoopl Count'!I3 -> BZ14750 | J9: ='Zoopl Count'!#REF! -> #REF! | K9: ='Zoopl Count'!#REF! -> #REF! | L9: ='Zoopl Count'!#REF! -> #REF!
G10: =IF('Zoopl Count'!G10="","",'Zoopl Count'!G10*(2^'Zoopl Count'!G$9)/'Zoopl Count'!G$8) | H10: =IF('Zoopl Count'!H10="","",'Zoopl Count'!H10*(2^'Zoopl Count'!H$9)/'Zoopl Count'!H$8) | I10: =IF('Zoopl Count'!I10="","",'Zoopl Count'!I10*(2^'Zoopl Count'!I$9)/'Zoopl Count'!I$8) | J10: =IF('Zoopl Count'!#REF!="","",'Zoopl Count'!#REF!*(2^'Zoopl Count'!#REF!)/'Zoopl Count'!#REF!) -> #REF! | K10: =IF('Zoopl Count'!#REF!="","",'Zoopl Count'!#REF!*(2^'Zoopl Count'!#REF!)/'Zoopl Count'!#REF!) -> #REF! | L10: =IF('Zoopl Count'!#REF!="","",'Zoopl Count'!#REF!*(2^'Zoopl Count'!#REF!)/'Zoopl Count'!#REF!) -> #REF!
G11: =IF('Zoopl Count'!G11="","",'Zoopl Count'!G11*(2^'Zoopl Count'!G$9)/'Zoopl Count'!G$8) | H11: =IF('Zoopl Count'!H11="","",'Zoopl Count'!H11*(2^'Zoopl Count'!H$9)/'Zoopl Count'!H$8) | I11: =IF('Zoopl Count'!I11="","",'Zoopl Count'!I11*(2^'Zoopl Count'!I$9)/'Zoopl Count'!I$8) | J11: =IF('Zoopl Count'!#REF!="","",'Zoopl Count'!#REF!*(2^'Zoopl Count'!#REF!)/'Zoopl Count'!#REF!) -> #REF! | K11: =IF('Zoopl Count'!#REF!="","",'Zoopl Count'!#REF!*(2^'Zoopl Count'!#REF!)/'Zoopl Count'!#REF!) -> #REF! | L11: =IF('Zoopl Count'!#REF!="","",'Zoopl Count'!#REF!*(2^'Zoopl Count'!#REF!)/'Zoopl Count'!#REF!) -> #REF!
G12: =IF('Zoopl Count'!G12="","",'Zoopl Count'!G12*(2^'Zoopl Count'!G$9)/'Zoopl Count'!G$8) | H12: =IF('Zoopl Count'!H12="","",'Zoopl Count'!H12*(2^'Zoopl Count'!H$9)/'Zoopl Count'!H$8) | I12: =IF('Zoopl Count'!I12="","",'Zoopl Count'!I12*(2^'Zoopl Count'!I$9)/'Zoopl Count'!I$8) | J12: =IF('Zoopl Count'!#REF!="","",'Zoopl Count'!#REF!*(2^'Zoopl Count'!#REF!)/'Zoopl Count'!#REF!) -> #REF! | K12: =IF('Zoopl Count'!#REF!="","",'Zoopl Count'!#REF!*(2^'Zoopl Count'!#REF!)/'Zoopl Count'!#REF!) -> #REF! | L12: =IF('Zoopl Count'!#REF!="","",'Zoopl Count'!#REF!*(2^'Zoopl Count'!#REF!)/'Zoopl Count'!#REF!) -> #REF!
G13: =IF('Zoopl Count'!G15="","",'Zoopl Count'!G15*(2^'Zoopl Count'!G$9)/'Zoopl Count'!G$8) | H13: =IF('Zoopl Count'!H15="","",'Zoopl Count'!H15*(2^'Zoopl Count'!H$9)/'Zoopl Count'!H$8) | I13: =IF('Zoopl Count'!I15="","",'Zoopl Count'!I15*(2^'Zoopl Count'!I$9)/'Zoopl Count'!I$8) | J13: =IF('Zoopl Count'!#REF!="","",'Zoopl Count'!#REF!*(2^'Zoopl Count'!#REF!)/'Zoopl Count'!#REF!) -> #REF! | K13: =IF('Zoopl Count'!#REF!="","",'Zoopl Count'!#REF!*(2^'Zoopl Count'!#REF!)/'Zoopl Count'!#REF!) -> #REF! | L13: =IF('Zoopl Count'!#REF!="","",'Zoopl Count'!#REF!*(2^'Zoopl Count'!#REF!)/'Zoopl Count'!#REF!) -> #REF!
A14: Foraminifera | B14: Globothalamea | C14: Rotaliida | D14: Discorbidae | F14: Discorbis | G14: =IF('Zoopl Count'!G16="","",'Zoopl Count'!G16*(2^'Zoopl Count'!G$9)/'Zoopl Count'!G$8) | H14: =IF('Zoopl Count'!H16="","",'Zoopl Count'!H16*(2^'Zoopl Count'!H$9)/'Zoopl Count'!H$8) | I14: =IF('Zoopl Count'!I16="","",'Zoopl Count'!I16*(2^'Zoopl Count'!I$9)/'Zoopl Count'!I$8) | J14: =IF('Zoopl Count'!#REF!="","",'Zoopl Count'!#REF!*(2^'Zoopl Count'!#REF!)/'Zoopl Count'!#REF!) -> #REF! | K14: =IF('Zoopl Count'!#REF!="","",'Zoopl Count'!#REF!*(2^'Zoopl Count'!#REF!)/'Zoopl Count'!#REF!) -> #REF! | L14: =IF('Zoopl Count'!#REF!="","",'Zoopl Count'!#REF!*(2^'Zoopl Count'!#REF!)/'Zoopl Count'!#REF!) -> #REF!
G15: =IF('Zoopl Count'!G35="","",'Zoopl Count'!G35*(2^'Zoopl Count'!G$9)/'Zoopl Count'!G$8) | H15: =IF('Zoopl Count'!H35="","",'Zoopl Count'!H35*(2^'Zoopl Count'!H$9)/'Zoopl Count'!H$8) | I15: =IF('Zoopl Count'!I35="","",'Zoopl Count'!I35*(2^'Zoopl Count'!I$9)/'Zoopl Count'!I$8) | J15: =IF('Zoopl Count'!#REF!="","",'Zoopl Count'!#REF!*(2^'Zoopl Count'!#REF!)/'Zoopl Count'!#REF!) -> #REF! | K15: =IF('Zoopl Count'!#REF!="","",'Zoopl Count'!#REF!*(2^'Zoopl Count'!#REF!)/'Zoopl Count'!#REF!) -> #REF! | L15: =IF('Zoopl Count'!#REF!="","",'Zoopl Count'!#REF!*(2^'Zoopl Count'!#REF!)/'Zoopl Count'!#REF!) -> #REF!
G16: =IF('Zoopl Count'!#REF!="","",'Zoopl Count'!#REF!*(2^'Zoopl Count'!G$9)/'Zoopl Count'!G$8) -> #REF! | H16: =IF('Zoopl Count'!#REF!="","",'Zoopl Count'!#REF!*(2^'Zoopl Count'!H$9)/'Zoopl Count'!H$8) -> #REF! | I16: =IF('Zoopl Count'!#REF!="","",'Zoopl Count'!#REF!*(2^'Zoopl Count'!I$9)/'Zoopl Count'!I$8) -> #REF! | J16: =IF('Zoopl Count'!#REF!="","",'Zoopl Count'!#REF!*(2^'Zoopl Count'!#REF!)/'Zoopl Count'!#REF!) -> #REF! | K16: =IF('Zoopl Count'!#REF!="","",'Zoopl Count'!#REF!*(2^'Zoopl Count'!#REF!)/'Zoopl Count'!#REF!) -> #REF! | L16: =IF('Zoopl Count'!#REF!="","",'Zoopl Count'!#REF!*(2^'Zoopl Count'!#REF!)/'Zoopl Count'!#REF!) -> #REF!
G17: =IF('Zoopl Count'!G37="","",'Zoopl Count'!G37*(2^'Zoopl Count'!G$9)/'Zoopl Count'!G$8) | H17: =IF('Zoopl Count'!H37="","",'Zoopl Count'!H37*(2^'Zoopl Count'!H$9)/'Zoopl Count'!H$8) | I17: =IF('Zoopl Count'!I37="","",'Zoopl Count'!I37*(2^'Zoopl Count'!I$9)/'Zoopl Count'!I$8) | J17: =IF('Zoopl Count'!#REF!="","",'Zoopl Count'!#REF!*(2^'Zoopl Count'!#REF!)/'Zoopl Count'!#REF!) -> #REF! | K17: =IF('Zoopl Count'!#REF!="","",'Zoopl Count'!#REF!*(2^'Zoopl Count'!#REF!)/'Zoopl Count'!#REF!) -> #REF! | L17: =IF('Zoopl Count'!#REF!="","",'Zoopl Count'!#REF!*(2^'Zoopl Count'!#REF!)/'Zoopl Count'!#REF!) -> #REF!
G18: =IF('Zoopl Count'!G38="","",'Zoopl Count'!G38*(2^'Zoopl Count'!G$9)/'Zoopl Count'!G$8) | H18: =IF('Zoopl Count'!H38="","",'Zoopl Count'!H38*(2^'Zoopl Count'!H$9)/'Zoopl Count'!H$8) | I18: =IF('Zoopl Count'!I38="","",'Zoopl Count'!I38*(2^'Zoopl Count'!I$9)/'Zoopl Count'!I$8) | J18: =IF('Zoopl Count'!#REF!="","",'Zoopl Count'!#REF!*(2^'Zoopl Count'!#REF!)/'Zoopl Count'!#REF!) -> #REF! | K18: =IF('Zoopl Count'!#REF!="","",'Zoopl Count'!#REF!*(2^'Zoopl Count'!#REF!)/'Zoopl Count'!#REF!) -> #REF! | L18: =IF('Zoopl Count'!#REF!="","",'Zoopl Count'!#REF!*(2^'Zoopl Count'!#REF!)/'Zoopl Count'!#REF!) -> #REF!
G19: =IF('Zoopl Count'!G39="","",'Zoopl Count'!G39*(2^'Zoopl Count'!G$9)/'Zoopl Count'!G$8) | H19: =IF('Zoopl Count'!H39="","",'Zoopl Count'!H39*(2^'Zoopl Count'!H$9)/'Zoopl Count'!H$8) | I19: =IF('Zoopl Count'!I39="","",'Zoopl Count'!I39*(2^'Zoopl Count'!I$9)/'Zoopl Count'!I$8) | J19: =IF('Zoopl Count'!#REF!="","",'Zoopl Count'!#REF!*(2^'Zoopl Count'!#REF!)/'Zoopl Count'!#REF!) -> #REF! | K19: =IF('Zoopl Count'!#REF!="","",'Zoopl Count'!#REF!*(2^'Zoopl Count'!#REF!)/'Zoopl Count'!#REF!) -> #REF! | L19: =IF('Zoopl Count'!#REF!="","",'Zoopl Count'!#REF!*(2^'Zoopl Count'!#REF!)/'Zoopl Count'!#REF!) -> #REF!
A20: Radiozoa | B20: Acantharia | C20: Arthracanthida | D20: Acanthometridae | F20: Acanthometron | G20: =IF('Zoopl Count'!G40="","",'Zoopl Count'!G40*(2^'Zoopl Count'!G$9)/'Zoopl Count'!G$8) | H20: =IF('Zoopl Count'!H40="","",'Zoopl Count'!H40*(2^'Zoopl Count'!H$9)/'Zoopl Count'!H$8) | I20: =IF('Zoopl Count'!I40="","",'Zoopl Count'!I40*(2^'Zoopl Count'!I$9)/'Zoopl Count'!I$8) | J20: =IF('Zoopl Count'!#REF!="","",'Zoopl Count'!#REF!*(2^'Zoopl Count'!#REF!)/'Zoopl Count'!#REF!) -> #REF! | K20: =IF('Zoopl Count'!#REF!="","",'Zoopl Count'!#REF!*(2^'Zoopl Count'!#REF!)/'Zoopl Count'!#REF!) -> #REF! | L20: =IF('Zoopl Count'!#REF!="","",'Zoopl Count'!#REF!*(2^'Zoopl Count'!#REF!)/'Zoopl Count'!#REF!) -> #REF!
G21: =IF('Zoopl Count'!G41="","",'Zoopl Count'!G41*(2^'Zoopl Count'!G$9)/'Zoopl Count'!G$8) | H21: =IF('Zoopl Count'!H41="","",'Zoopl Count'!H41*(2^'Zoopl Count'!H$9)/'Zoopl Count'!H$8) | I21: =IF('Zoopl Count'!I41="","",'Zoopl Count'!I41*(2^'Zoopl Count'!I$9)/'Zoopl Count'!I$8) | J21: =IF('Zoopl Count'!#REF!="","",'Zoopl Count'!#REF!*(2^'Zoopl Count'!#REF!)/'Zoopl Count'!#REF!) -> #REF! | K21: =IF('Zoopl Count'!#REF!="","",'Zoopl Count'!#REF!*(2^'Zoopl Count'!#REF!)/'Zoopl Count'!#REF!) -> #REF! | L21: =IF('Zoopl Count'!#REF!="","",'Zoopl Count'!#REF!*(2^'Zoopl Count'!#REF!)/'Zoopl Count'!#REF!) -> #REF!
G22: =IF('Zoopl Count'!G42="","",'Zoopl Count'!G42*(2^'Zoopl Count'!G$9)/'Zoopl Count'!G$8) | H22: =IF('Zoopl Count'!H42="","",'Zoopl Count'!H42*(2^'Zoopl Count'!H$9)/'Zoopl Count'!H$8) | I22: =IF('Zoopl Count'!I42="","",'Zoopl Count'!I42*(2^'Zoopl Count'!I$9)/'Zoopl Count'!I$8) | J22: =IF('Zoopl Count'!#REF!="","",'Zoopl Count'!#REF!*(2^'Zoopl Count'!#REF!)/'Zoopl Count'!#REF!) -> #REF! | K22: =IF('Zoopl Count'!#REF!="","",'Zoopl Count'!#REF!*(2^'Zoopl Count'!#REF!)/'Zoopl Count'!#REF!) -> #REF! | L22: =IF('Zoopl Count'!#REF!="","",'Zoopl Count'!#REF!*(2^'Zoopl Count'!#REF!)/'Zoopl Count'!#REF!) -> #REF!
G23: =IF('Zoopl Count'!G43="","",'Zoopl Count'!G43*(2^'Zoopl Count'!G$9)/'Zoopl Count'!G$8) | H23: =IF('Zoopl Count'!H43="","",'Zoopl Count'!H43*(2^'Zoopl Count'!H$9)/'Zoopl Count'!H$8) | I23: =IF('Zoopl Count'!I43="","",'Zoopl Count'!I43*(2^'Zoopl Count'!I$9)/'Zoopl Count'!I$8) | J23: =IF('Zoopl Count'!#REF!="","",'Zoopl Count'!#REF!*(2^'Zoopl Count'!#REF!)/'Zoopl Count'!#REF!) -> #REF! | K23: =IF('Zoopl Count'!#REF!="","",'Zoopl Count'!#REF!*(2^'Zoopl Count'!#REF!)/'Zoopl Count'!#REF!) -> #REF! | L23: =IF('Zoopl Count'!#REF!="","",'Zoopl Count'!#REF!*(2^'Zoopl Count'!#REF!)/'Zoopl Count'!#REF!) -> #REF!
G24: =IF('Zoopl Count'!G44="","",'Zoopl Count'!G44*(2^'Zoopl Count'!G$9)/'Zoopl Count'!G$8) | H24: =IF('Zoopl Count'!H44="","",'Zoopl Count'!H44*(2^'Zoopl Count'!H$9)/'Zoopl Count'!H$8) | I24: =IF('Zoopl Count'!I44="","",'Zoopl Count'!I44*(2^'Zoopl Count'!I$9)/'Zoopl Count'!I$8) | J24: =IF('Zoopl Count'!#REF!="","",'Zoopl Count'!#REF!*(2^'Zoopl Count'!#REF!)/'Zoopl Count'!#REF!) -> #REF! | K24: =IF('Zoopl Count'!#REF!="","",'Zoopl Count'!#REF!*(2^'Zoopl Count'!#REF!)/'Zoopl Count'!#REF!) -> #REF! | L24: =IF('Zoopl Count'!#REF!="","",'Zoopl Count'!#REF!*(2^'Zoopl Count'!#REF!)/'Zoopl Count'!#REF!) -> #REF!
G25: =IF('Zoopl Count'!G45="","",'Zoopl Count'!G45*(2^'Zoopl Count'!G$9)/'Zoopl Count'!G$8) | H25: =IF('Zoopl Count'!H45="","",'Zoopl Count'!H45*(2^'Zoopl Count'!H$9)/'Zoopl Count'!H$8) | I25: =IF('Zoopl Count'!I45="","",'Zoopl Count'!I45*(2^'Zoopl Count'!I$9)/'Zoopl Count'!I$8) | J25: =IF('Zoopl Count'!#REF!="","",'Zoopl Count'!#REF!*(2^'Zoopl Count'!#REF!)/'Zoopl Count'!#REF!) -> #REF! | K25: =IF('Zoopl Count'!#REF!="","",'Zoopl Count'!#REF!*(2^'Zoopl Count'!#REF!)/'Zoopl Count'!#REF!) -> #REF! | L25: =IF('Zoopl Count'!#REF!="","",'Zoopl Count'!#REF!*(2^'Zoopl Count'!#REF!)/'Zoopl Count'!#REF!) -> #REF!
G26: =IF('Zoopl Count'!G46="","",'Zoopl Count'!G46*(2^'Zoopl Count'!G$9)/'Zoopl Count'!G$8) | H26: =IF('Zoopl Count'!H46="","",'Zoopl Count'!H46*(2^'Zoopl Count'!H$9)/'Zoopl Count'!H$8) | I26: =IF('Zoopl Count'!I46="","",'Zoopl Count'!I46*(2^'Zoopl Count'!I$9)/'Zoopl Count'!I$8) | J26: =IF('Zoopl Count'!#REF!="","",'Zoopl Count'!#REF!*(2^'Zoopl Count'!#REF!)/'Zoopl Count'!#REF!) -> #REF! | K26: =IF('Zoopl Count'!#REF!="","",'Zoopl Count'!#REF!*(2^'Zoopl Count'!#REF!)/'Zoopl Count'!#REF!) -> #REF! | L26: =IF('Zoopl Count'!#REF!="","",'Zoopl Count'!#REF!*(2^'Zoopl Count'!#REF!)/'Zoopl Count'!#REF!) -> #REF!
A27: Ciliophora | B27: Polyhymenophorea | C27: Oligotrichida | D27: Codonellidae | F27: Tintinnopsis | G27: =IF('Zoopl Count'!G47="","",'Zoopl Count'!G47*(2^'Zoopl Count'!G$9)/'Zoopl Count'!G$8) | H27: =IF('Zoopl Count'!H47="","",'Zoopl Count'!H47*(2^'Zoopl Count'!H$9)/'Zoopl Count'!H$8) | I27: =IF('Zoopl Count'!I47="","",'Zoopl Count'!I47*(2^'Zoopl Count'!I$9)/'Zoopl Count'!I$8) | J27: =IF('Zoopl Count'!#REF!="","",'Zoopl Count'!#REF!*(2^'Zoopl Count'!#REF!)/'Zoopl Count'!#REF!) -> #REF! | K27: =IF('Zoopl Count'!#REF!="","",'Zoopl Count'!#REF!*(2^'Zoopl Count'!#REF!)/'Zoopl Count'!#REF!) -> #REF! | L27: =IF('Zoopl Count'!#REF!="","",'Zoopl Count'!#REF!*(2^'Zoopl Count'!#REF!)/'Zoopl Count'!#REF!) -> #REF!
A28: Ciliophora | B28: Polyhymenophorea | C28: Oligotrichida | D28: Codonellidae | F28: Tintinnid | G28: =IF('Zoopl Count'!G48="","",'Zoopl Count'!G48*(2^'Zoopl Count'!G$9)/'Zoopl Count'!G$8) | H28: =IF('Zoopl Count'!H48="","",'Zoopl Count'!H48*(2^'Zoopl Count'!H$9)/'Zoopl Count'!H$8) | I28: =IF('Zoopl Count'!I48="","",'Zoopl Count'!I48*(2^'Zoopl Count'!I$9)/'Zoopl Count'!I$8) | J28: =IF('Zoopl Count'!#REF!="","",'Zoopl Count'!#REF!*(2^'Zoopl Count'!#REF!)/'Zoopl Count'!#REF!) -> #REF! | K28: =IF('Zoopl Count'!#REF!="","",'Zoopl Count'!#REF!*(2^'Zoopl Count'!#REF!)/'Zoopl Count'!#REF!) -> #REF! | L28: =IF('Zoopl Count'!#REF!="","",'Zoopl Count'!#REF!*(2^'Zoopl Count'!#REF!)/'Zoopl Count'!#REF!) -> #REF!
G29: =IF('Zoopl Count'!G70="","",'Zoopl Count'!G70*(2^'Zoopl Count'!G$9)/'Zoopl Count'!G$8) | H29: =IF('Zoopl Count'!H70="","",'Zoopl Count'!H70*(2^'Zoopl Count'!H$9)/'Zoopl Count'!H$8) | I29: =IF('Zoopl Count'!I70="","",'Zoopl Count'!I70*(2^'Zoopl Count'!I$9)/'Zoopl Count'!I$8) | J29: =IF('Zoopl Count'!#REF!="","",'Zoopl Count'!#REF!*(2^'Zoopl Count'!#REF!)/'Zoopl Count'!#REF!) -> #REF! | K29: =IF('Zoopl Count'!#REF!="","",'Zoopl Count'!#REF!*(2^'Zoopl Count'!#REF!)/'Zoopl Count'!#REF!) -> #REF! | L29: =IF('Zoopl Count'!#REF!="","",'Zoopl Count'!#REF!*(2^'Zoopl Count'!#REF!)/'Zoopl Count'!#REF!) -> #REF! | M29: =IF('Zoopl Count'!#REF!="","",'Zoopl Count'!#REF!*(2^M$9)/M$8) -> #REF! | N29: =IF('Zoopl Count'!#REF!="","",'Zoopl Count'!#REF!*(2^N$9)/N$8) -> #REF!
G30: =IF('Zoopl Count'!G71="","",'Zoopl Count'!G71*(2^'Zoopl Count'!G$9)/'Zoopl Count'!G$8) | H30: =IF('Zoopl Count'!H71="","",'Zoopl Count'!H71*(2^'Zoopl Count'!H$9)/'Zoopl Count'!H$8) | I30: =IF('Zoopl Count'!I71="","",'Zoopl Count'!I71*(2^'Zoopl Count'!I$9)/'Zoopl Count'!I$8) | J30: =IF('Zoopl Count'!#REF!="","",'Zoopl Count'!#REF!*(2^'Zoopl Count'!#REF!)/'Zoopl Count'!#REF!) -> #REF! | K30: =IF('Zoopl Count'!#REF!="","",'Zoopl Count'!#REF!*(2^'Zoopl Count'!#REF!)/'Zoopl Count'!#REF!) -> #REF! | L30: =IF('Zoopl Count'!#REF!="","",'Zoopl Count'!#REF!*(2^'Zoopl Count'!#REF!)/'Zoopl Count'!#REF!) -> #REF!
A31: Cnidaria | F31: Siphonophore | G31: =IF('Zoopl Count'!G84="","",'Zoopl Count'!G84*(2^'Zoopl Count'!G$9)/'Zoopl Count'!G$8) -> 0.13037973 | H31: =IF('Zoopl Count'!H84="","",'Zoopl Count'!H84*(2^'Zoopl Count'!H$9)/'Zoopl Count'!H$8) | I31: =IF('Zoopl Count'!I84="","",'Zoopl Count'!I84*(2^'Zoopl Count'!I$9)/'Zoopl Count'!I$8) | J31: =IF('Zoopl Count'!#REF!="","",'Zoopl Count'!#REF!*(2^'Zoopl Count'!#REF!)/'Zoopl Count'!#REF!) -> #REF! | K31: =IF('Zoopl Count'!#REF!="","",'Zoopl Count'!#REF!*(2^'Zoopl Count'!#REF!)/'Zoopl Count'!#REF!) -> #REF! | L31: =IF('Zoopl Count'!#REF!="","",'Zoopl Count'!#REF!*(2^'Zoopl Count'!#REF!)/'Zoopl Count'!#REF!) -> #REF!
G32: =IF('Zoopl Count'!#REF!="","",'Zoopl Count'!#REF!*(2^'Zoopl Count'!G$9)/'Zoopl Count'!G$8) -> #REF! | H32: =IF('Zoopl Count'!#REF!="","",'Zoopl Count'!#REF!*(2^'Zoopl Count'!H$9)/'Zoopl Count'!H$8) -> #REF! | I32: =IF('Zoopl Count'!#REF!="","",'Zoopl Count'!#REF!*(2^'Zoopl Count'!I$9)/'Zoopl Count'!I$8) -> #REF! | J32: =IF('Zoopl Count'!#REF!="","",'Zoopl Count'!#REF!*(2^'Zoopl Count'!#REF!)/'Zoopl Count'!#REF!) -> #REF! | K32: =IF('Zoopl Count'!#REF!="","",'Zoopl Count'!#REF!*(2^'Zoopl Count'!#REF!)/'Zoopl Count'!#REF!) -> #REF! | L32: =IF('Zoopl Count'!#REF!="","",'Zoopl Count'!#REF!*(2^'Zoopl Count'!#REF!)/'Zoopl Count'!#REF!) -> #REF!
A33: Cnidaria | B33: Hydrozoa | F33: Liriope | G33: =IF('Zoopl Count'!#REF!="","",'Zoopl Count'!#REF!*(2^'Zoopl Count'!G$9)/'Zoopl Count'!G$8) -> #REF! | H33: =IF('Zoopl Count'!#REF!="","",'Zoopl Count'!#REF!*(2^'Zoopl Count'!H$9)/'Zoopl Count'!H$8) -> #REF! | I33: =IF('Zoopl Count'!#REF!="","",'Zoopl Count'!#REF!*(2^'Zoopl Count'!I$9)/'Zoopl Count'!I$8) -> #REF! | J33: =IF('Zoopl Count'!#REF!="","",'Zoopl Count'!#REF!*(2^'Zoopl Count'!#REF!)/'Zoopl Count'!#REF!) -> #REF! | K33: =IF('Zoopl Count'!#REF!="","",'Zoopl Count'!#REF!*(2^'Zoopl Count'!#REF!)/'Zoopl Count'!#REF!) -> #REF! | L33: =IF('Zoopl Count'!#REF!="","",'Zoopl Count'!#REF!*(2^'Zoopl Count'!#REF!)/'Zoopl Count'!#REF!) -> #REF!
A34: Cnidaria | B34: Hydrozoa | F34: Bassia | G34: =IF('Zoopl Count'!#REF!="","",'Zoopl Count'!#REF!*(2^'Zoopl Count'!G$9)/'Zoopl Count'!G$8) -> #REF! | H34: =IF('Zoopl Count'!#REF!="","",'Zoopl Count'!#REF!*(2^'Zoopl Count'!H$9)/'Zoopl Count'!H$8) -> #REF! | I34: =IF('Zoopl Count'!#REF!="","",'Zoopl Count'!#REF!*(2^'Zoopl Count'!I$9)/'Zoopl Count'!I$8) -> #REF! | J34: =IF('Zoopl Count'!#REF!="","",'Zoopl Count'!#REF!*(2^'Zoopl Count'!#REF!)/'Zoopl Count'!#REF!) -> #REF! | K34: =IF('Zoopl Count'!#REF!="","",'Zoopl Count'!#REF!*(2^'Zoopl Count'!#REF!)/'Zoopl Count'!#REF!) -> #REF! | L34: =IF('Zoopl Count'!#REF!="","",'Zoopl Count'!#REF!*(2^'Zoopl Count'!#REF!)/'Zoopl Count'!#REF!) -> #REF!
A35: Cnidaria | B35: Hydrozoa | F35: Cnidarian | G35: =IF('Zoopl Count'!#REF!="","",'Zoopl Count'!#REF!*(2^'Zoopl Count'!G$9)/'Zoopl Count'!G$8) -> #REF! | H35: =IF('Zoopl Count'!#REF!="","",'Zoopl Count'!#REF!*(2^'Zoopl Count'!H$9)/'Zoopl Count'!H$8) -> #REF! | I35: =IF('Zoopl Count'!#REF!="","",'Zoopl Count'!#REF!*(2^'Zoopl Count'!I$9)/'Zoopl Count'!I$8) -> #REF! | J35: =IF('Zoopl Count'!#REF!="","",'Zoopl Count'!#REF!*(2^'Zoopl Count'!#REF!)/'Zoopl Count'!#REF!) -> #REF! | K35: =IF('Zoopl Count'!#REF!="","",'Zoopl Count'!#REF!*(2^'Zoopl Count'!#REF!)/'Zoopl Count'!#REF!) -> #REF! | L35: =IF('Zoopl Count'!#REF!="","",'Zoopl Count'!#REF!*(2^'Zoopl Count'!#REF!)/'Zoopl Count'!#REF!) -> #REF!
G36: =IF('Zoopl Count'!G92="","",'Zoopl Count'!G92*(2^'Zoopl Count'!G$9)/'Zoopl Count'!G$8) | H36: =IF('Zoopl Count'!H92="","",'Zoopl Count'!H92*(2^'Zoopl Count'!H$9)/'Zoopl Count'!H$8) | I36: =IF('Zoopl Count'!I92="","",'Zoopl Count'!I92*(2^'Zoopl Count'!I$9)/'Zoopl Count'!I$8) | J36: =IF('Zoopl Count'!#REF!="","",'Zoopl Count'!#REF!*(2^'Zoopl Count'!#REF!)/'Zoopl Count'!#REF!) -> #REF! | K36: =IF('Zoopl Count'!#REF!="","",'Zoopl Count'!#REF!*(2^'Zoopl Count'!#REF!)/'Zoopl Count'!#REF!) -> #REF! | L36: =IF('Zoopl Count'!#REF!="","",'Zoopl Count'!#REF!*(2^'Zoopl Count'!#REF!)/'Zoopl Count'!#REF!) -> #REF!
G37: =IF('Zoopl Count'!G94="","",'Zoopl Count'!G94*(2^'Zoopl Count'!G$9)/'Zoopl Count'!G$8) | H37: =IF('Zoopl Count'!H94="","",'Zoopl Count'!H94*(2^'Zoopl Count'!H$9)/'Zoopl Count'!H$8) | I37: =IF('Zoopl Count'!I94="","",'Zoopl Count'!I94*(2^'Zoopl Count'!I$9)/'Zoopl Count'!I$8) | J37: =IF('Zoopl Count'!#REF!="","",'Zoopl Count'!#REF!*(2^'Zoopl Count'!#REF!)/'Zoopl Count'!#REF!) -> #REF! | K37: =IF('Zoopl Count'!#REF!="","",'Zoopl Count'!#REF!*(2^'Zoopl Count'!#REF!)/'Zoopl Count'!#REF!) -> #REF! | L37: =IF('Zoopl Count'!#REF!="","",'Zoopl Count'!#REF!*(2^'Zoopl Count'!#REF!)/'Zoopl Count'!#REF!) -> #REF!
A38: Ctenophora | F38: Other ctenophores | G38: =IF('Zoopl Count'!G95="","",'Zoopl Count'!G95*(2^'Zoopl Count'!G$9)/'Zoopl Count'!G$8) | H38: =IF('Zoopl Count'!H95="","",'Zoopl Count'!H95*(2^'Zoopl Count'!H$9)/'Zoopl Count'!H$8) | I38: =IF('Zoopl Count'!I95="","",'Zoopl Count'!I95*(2^'Zoopl Count'!I$9)/'Zoopl Count'!I$8) | J38: =IF('Zoopl Count'!#REF!="","",'Zoopl Count'!#REF!*(2^'Zoopl Count'!#REF!)/'Zoopl Count'!#REF!) -> #REF! | K38: =IF('Zoopl Count'!#REF!="","",'Zoopl Count'!#REF!*(2^'Zoopl Count'!#REF!)/'Zoopl Count'!#REF!) -> #REF! | L38: =IF('Zoopl Count'!#REF!="","",'Zoopl Count'!#REF!*(2^'Zoopl Count'!#REF!)/'Zoopl Count'!#REF!) -> #REF!
G39: =IF('Zoopl Count'!G96="","",'Zoopl Count'!G96*(2^'Zoopl Count'!G$9)/'Zoopl Count'!G$8) | H39: =IF('Zoopl Count'!H96="","",'Zoopl Count'!H96*(2^'Zoopl Count'!H$9)/'Zoopl Count'!H$8) | I39: =IF('Zoopl Count'!I96="","",'Zoopl Count'!I96*(2^'Zoopl Count'!I$9)/'Zoopl Count'!I$8) | J39: =IF('Zoopl Count'!#REF!="","",'Zoopl Count'!#REF!*(2^'Zoopl Count'!#REF!)/'Zoopl Count'!#REF!) -> #REF! | K39: =IF('Zoopl Count'!#REF!="","",'Zoopl Count'!#REF!*(2^'Zoopl Count'!#REF!)/'Zoopl Count'!#REF!) -> #REF! | L39: =IF('Zoopl Count'!#REF!="","",'Zoopl Count'!#REF!*(2^'Zoopl Count'!#REF!)/'Zoopl Count'!#REF!) -> #REF!
A40: Ctenophora | B40: Tentaculata | F40: Pleurobrachia | G40: =IF('Zoopl Count'!#REF!="","",'Zoopl Count'!#REF!*(2^'Zoopl Count'!G$9)/'Zoopl Count'!G$8) -> #REF! | H40: =IF('Zoopl Count'!#REF!="","",'Zoopl Count'!#REF!*(2^'Zoopl Count'!H$9)/'Zoopl Count'!H$8) -> #REF! | I40: =IF('Zoopl Count'!#REF!="","",'Zoopl Count'!#REF!*(2^'Zoopl Count'!I$9)/'Zoopl Count'!I$8) -> #REF! | J40: =IF('Zoopl Count'!#REF!="","",'Zoopl Count'!#REF!*(2^'Zoopl Count'!#REF!)/'Zoopl Count'!#REF!) -> #REF! | K40: =IF('Zoopl Count'!#REF!="","",'Zoopl Count'!#REF!*(2^'Zoopl Count'!#REF!)/'Zoopl Count'!#REF!) -> #REF! | L40: =IF('Zoopl Count'!#REF!="","",'Zoopl Count'!#REF!*(2^'Zoopl Count'!#REF!)/'Zoopl Count'!#REF!) -> #REF!
G41: =IF('Zoopl Count'!G103="","",'Zoopl Count'!G103*(2^'Zoopl Count'!G$9)/'Zoopl Count'!G$8) | H41: =IF('Zoopl Count'!H103="","",'Zoopl Count'!H103*(2^'Zoopl Count'!H$9)/'Zoopl Count'!H$8) | I41: =IF('Zoopl Count'!I103="","",'Zoopl Count'!I103*(2^'Zoopl Count'!I$9)/'Zoopl Count'!I$8) | J41: =IF('Zoopl Count'!#REF!="","",'Zoopl Count'!#REF!*(2^'Zoopl Count'!#REF!)/'Zoopl Count'!#REF!) -> #REF! | K41: =IF('Zoopl Count'!#REF!="","",'Zoopl Count'!#REF!*(2^'Zoopl Count'!#REF!)/'Zoopl Count'!#REF!) -> #REF! | L41: =IF('Zoopl Count'!#REF!="","",'Zoopl Count'!#REF!*(2^'Zoopl Count'!#REF!)/'Zoopl Count'!#REF!) -> #REF!
G42: =IF('Zoopl Count'!G105="","",'Zoopl Count'!G105*(2^'Zoopl Count'!G$9)/'Zoopl Count'!G$8) | H42: =IF('Zoopl Count'!H105="","",'Zoopl Count'!H105*(2^'Zoopl Count'!H$9)/'Zoopl Count'!H$8) | I42: =IF('Zoopl Count'!I105="","",'Zoopl Count'!I105*(2^'Zoopl Count'!I$9)/'Zoopl Count'!I$8) | J42: =IF('Zoopl Count'!#REF!="","",'Zoopl Count'!#REF!*(2^'Zoopl Count'!#REF!)/'Zoopl Count'!#REF!) -> #REF! | K42: =IF('Zoopl Count'!#REF!="","",'Zoopl Count'!#REF!*(2^'Zoopl Count'!#REF!)/'Zoopl Count'!#REF!) -> #REF! | L42: =IF('Zoopl Count'!#REF!="","",'Zoopl Count'!#REF!*(2^'Zoopl Count'!#REF!)/'Zoopl Count'!#REF!) -> #REF!
A43: Ctenophora | B43: Nuda | F43: Beroe | G43: =IF('Zoopl Count'!G106="","",'Zoopl Count'!G106*(2^'Zoopl Count'!G$9)/'Zoopl Count'!G$8) | H43: =IF('Zoopl Count'!H106="","",'Zoopl Count'!H106*(2^'Zoopl Count'!H$9)/'Zoopl Count'!H$8) | I43: =IF('Zoopl Count'!I106="","",'Zoopl Count'!I106*(2^'Zoopl Count'!I$9)/'Zoopl Count'!I$8) | J43: =IF('Zoopl Count'!#REF!="","",'Zoopl Count'!#REF!*(2^'Zoopl Count'!#REF!)/'Zoopl Count'!#REF!) -> #REF! | K43: =IF('Zoopl Count'!#REF!="","",'Zoopl Count'!#REF!*(2^'Zoopl Count'!#REF!)/'Zoopl Count'!#REF!) -> #REF! | L43: =IF('Zoopl Count'!#REF!="","",'Zoopl Count'!#REF!*(2^'Zoopl Count'!#REF!)/'Zoopl Count'!#REF!) -> #REF!
G44: =IF('Zoopl Count'!G109="","",'Zoopl Count'!G109*(2^'Zoopl Count'!G$9)/'Zoopl Count'!G$8) | H44: =IF('Zoopl Count'!H109="","",'Zoopl Count'!H109*(2^'Zoopl Count'!H$9)/'Zoopl Count'!H$8) | I44: =IF('Zoopl Count'!I109="","",'Zoopl Count'!I109*(2^'Zoopl Count'!I$9)/'Zoopl Count'!I$8) | J44: =IF('Zoopl Count'!#REF!="","",'Zoopl Count'!#REF!*(2^'Zoopl Count'!#REF!)/'Zoopl Count'!#REF!) -> #REF! | K44: =IF('Zoopl Count'!#REF!="","",'Zoopl Count'!#REF!*(2^'Zoopl Count'!#REF!)/'Zoopl Count'!#REF!) -> #REF! | L44: =IF('Zoopl Count'!#REF!="","",'Zoopl Count'!#REF!*(2^'Zoopl Count'!#REF!)/'Zoopl Count'!#REF!) -> #REF!
G45: =IF('Zoopl Count'!G110="","",'Zoopl Count'!G110*(2^'Zoopl Count'!G$9)/'Zoopl Count'!G$8) | H45: =IF('Zoopl Count'!H110="","",'Zoopl Count'!H110*(2^'Zoopl Count'!H$9)/'Zoopl Count'!H$8) | I45: =IF('Zoopl Count'!I110="","",'Zoopl Count'!I110*(2^'Zoopl Count'!I$9)/'Zoopl Count'!I$8) | J45: =IF('Zoopl Count'!#REF!="","",'Zoopl Count'!#REF!*(2^'Zoopl Count'!#REF!)/'Zoopl Count'!#REF!) -> #REF! | K45: =IF('Zoopl Count'!#REF!="","",'Zoopl Count'!#REF!*(2^'Zoopl Count'!#REF!)/'Zoopl Count'!#REF!) -> #REF! | L45: =IF('Zoopl Count'!#REF!="","",'Zoopl Count'!#REF!*(2^'Zoopl Count'!#REF!)/'Zoopl Count'!#REF!) -> #REF!
A46: Annelida | F46: Other annelids | G46: =IF('Zoopl Count'!G111="","",'Zoopl Count'!G111*(2^'Zoopl Count'!G$9)/'Zoopl Count'!G$8) | H46: =IF('Zoopl Count'!H111="","",'Zoopl Count'!H111*(2^'Zoopl Count'!H$9)/'Zoopl Count'!H$8) | I46: =IF('Zoopl Count'!I111="","",'Zoopl Count'!I111*(2^'Zoopl Count'!I$9)/'Zoopl Count'!I$8) | J46: =IF('Zoopl Count'!#REF!="","",'Zoopl Count'!#REF!*(2^'Zoopl Count'!#REF!)/'Zoopl Count'!#REF!) -> #REF! | K46: =IF('Zoopl Count'!#REF!="","",'Zoopl Count'!#REF!*(2^'Zoopl Count'!#REF!)/'Zoopl Count'!#REF!) -> #REF! | L46: =IF('Zoopl Count'!#REF!="","",'Zoopl Count'!#REF!*(2^'Zoopl Count'!#REF!)/'Zoopl Count'!#REF!) -> #REF!
G47: =IF('Zoopl Count'!G112="","",'Zoopl Count'!G112*(2^'Zoopl Count'!G$9)/'Zoopl Count'!G$8) | H47: =IF('Zoopl Count'!H112="","",'Zoopl Count'!H112*(2^'Zoopl Count'!H$9)/'Zoopl Count'!H$8) | I47: =IF('Zoopl Count'!I112="","",'Zoopl Count'!I112*(2^'Zoopl Count'!I$9)/'Zoopl Count'!I$8) | J47: =IF('Zoopl Count'!#REF!="","",'Zoopl Count'!#REF!*(2^'Zoopl Count'!#REF!)/'Zoopl Count'!#REF!) -> #REF! | K47: =IF('Zoopl Count'!#REF!="","",'Zoopl Count'!#REF!*(2^'Zoopl Count'!#REF!)/'Zoopl Count'!#REF!) -> #REF! | L47: =IF('Zoopl Count'!#REF!="","",'Zoopl Count'!#REF!*(2^'Zoopl Count'!#REF!)/'Zoopl Count'!#REF!) -> #REF!
A48: Annelida | B48: Polychaeta | F48: Tomopteris | G48: =IF('Zoopl Count'!G113="","",'Zoopl Count'!G113*(2^'Zoopl Count'!G$9)/'Zoopl Count'!G$8) -> 0.52151892 | H48: =IF('Zoopl Count'!H113="","",'Zoopl Count'!H113*(2^'Zoopl Count'!H$9)/'Zoopl Count'!H$8) -> 0.26075946 | I48: =IF('Zoopl Count'!I113="","",'Zoopl Count'!I113*(2^'Zoopl Count'!I$9)/'Zoopl Count'!I$8) -> 0.22816453 | J48: =IF('Zoopl Count'!#REF!="","",'Zoopl Count'!#REF!*(2^'Zoopl Count'!#REF!)/'Zoopl Count'!#REF!) -> #REF! | K48: =IF('Zoopl Count'!#REF!="","",'Zoopl Count'!#REF!*(2^'Zoopl Count'!#REF!)/'Zoopl Count'!#REF!) -> #REF! | L48: =IF('Zoopl Count'!#REF!="","",'Zoopl Count'!#REF!*(2^'Zoopl Count'!#REF!)/'Zoopl Count'!#REF!) -> #REF!
F49: Polychaete larvae | G49: =IF('Zoopl Count'!G117="","",'Zoopl Count'!G117*(2^'Zoopl Count'!G$9)/'Zoopl Count'!G$8) | H49: =IF('Zoopl Count'!H117="","",'Zoopl Count'!H117*(2^'Zoopl Count'!H$9)/'Zoopl Count'!H$8) | I49: =IF('Zoopl Count'!I117="","",'Zoopl Count'!I117*(2^'Zoopl Count'!I$9)/'Zoopl Count'!I$8) | J49: =IF('Zoopl Count'!#REF!="","",'Zoopl Count'!#REF!*(2^'Zoopl Count'!#REF!)/'Zoopl Count'!#REF!) -> #REF! | K49: =IF('Zoopl Count'!#REF!="","",'Zoopl Count'!#REF!*(2^'Zoopl Count'!#REF!)/'Zoopl Count'!#REF!) -> #REF! | L49: =IF('Zoopl Count'!#REF!="","",'Zoopl Count'!#REF!*(2^'Zoopl Count'!#REF!)/'Zoopl Count'!#REF!) -> #REF!
G50: =IF('Zoopl Count'!G119="","",'Zoopl Count'!G119*(2^'Zoopl Count'!G$9)/'Zoopl Count'!G$8) | H50: =IF('Zoopl Count'!H119="","",'Zoopl Count'!H119*(2^'Zoopl Count'!H$9)/'Zoopl Count'!H$8) | I50: =IF('Zoopl Count'!I119="","",'Zoopl Count'!I119*(2^'Zoopl Count'!I$9)/'Zoopl Count'!I$8) | J50: =IF('Zoopl Count'!#REF!="","",'Zoopl Count'!#REF!*(2^'Zoopl Count'!#REF!)/'Zoopl Count'!#REF!) -> #REF! | K50: =IF('Zoopl Count'!#REF!="","",'Zoopl Count'!#REF!*(2^'Zoopl Count'!#REF!)/'Zoopl Count'!#REF!) -> #REF! | L50: =IF('Zoopl Count'!#REF!="","",'Zoopl Count'!#REF!*(2^'Zoopl Count'!#REF!)/'Zoopl Count'!#REF!) -> #REF!
A51: Annelida | B51: Polychaeta | D51: Pectinariidae | F51: Pectinaria | G51: =IF('Zoopl Count'!G120="","",'Zoopl Count'!G120*(2^'Zoopl Count'!G$9)/'Zoopl Count'!G$8) | H51: =IF('Zoopl Count'!H120="","",'Zoopl Count'!H120*(2^'Zoopl Count'!H$9)/'Zoopl Count'!H$8) | I51: =IF('Zoopl Count'!I120="","",'Zoopl Count'!I120*(2^'Zoopl Count'!I$9)/'Zoopl Count'!I$8) | J51: =IF('Zoopl Count'!#REF!="","",'Zoopl Count'!#REF!*(2^'Zoopl Count'!#REF!)/'Zoopl Count'!#REF!) -> #REF! | K51: =IF('Zoopl Count'!#REF!="","",'Zoopl Count'!#REF!*(2^'Zoopl Count'!#REF!)/'Zoopl Count'!#REF!) -> #REF! | L51: =IF('Zoopl Count'!#REF!="","",'Zoopl Count'!#REF!*(2^'Zoopl Count'!#REF!)/'Zoopl Count'!#REF!) -> #REF!
G52: =IF('Zoopl Count'!G124="","",'Zoopl Count'!G124*(2^'Zoopl Count'!G$9)/'Zoopl Count'!G$8) | H52: =IF('Zoopl Count'!H124="","",'Zoopl Count'!H124*(2^'Zoopl Count'!H$9)/'Zoopl Count'!H$8) | I52: =IF('Zoopl Count'!I124="","",'Zoopl Count'!I124*(2^'Zoopl Count'!I$9)/'Zoopl Count'!I$8) | J52: =IF('Zoopl Count'!#REF!="","",'Zoopl Count'!#REF!*(2^'Zoopl Count'!#REF!)/'Zoopl Count'!#REF!) -> #REF! | K52: =IF('Zoopl Count'!#REF!="","",'Zoopl Count'!#REF!*(2^'Zoopl Count'!#REF!)/'Zoopl Count'!#REF!) -> #REF! | L52: =IF('Zoopl Count'!#REF!="","",'Zoopl Count'!#REF!*(2^'Zoopl Count'!#REF!)/'Zoopl Count'!#REF!) -> #REF!
G53: =IF('Zoopl Count'!G128="","",'Zoopl Count'!G128*(2^'Zoopl Count'!G$9)/'Zoopl Count'!G$8) | H53: =IF('Zoopl Count'!H128="","",'Zoopl Count'!H128*(2^'Zoopl Count'!H$9)/'Zoopl Count'!H$8) | I53: =IF('Zoopl Count'!I128="","",'Zoopl Count'!I128*(2^'Zoopl Count'!I$9)/'Zoopl Count'!I$8) | J53: =IF('Zoopl Count'!#REF!="","",'Zoopl Count'!#REF!*(2^'Zoopl Count'!#REF!)/'Zoopl Count'!#REF!) -> #REF! | K53: =IF('Zoopl Count'!#REF!="","",'Zoopl Count'!#REF!*(2^'Zoopl Count'!#REF!)/'Zoopl Count'!#REF!) -> #REF! | L53: =IF('Zoopl Count'!#REF!="","",'Zoopl Count'!#REF!*(2^'Zoopl Count'!#REF!)/'Zoopl Count'!#REF!) -> #REF!
G54: =IF('Zoopl Count'!G129="","",'Zoopl Count'!G129*(2^'Zoopl Count'!G$9)/'Zoopl Count'!G$8) | H54: =IF('Zoopl Count'!H129="","",'Zoopl Count'!H129*(2^'Zoopl Count'!H$9)/'Zoopl Count'!H$8) | I54: =IF('Zoopl Count'!I129="","",'Zoopl Count'!I129*(2^'Zoopl Count'!I$9)/'Zoopl Count'!I$8) | J54: =IF('Zoopl Count'!#REF!="","",'Zoopl Count'!#REF!*(2^'Zoopl Count'!#REF!)/'Zoopl Count'!#REF!) -> #REF! | K54: =IF('Zoopl Count'!#REF!="","",'Zoopl Count'!#REF!*(2^'Zoopl Count'!#REF!)/'Zoopl Count'!#REF!) -> #REF! | L54: =IF('Zoopl Count'!#REF!="","",'Zoopl Count'!#REF!*(2^'Zoopl Count'!#REF!)/'Zoopl Count'!#REF!) -> #REF!
A55: Arthropoda | B55: Branchiopoda | F55: Other branchiopods | G55: =IF('Zoopl Count'!G130="","",'Zoopl Count'!G130*(2^'Zoopl Count'!G$9)/'Zoopl Count'!G$8) | H55: =IF('Zoopl Count'!H130="","",'Zoopl Count'!H130*(2^'Zoopl Count'!H$9)/'Zoopl Count'!H$8) | I55: =IF('Zoopl Count'!I130="","",'Zoopl Count'!I130*(2^'Zoopl Count'!I$9)/'Zoopl Count'!I$8) | J55: =IF('Zoopl Count'!#REF!="","",'Zoopl Count'!#REF!*(2^'Zoopl Count'!#REF!)/'Zoopl Count'!#REF!) -> #REF! | K55: =IF('Zoopl Count'!#REF!="","",'Zoopl Count'!#REF!*(2^'Zoopl Count'!#REF!)/'Zoopl Count'!#REF!) -> #REF! | L55: =IF('Zoopl Count'!#REF!="","",'Zoopl Count'!#REF!*(2^'Zoopl Count'!#REF!)/'Zoopl Count'!#REF!) -> #REF!
G56: =IF('Zoopl Count'!G131="","",'Zoopl Count'!G131*(2^'Zoopl Count'!G$9)/'Zoopl Count'!G$8) | H56: =IF('Zoopl Count'!H131="","",'Zoopl Count'!H131*(2^'Zoopl Count'!H$9)/'Zoopl Count'!H$8) | I56: =IF('Zoopl Count'!I131="","",'Zoopl Count'!I131*(2^'Zoopl Count'!I$9)/'Zoopl Count'!I$8) | J56: =IF('Zoopl Count'!#REF!="","",'Zoopl Count'!#REF!*(2^'Zoopl Count'!#REF!)/'Zoopl Count'!#REF!) -> #REF! | K56: =IF('Zoopl Count'!#REF!="","",'Zoopl Count'!#REF!*(2^'Zoopl Count'!#REF!)/'Zoopl Count'!#REF!) -> #REF! | L56: =IF('Zoopl Count'!#REF!="","",'Zoopl Count'!#REF!*(2^'Zoopl Count'!#REF!)/'Zoopl Count'!#REF!) -> #REF!
G57: =IF('Zoopl Count'!G132="","",'Zoopl Count'!G132*(2^'Zoopl Count'!G$9)/'Zoopl Count'!G$8) | H57: =IF('Zoopl Count'!H132="","",'Zoopl Count'!H132*(2^'Zoopl Count'!H$9)/'Zoopl Count'!H$8) | I57: =IF('Zoopl Count'!I132="","",'Zoopl Count'!I132*(2^'Zoopl Count'!I$9)/'Zoopl Count'!I$8) | J57: =IF('Zoopl Count'!#REF!="","",'Zoopl Count'!#REF!*(2^'Zoopl Count'!#REF!)/'Zoopl Count'!#REF!) -> #REF! | K57: =IF('Zoopl Count'!#REF!="","",'Zoopl Count'!#REF!*(2^'Zoopl Count'!#REF!)/'Zoopl Count'!#REF!) -> #REF! | L57: =IF('Zoopl Count'!#REF!="","",'Zoopl Count'!#REF!*(2^'Zoopl Count'!#REF!)/'Zoopl Count'!#REF!) -> #REF!
A58: Arthropoda | B58: Branchiopoda | C58: Diplostraca | D58: Podonidae | F58: Evadne | G58: =IF('Zoopl Count'!G133="","",'Zoopl Count'!G133*(2^'Zoopl Count'!G$9)/'Zoopl Count'!G$8) | H58: =IF('Zoopl Count'!H133="","",'Zoopl Count'!H133*(2^'Zoopl Count'!H$9)/'Zoopl Count'!H$8) | I58: =IF('Zoopl Count'!I133="","",'Zoopl Count'!I133*(2^'Zoopl Count'!I$9)/'Zoopl Count'!I$8) | J58: =IF('Zoopl Count'!#REF!="","",'Zoopl Count'!#REF!*(2^'Zoopl Count'!#REF!)/'Zoopl Count'!#REF!) -> #REF! | K58: =IF('Zoopl Count'!#REF!="","",'Zoopl Count'!#REF!*(2^'Zoopl Count'!#REF!)/'Zoopl Count'!#REF!) -> #REF! | L58: =IF('Zoopl Count'!#REF!="","",'Zoopl Count'!#REF!*(2^'Zoopl Count'!#REF!)/'Zoopl Count'!#REF!) -> #REF!
A59: Arthropoda | B59: Branchiopoda | C59: Diplostraca | D59: Podonidae | F59: Podon | G59: =IF('Zoopl Count'!G134="","",'Zoopl Count'!G134*(2^'Zoopl Count'!G$9)/'Zoopl Count'!G$8) | H59: =IF('Zoopl Count'!H134="","",'Zoopl Count'!H134*(2^'Zoopl Count'!H$9)/'Zoopl Count'!H$8) | I59: =IF('Zoopl Count'!I134="","",'Zoopl Count'!I134*(2^'Zoopl Count'!I$9)/'Zoopl Count'!I$8) | J59: =IF('Zoopl Count'!#REF!="","",'Zoopl Count'!#REF!*(2^'Zoopl Count'!#REF!)/'Zoopl Count'!#REF!) -> #REF! | K59: =IF('Zoopl Count'!#REF!="","",'Zoopl Count'!#REF!*(2^'Zoopl Count'!#REF!)/'Zoopl Count'!#REF!) -> #REF! | L59: =IF('Zoopl Count'!#REF!="","",'Zoopl Count'!#REF!*(2^'Zoopl Count'!#REF!)/'Zoopl Count'!#REF!) -> #REF!
G60: =IF('Zoopl Count'!G137="","",'Zoopl Count'!G137*(2^'Zoopl Count'!G$9)/'Zoopl Count'!G$8) | H60: =IF('Zoopl Count'!H137="","",'Zoopl Count'!H137*(2^'Zoopl Count'!H$9)/'Zoopl Count'!H$8) | I60: =IF('Zoopl Count'!I137="","",'Zoopl Count'!I137*(2^'Zoopl Count'!I$9)/'Zoopl Count'!I$8) | J60: =IF('Zoopl Count'!#REF!="","",'Zoopl Count'!#REF!*(2^'Zoopl Count'!#REF!)/'Zoopl Count'!#REF!) -> #REF! | K60: =IF('Zoopl Count'!#REF!="","",'Zoopl Count'!#REF!*(2^'Zoopl Count'!#REF!)/'Zoopl Count'!#REF!) -> #REF! | L60: =IF('Zoopl Count'!#REF!="","",'Zoopl Count'!#REF!*(2^'Zoopl Count'!#REF!)/'Zoopl Count'!#REF!) -> #REF!
A61: Arthropoda | B61: Branchiopoda | C61: Diplostraca | D61: Sididae | F61: Penilia | G61: =IF('Zoopl Count'!G138="","",'Zoopl Count'!G138*(2^'Zoopl Count'!G$9)/'Zoopl Count'!G$8) | H61: =IF('Zoopl Count'!H138="","",'Zoopl Count'!H138*(2^'Zoopl Count'!H$9)/'Zoopl Count'!H$8) | I61: =IF('Zoopl Count'!I138="","",'Zoopl Count'!I138*(2^'Zoopl Count'!I$9)/'Zoopl Count'!I$8) | J61: =IF('Zoopl Count'!#REF!="","",'Zoopl Count'!#REF!*(2^'Zoopl Count'!#REF!)/'Zoopl Count'!#REF!) -> #REF! | K61: =IF('Zoopl Count'!#REF!="","",'Zoopl Count'!#REF!*(2^'Zoopl Count'!#REF!)/'Zoopl Count'!#REF!) -> #REF! | L61: =IF('Zoopl Count'!#REF!="","",'Zoopl Count'!#REF!*(2^'Zoopl Count'!#REF!)/'Zoopl Count'!#REF!) -> #REF!
G62: =IF('Zoopl Count'!G139="","",'Zoopl Count'!G139*(2^'Zoopl Count'!G$9)/'Zoopl Count'!G$8) | H62: =IF('Zoopl Count'!H139="","",'Zoopl Count'!H139*(2^'Zoopl Count'!H$9)/'Zoopl Count'!H$8) | I62: =IF('Zoopl Count'!I139="","",'Zoopl Count'!I139*(2^'Zoopl Count'!I$9)/'Zoopl Count'!I$8) | J62: =IF('Zoopl Count'!#REF!="","",'Zoopl Count'!#REF!*(2^'Zoopl Count'!#REF!)/'Zoopl Count'!#REF!) -> #REF! | K62: =IF('Zoopl Count'!#REF!="","",'Zoopl Count'!#REF!*(2^'Zoopl Count'!#REF!)/'Zoopl Count'!#REF!) -> #REF! | L62: =IF('Zoopl Count'!#REF!="","",'Zoopl Count'!#REF!*(2^'Zoopl Count'!#REF!)/'Zoopl Count'!#REF!) -> #REF!
G63: =IF('Zoopl Count'!G140="","",'Zoopl Count'!G140*(2^'Zoopl Count'!G$9)/'Zoopl Count'!G$8) | H63: =IF('Zoopl Count'!H140="","",'Zoopl Count'!H140*(2^'Zoopl Count'!H$9)/'Zoopl Count'!H$8) | I63: =IF('Zoopl Count'!I140="","",'Zoopl Count'!I140*(2^'Zoopl Count'!I$9)/'Zoopl Count'!I$8) | J63: =IF('Zoopl Count'!#REF!="","",'Zoopl Count'!#REF!*(2^'Zoopl Count'!#REF!)/'Zoopl Count'!#REF!) -> #REF! | K63: =IF('Zoopl Count'!#REF!="","",'Zoopl Count'!#REF!*(2^'Zoopl Count'!#REF!)/'Zoopl Count'!#REF!) -> #REF! | L63: =IF('Zoopl Count'!#REF!="","",'Zoopl Count'!#REF!*(2^'Zoopl Count'!#REF!)/'Zoopl Count'!#REF!) -> #REF!
A64: Arthropoda | B64: Ostracoda | F64: Other ostracods | G64: =IF('Zoopl Count'!G141="","",'Zoopl Count'!G141*(2^'Zoopl Count'!G$9)/'Zoopl Count'!G$8) | H64: =IF('Zoopl Count'!H141="","",'Zoopl Count'!H141*(2^'Zoopl Count'!H$9)/'Zoopl Count'!H$8) | I64: =IF('Zoopl Count'!I141="","",'Zoopl Count'!I141*(2^'Zoopl Count'!I$9)/'Zoopl Count'!I$8) | J64: =IF('Zoopl Count'!#REF!="","",'Zoopl Count'!#REF!*(2^'Zoopl Count'!#REF!)/'Zoopl Count'!#REF!) -> #REF! | K64: =IF('Zoopl Count'!#REF!="","",'Zoopl Count'!#REF!*(2^'Zoopl Count'!#REF!)/'Zoopl Count'!#REF!) -> #REF! | L64: =IF('Zoopl Count'!#REF!="","",'Zoopl Count'!#REF!*(2^'Zoopl Count'!#REF!)/'Zoopl Count'!#REF!) -> #REF!
G65: =IF('Zoopl Count'!G145="","",'Zoopl Count'!G145*(2^'Zoopl Count'!G$9)/'Zoopl Count'!G$8) | H65: =IF('Zoopl Count'!H145="","",'Zoopl Count'!H145*(2^'Zoopl Count'!H$9)/'Zoopl Count'!H$8) | I65: =IF('Zoopl Count'!I145="","",'Zoopl Count'!I145*(2^'Zoopl Count'!I$9)/'Zoopl Count'!I$8) | J65: =IF('Zoopl Count'!#REF!="","",'Zoopl Count'!#REF!*(2^'Zoopl Count'!#REF!)/'Zoopl Count'!#REF!) -> #REF! | K65: =IF('Zoopl Count'!#REF!="","",'Zoopl Count'!#REF!*(2^'Zoopl Count'!#REF!)/'Zoopl Count'!#REF!) -> #REF! | L65: =IF('Zoopl Count'!#REF!="","",'Zoopl Count'!#REF!*(2^'Zoopl Count'!#REF!)/'Zoopl Count'!#REF!) -> #REF!
G66: =IF('Zoopl Count'!G146="","",'Zoopl Count'!G146*(2^'Zoopl Count'!G$9)/'Zoopl Count'!G$8) | H66: =IF('Zoopl Count'!H146="","",'Zoopl Count'!H146*(2^'Zoopl Count'!H$9)/'Zoopl Count'!H$8) | I66: =IF('Zoopl Count'!I146="","",'Zoopl Count'!I146*(2^'Zoopl Count'!I$9)/'Zoopl Count'!I$8) | J66: =IF('Zoopl Count'!#REF!="","",'Zoopl Count'!#REF!*(2^'Zoopl Count'!#REF!)/'Zoopl Count'!#REF!) -> #REF! | K66: =IF('Zoopl Count'!#REF!="","",'Zoopl Count'!#REF!*(2^'Zoopl Count'!#REF!)/'Zoopl Count'!#REF!) -> #REF! | L66: =IF('Zoopl Count'!#REF!="","",'Zoopl Count'!#REF!*(2^'Zoopl Count'!#REF!)/'Zoopl Count'!#REF!) -> #REF!
A67: Arthropoda | B67: Ostracoda | C67: Myodocopida | D67: Cypridinidae | F67: Pyrocypris | G67: =IF('Zoopl Count'!G147="","",'Zoopl Count'!G147*(2^'Zoopl Count'!G$9)/'Zoopl Count'!G$8) | H67: =IF('Zoopl Count'!H147="","",'Zoopl Count'!H147*(2^'Zoopl Count'!H$9)/'Zoopl Count'!H$8) -> 0.19556959 | I67: =IF('Zoopl Count'!I147="","",'Zoopl Count'!I147*(2^'Zoopl Count'!I$9)/'Zoopl Count'!I$8) -> 0.065189865 | J67: =IF('Zoopl Count'!#REF!="","",'Zoopl Count'!#REF!*(2^'Zoopl Count'!#REF!)/'Zoopl Count'!#REF!) -> #REF! | K67: =IF('Zoopl Count'!#REF!="","",'Zoopl Count'!#REF!*(2^'Zoopl Count'!#REF!)/'Zoopl Count'!#REF!) -> #REF! | L67: =IF('Zoopl Count'!#REF!="","",'Zoopl Count'!#REF!*(2^'Zoopl Count'!#REF!)/'Zoopl Count'!#REF!) -> #REF!
G68: =IF('Zoopl Count'!G148="","",'Zoopl Count'!G148*(2^'Zoopl Count'!G$9)/'Zoopl Count'!G$8) | H68: =IF('Zoopl Count'!H148="","",'Zoopl Count'!H148*(2^'Zoopl Count'!H$9)/'Zoopl Count'!H$8) | I68: =IF('Zoopl Count'!I148="","",'Zoopl Count'!I148*(2^'Zoopl Count'!I$9)/'Zoopl Count'!I$8) | J68: =IF('Zoopl Count'!#REF!="","",'Zoopl Count'!#REF!*(2^'Zoopl Count'!#REF!)/'Zoopl Count'!#REF!) -> #REF! | K68: =IF('Zoopl Count'!#REF!="","",'Zoopl Count'!#REF!*(2^'Zoopl Count'!#REF!)/'Zoopl Count'!#REF!) -> #REF! | L68: =IF('Zoopl Count'!#REF!="","",'Zoopl Count'!#REF!*(2^'Zoopl Count'!#REF!)/'Zoopl Count'!#REF!) -> #REF!
G69: =IF('Zoopl Count'!G149="","",'Zoopl Count'!G149*(2^'Zoopl Count'!G$9)/'Zoopl Count'!G$8) | H69: =IF('Zoopl Count'!H149="","",'Zoopl Count'!H149*(2^'Zoopl Count'!H$9)/'Zoopl Count'!H$8) | I69: =IF('Zoopl Count'!I149="","",'Zoopl Count'!I149*(2^'Zoopl Count'!I$9)/'Zoopl Count'!I$8) | J69: =IF('Zoopl Count'!#REF!="","",'Zoopl Count'!#REF!*(2^'Zoopl Count'!#REF!)/'Zoopl Count'!#REF!) -> #REF! | K69: =IF('Zoopl Count'!#REF!="","",'Zoopl Count'!#REF!*(2^'Zoopl Count'!#REF!)/'Zoopl Count'!#REF!) -> #REF! | L69: =IF('Zoopl Count'!#REF!="","",'Zoopl Count'!#REF!*(2^'Zoopl Count'!#REF!)/'Zoopl Count'!#REF!) -> #REF!
G70: =IF('Zoopl Count'!G150="","",'Zoopl Count'!G150*(2^'Zoopl Count'!G$9)/'Zoopl Count'!G$8) | H70: =IF('Zoopl Count'!H150="","",'Zoopl Count'!H150*(2^'Zoopl Count'!H$9)/'Zoopl Count'!H$8) | I70: =IF('Zoopl Count'!I150="","",'Zoopl Count'!I150*(2^'Zoopl Count'!I$9)/'Zoopl Count'!I$8) | J70: =IF('Zoopl Count'!#REF!="","",'Zoopl Count'!#REF!*(2^'Zoopl Count'!#REF!)/'Zoopl Count'!#REF!) -> #REF! | K70: =IF('Zoopl Count'!#REF!="","",'Zoopl Count'!#REF!*(2^'Zoopl Count'!#REF!)/'Zoopl Count'!#REF!) -> #REF! | L70: =IF('Zoopl Count'!#REF!="","",'Zoopl Count'!#REF!*(2^'Zoopl Count'!#REF!)/'Zoopl Count'!#REF!) -> #REF!
A71: Arthropoda | B71: Copepoda | F71: Copepod egg sac | G71: =IF('Zoopl Count'!G151="","",'Zoopl Count'!G151*(2^'Zoopl Count'!G$9)/'Zoopl Count'!G$8) | H71: =IF('Zoopl Count'!H151="","",'Zoopl Count'!H151*(2^'Zoopl Count'!H$9)/'Zoopl Count'!H$8) | I71: =IF('Zoopl Count'!I151="","",'Zoopl Count'!I151*(2^'Zoopl Count'!I$9)/'Zoopl Count'!I$8) | J71: =IF('Zoopl Count'!#REF!="","",'Zoopl Count'!#REF!*(2^'Zoopl Count'!#REF!)/'Zoopl Count'!#REF!) -> #REF! | K71: =IF('Zoopl Count'!#REF!="","",'Zoopl Count'!#REF!*(2^'Zoopl Count'!#REF!)/'Zoopl Count'!#REF!) -> #REF! | L71: =IF('Zoopl Count'!#REF!="","",'Zoopl Count'!#REF!*(2^'Zoopl Count'!#REF!)/'Zoopl Count'!#REF!) -> #REF!
A72: Arthropoda | B72: Copepoda | F72: Copepod nauplii | G72: =IF('Zoopl Count'!G152="","",'Zoopl Count'!G152*(2^'Zoopl Count'!G$9)/'Zoopl Count'!G$8) | H72: =IF('Zoopl Count'!H152="","",'Zoopl Count'!H152*(2^'Zoopl Count'!H$9)/'Zoopl Count'!H$8) | I72: =IF('Zoopl Count'!I152="","",'Zoopl Count'!I152*(2^'Zoopl Count'!I$9)/'Zoopl Count'!I$8) | J72: =IF('Zoopl Count'!#REF!="","",'Zoopl Count'!#REF!*(2^'Zoopl Count'!#REF!)/'Zoopl Count'!#REF!) -> #REF! | K72: =IF('Zoopl Count'!#REF!="","",'Zoopl Count'!#REF!*(2^'Zoopl Count'!#REF!)/'Zoopl Count'!#REF!) -> #REF! | L72: =IF('Zoopl Count'!#REF!="","",'Zoopl Count'!#REF!*(2^'Zoopl Count'!#REF!)/'Zoopl Count'!#REF!) -> #REF!
G73: =IF('Zoopl Count'!G153="","",'Zoopl Count'!G153*(2^'Zoopl Count'!G$9)/'Zoopl Count'!G$8) | H73: =IF('Zoopl Count'!H153="","",'Zoopl Count'!H153*(2^'Zoopl Count'!H$9)/'Zoopl Count'!H$8) | I73: =IF('Zoopl Count'!I153="","",'Zoopl Count'!I153*(2^'Zoopl Count'!I$9)/'Zoopl Count'!I$8) | J73: =IF('Zoopl Count'!#REF!="","",'Zoopl Count'!#REF!*(2^'Zoopl Count'!#REF!)/'Zoopl Count'!#REF!) -> #REF! | K73: =IF('Zoopl Count'!#REF!="","",'Zoopl Count'!#REF!*(2^'Zoopl Count'!#REF!)/'Zoopl Count'!#REF!) -> #REF! | L73: =IF('Zoopl Count'!#REF!="","",'Zoopl Count'!#REF!*(2^'Zoopl Count'!#REF!)/'Zoopl Count'!#REF!) -> #REF!
G74: =IF('Zoopl Count'!G154="","",'Zoopl Count'!G154*(2^'Zoopl Count'!G$9)/'Zoopl Count'!G$8) | H74: =IF('Zoopl Count'!H154="","",'Zoopl Count'!H154*(2^'Zoopl Count'!H$9)/'Zoopl Count'!H$8) | I74: =IF('Zoopl Count'!I154="","",'Zoopl Count'!I154*(2^'Zoopl Count'!I$9)/'Zoopl Count'!I$8) | J74: =IF('Zoopl Count'!#REF!="","",'Zoopl Count'!#REF!*(2^'Zoopl Count'!#REF!)/'Zoopl Count'!#REF!) -> #REF! | K74: =IF('Zoopl Count'!#REF!="","",'Zoopl Count'!#REF!*(2^'Zoopl Count'!#REF!)/'Zoopl Count'!#REF!) -> #REF! | L74: =IF('Zoopl Count'!#REF!="","",'Zoopl Count'!#REF!*(2^'Zoopl Count'!#REF!)/'Zoopl Count'!#REF!) -> #REF!
